job_id,skill
AI00001,Tableau
AI00001,PyTorch
AI00001,Kubernetes
AI00001,Linux
AI00001,NLP
AI00002,Deep Learning
AI00002,AWS
AI00002,Mathematics
AI00002,Python
AI00002,Docker
AI00003,Kubernetes
AI00003,Deep Learning
AI00003,Java
AI00003,Hadoop
AI00003,NLP
AI00004,Scala
AI00004,SQL
AI00004,Linux
AI00004,Python
AI00005,MLOps
AI00005,Java
AI00005,Tableau
AI00005,Python
AI00006,Data Visualization
AI00006,R
AI00006,SQL
AI00006,Linux
AI00007,R
AI00007,Docker
AI00007,MLOps
AI00008,Python
AI00008,SQL
AI00008,Computer Vision
AI00008,Java
AI00008,Azure
AI00009,Hadoop
AI00009,Git
AI00009,Mathematics
AI00009,Python
AI00010,MLOps
AI00010,GCP
AI00010,Scala
AI00010,Azure
AI00010,Linux
AI00011,MLOps
AI00011,Python
AI00011,SQL
AI00012,R
AI00012,Data Visualization
AI00012,Python
AI00012,Azure
AI00013,Tableau
AI00013,Python
AI00013,TensorFlow
AI00014,Scala
AI00014,SQL
AI00014,Statistics
AI00015,PyTorch
AI00015,Python
AI00015,Data Visualization
AI00015,GCP
AI00016,Linux
AI00016,Statistics
AI00016,Deep Learning
AI00017,Tableau
AI00017,NLP
AI00017,Spark
AI00018,MLOps
AI00018,PyTorch
AI00018,Azure
AI00019,Git
AI00019,Hadoop
AI00019,R
AI00019,Python
AI00019,Spark
AI00020,Java
AI00020,Scala
AI00020,NLP
AI00020,Docker
AI00020,Computer Vision
AI00021,Deep Learning
AI00021,AWS
AI00021,Azure
AI00022,Tableau
AI00022,Spark
AI00022,NLP
AI00022,TensorFlow
AI00022,PyTorch
AI00023,Hadoop
AI00023,Git
AI00023,Tableau
AI00024,Git
AI00024,Hadoop
AI00024,Docker
AI00025,AWS
AI00025,Azure
AI00025,Git
AI00025,SQL
AI00025,Computer Vision
AI00026,Linux
AI00026,Git
AI00026,Tableau
AI00026,Kubernetes
AI00026,Data Visualization
AI00027,Hadoop
AI00027,Linux
AI00027,Git
AI00027,Scala
AI00028,Mathematics
AI00028,Kubernetes
AI00028,TensorFlow
AI00028,Tableau
AI00028,PyTorch
AI00029,Python
AI00029,Scala
AI00029,NLP
AI00029,Mathematics
AI00029,Git
AI00030,Azure
AI00030,Python
AI00030,Computer Vision
AI00030,Kubernetes
AI00030,TensorFlow
AI00031,Deep Learning
AI00031,GCP
AI00031,AWS
AI00031,Linux
AI00031,Tableau
AI00032,Azure
AI00032,Python
AI00032,Spark
AI00033,NLP
AI00033,Scala
AI00033,Python
AI00034,Tableau
AI00034,Azure
AI00034,GCP
AI00034,Linux
AI00034,Python
AI00035,R
AI00035,GCP
AI00035,MLOps
AI00035,Linux
AI00036,Git
AI00036,Hadoop
AI00036,Data Visualization
AI00037,Data Visualization
AI00037,Tableau
AI00037,AWS
AI00037,Mathematics
AI00037,Python
AI00038,Linux
AI00038,PyTorch
AI00038,SQL
AI00038,Statistics
AI00039,Tableau
AI00039,Docker
AI00039,GCP
AI00040,Computer Vision
AI00040,Azure
AI00040,Tableau
AI00041,Data Visualization
AI00041,Azure
AI00041,Spark
AI00041,MLOps
AI00042,Java
AI00042,Mathematics
AI00042,SQL
AI00043,Spark
AI00043,Mathematics
AI00043,GCP
AI00044,Hadoop
AI00044,Docker
AI00044,Python
AI00044,Azure
AI00045,Docker
AI00045,R
AI00045,Linux
AI00046,Data Visualization
AI00046,Statistics
AI00046,R
AI00047,Scala
AI00047,Java
AI00047,Tableau
AI00048,Java
AI00048,Azure
AI00048,GCP
AI00049,Deep Learning
AI00049,Git
AI00049,Data Visualization
AI00049,Linux
AI00049,Java
AI00050,Hadoop
AI00050,AWS
AI00050,Linux
AI00050,Docker
AI00050,Statistics
AI00051,Deep Learning
AI00051,SQL
AI00051,Mathematics
AI00052,Linux
AI00052,R
AI00052,Azure
AI00052,Mathematics
AI00052,Git
AI00053,Docker
AI00053,Tableau
AI00053,Mathematics
AI00054,R
AI00054,PyTorch
AI00054,Kubernetes
AI00054,Computer Vision
AI00055,Python
AI00055,Tableau
AI00055,TensorFlow
AI00055,AWS
AI00056,Azure
AI00056,Kubernetes
AI00056,TensorFlow
AI00056,Statistics
AI00056,Spark
AI00057,Python
AI00057,Docker
AI00057,GCP
AI00057,Scala
AI00058,Git
AI00058,Linux
AI00058,Python
AI00058,TensorFlow
AI00058,Mathematics
AI00059,PyTorch
AI00059,Computer Vision
AI00059,R
AI00060,R
AI00060,Spark
AI00060,AWS
AI00061,Tableau
AI00061,NLP
AI00061,Azure
AI00061,Statistics
AI00061,PyTorch
AI00062,TensorFlow
AI00062,Azure
AI00062,Computer Vision
AI00062,Data Visualization
AI00063,TensorFlow
AI00063,Scala
AI00063,Docker
AI00063,Statistics
AI00064,Java
AI00064,R
AI00064,Deep Learning
AI00064,NLP
AI00064,Azure
AI00065,Java
AI00065,Git
AI00065,Deep Learning
AI00066,Mathematics
AI00066,Spark
AI00066,Python
AI00066,AWS
AI00067,SQL
AI00067,Java
AI00067,MLOps
AI00067,Linux
AI00067,PyTorch
AI00068,Python
AI00068,Scala
AI00068,Statistics
AI00068,Git
AI00069,Hadoop
AI00069,Python
AI00069,Kubernetes
AI00069,Azure
AI00070,MLOps
AI00070,Kubernetes
AI00070,Git
AI00070,Python
AI00071,AWS
AI00071,Kubernetes
AI00071,Azure
AI00072,PyTorch
AI00072,Kubernetes
AI00072,Git
AI00072,SQL
AI00073,NLP
AI00073,Azure
AI00073,Statistics
AI00073,Spark
AI00073,Mathematics
AI00074,Linux
AI00074,R
AI00074,Tableau
AI00075,Scala
AI00075,R
AI00075,Tableau
AI00075,Data Visualization
AI00076,Mathematics
AI00076,Kubernetes
AI00076,Spark
AI00077,Kubernetes
AI00077,Spark
AI00077,Statistics
AI00077,Scala
AI00078,MLOps
AI00078,SQL
AI00078,Statistics
AI00079,Scala
AI00079,MLOps
AI00079,NLP
AI00080,PyTorch
AI00080,Linux
AI00080,SQL
AI00081,Git
AI00081,Kubernetes
AI00081,TensorFlow
AI00081,R
AI00081,Java
AI00082,R
AI00082,Tableau
AI00082,SQL
AI00082,MLOps
AI00082,Docker
AI00083,NLP
AI00083,Azure
AI00083,Spark
AI00083,Data Visualization
AI00084,Java
AI00084,SQL
AI00084,Spark
AI00084,Tableau
AI00084,Azure
AI00085,Docker
AI00085,Python
AI00085,Git
AI00085,Kubernetes
AI00085,Java
AI00086,Git
AI00086,MLOps
AI00086,Hadoop
AI00086,Python
AI00086,Spark
AI00087,SQL
AI00087,Kubernetes
AI00087,Docker
AI00088,R
AI00088,NLP
AI00088,SQL
AI00088,GCP
AI00089,Spark
AI00089,SQL
AI00089,Python
AI00089,Mathematics
AI00089,Linux
AI00090,PyTorch
AI00090,Hadoop
AI00090,Scala
AI00090,Computer Vision
AI00091,Hadoop
AI00091,Spark
AI00091,Kubernetes
AI00091,Python
AI00092,Hadoop
AI00092,Python
AI00092,TensorFlow
AI00092,R
AI00092,Statistics
AI00093,Computer Vision
AI00093,PyTorch
AI00093,GCP
AI00093,Linux
AI00094,Java
AI00094,Hadoop
AI00094,Mathematics
AI00095,Linux
AI00095,R
AI00095,NLP
AI00095,PyTorch
AI00095,Git
AI00096,Statistics
AI00096,Python
AI00096,TensorFlow
AI00096,PyTorch
AI00096,Git
AI00097,Kubernetes
AI00097,Scala
AI00097,Java
AI00098,Deep Learning
AI00098,Statistics
AI00098,Computer Vision
AI00098,TensorFlow
AI00098,Mathematics
AI00099,Python
AI00099,AWS
AI00099,Kubernetes
AI00099,Deep Learning
AI00100,AWS
AI00100,Kubernetes
AI00100,Docker
AI00100,Mathematics
AI00100,MLOps
AI00101,Scala
AI00101,Git
AI00101,Java
AI00102,Azure
AI00102,AWS
AI00102,PyTorch
AI00102,GCP
AI00102,Hadoop
AI00103,Spark
AI00103,Mathematics
AI00103,PyTorch
AI00103,SQL
AI00103,TensorFlow
AI00104,SQL
AI00104,Python
AI00104,Deep Learning
AI00105,TensorFlow
AI00105,GCP
AI00105,PyTorch
AI00105,Spark
AI00106,Git
AI00106,SQL
AI00106,PyTorch
AI00106,Mathematics
AI00107,Data Visualization
AI00107,PyTorch
AI00107,Spark
AI00107,TensorFlow
AI00108,TensorFlow
AI00108,SQL
AI00108,NLP
AI00108,Computer Vision
AI00108,Git
AI00109,Java
AI00109,R
AI00109,Git
AI00109,Mathematics
AI00109,Spark
AI00110,PyTorch
AI00110,Docker
AI00110,GCP
AI00111,Computer Vision
AI00111,Hadoop
AI00111,Git
AI00111,AWS
AI00112,TensorFlow
AI00112,Linux
AI00112,SQL
AI00112,Hadoop
AI00113,SQL
AI00113,Scala
AI00113,Python
AI00114,NLP
AI00114,Computer Vision
AI00114,Mathematics
AI00114,Statistics
AI00114,R
AI00115,Azure
AI00115,R
AI00115,Linux
AI00115,MLOps
AI00116,R
AI00116,AWS
AI00116,Computer Vision
AI00116,Statistics
AI00116,Docker
AI00117,Kubernetes
AI00117,SQL
AI00117,Azure
AI00117,Deep Learning
AI00117,Linux
AI00118,PyTorch
AI00118,SQL
AI00118,MLOps
AI00118,AWS
AI00118,TensorFlow
AI00119,MLOps
AI00119,R
AI00119,Git
AI00119,Mathematics
AI00120,Linux
AI00120,Scala
AI00120,SQL
AI00120,Git
AI00121,Git
AI00121,Deep Learning
AI00121,Kubernetes
AI00121,Linux
AI00121,GCP
AI00122,Git
AI00122,SQL
AI00122,Scala
AI00122,Python
AI00122,Computer Vision
AI00123,Python
AI00123,Tableau
AI00123,Java
AI00124,Docker
AI00124,AWS
AI00124,Linux
AI00124,Git
AI00124,Azure
AI00125,PyTorch
AI00125,Scala
AI00125,Linux
AI00125,Tableau
AI00125,Deep Learning
AI00126,Docker
AI00126,SQL
AI00126,Kubernetes
AI00126,Git
AI00126,Statistics
AI00127,Statistics
AI00127,R
AI00127,Python
AI00127,TensorFlow
AI00128,Kubernetes
AI00128,Azure
AI00128,Spark
AI00128,TensorFlow
AI00128,Linux
AI00129,GCP
AI00129,R
AI00129,Azure
AI00129,Deep Learning
AI00129,PyTorch
AI00130,Spark
AI00130,Python
AI00130,Deep Learning
AI00130,Linux
AI00130,Java
AI00131,AWS
AI00131,R
AI00131,Spark
AI00132,Python
AI00132,TensorFlow
AI00132,PyTorch
AI00133,Statistics
AI00133,Python
AI00133,SQL
AI00134,Hadoop
AI00134,Azure
AI00134,Python
AI00134,R
AI00135,Computer Vision
AI00135,GCP
AI00135,Azure
AI00135,SQL
AI00135,Python
AI00136,Hadoop
AI00136,Java
AI00136,Data Visualization
AI00137,Computer Vision
AI00137,SQL
AI00137,PyTorch
AI00137,Java
AI00138,Hadoop
AI00138,Python
AI00138,Git
AI00138,TensorFlow
AI00139,PyTorch
AI00139,Statistics
AI00139,MLOps
AI00139,Kubernetes
AI00139,Computer Vision
AI00140,Linux
AI00140,AWS
AI00140,Computer Vision
AI00140,Deep Learning
AI00141,PyTorch
AI00141,TensorFlow
AI00141,Hadoop
AI00141,Python
AI00142,GCP
AI00142,Kubernetes
AI00142,Computer Vision
AI00142,Deep Learning
AI00142,SQL
AI00143,SQL
AI00143,MLOps
AI00143,Python
AI00144,Python
AI00144,Hadoop
AI00144,Deep Learning
AI00145,GCP
AI00145,Linux
AI00145,R
AI00145,Hadoop
AI00146,TensorFlow
AI00146,Git
AI00146,Azure
AI00146,Python
AI00147,Kubernetes
AI00147,Deep Learning
AI00147,PyTorch
AI00148,SQL
AI00148,Data Visualization
AI00148,GCP
AI00148,Deep Learning
AI00148,MLOps
AI00149,GCP
AI00149,Python
AI00149,Computer Vision
AI00149,Git
AI00150,TensorFlow
AI00150,Kubernetes
AI00150,Deep Learning
AI00151,Computer Vision
AI00151,PyTorch
AI00151,Linux
AI00151,TensorFlow
AI00152,Git
AI00152,Tableau
AI00152,Hadoop
AI00152,Computer Vision
AI00153,R
AI00153,SQL
AI00153,Data Visualization
AI00154,Linux
AI00154,Python
AI00154,Scala
AI00154,Docker
AI00155,Python
AI00155,GCP
AI00155,TensorFlow
AI00156,Docker
AI00156,Deep Learning
AI00156,R
AI00157,Git
AI00157,Spark
AI00157,Azure
AI00157,Statistics
AI00158,Python
AI00158,Java
AI00158,Kubernetes
AI00158,SQL
AI00158,NLP
AI00159,Hadoop
AI00159,Mathematics
AI00159,Linux
AI00160,GCP
AI00160,Computer Vision
AI00160,Scala
AI00160,AWS
AI00160,Linux
AI00161,Data Visualization
AI00161,SQL
AI00161,Scala
AI00162,SQL
AI00162,Tableau
AI00162,Statistics
AI00162,GCP
AI00163,Deep Learning
AI00163,Python
AI00163,NLP
AI00164,R
AI00164,AWS
AI00164,Git
AI00164,Tableau
AI00165,Python
AI00165,Spark
AI00165,Hadoop
AI00166,Linux
AI00166,TensorFlow
AI00166,GCP
AI00166,Docker
AI00166,Azure
AI00167,TensorFlow
AI00167,Docker
AI00167,AWS
AI00167,Spark
AI00168,Linux
AI00168,Azure
AI00168,Kubernetes
AI00169,Statistics
AI00169,Tableau
AI00169,Java
AI00169,Data Visualization
AI00169,NLP
AI00170,Spark
AI00170,Linux
AI00170,AWS
AI00170,Deep Learning
AI00171,Scala
AI00171,Data Visualization
AI00171,TensorFlow
AI00171,Mathematics
AI00171,Java
AI00172,PyTorch
AI00172,Scala
AI00172,Hadoop
AI00172,Docker
AI00172,Computer Vision
AI00173,Tableau
AI00173,GCP
AI00173,Python
AI00174,Python
AI00174,TensorFlow
AI00174,GCP
AI00174,Java
AI00175,Statistics
AI00175,TensorFlow
AI00175,Python
AI00176,Scala
AI00176,Hadoop
AI00176,Azure
AI00177,Linux
AI00177,Azure
AI00177,Git
AI00177,Deep Learning
AI00177,Spark
AI00178,Kubernetes
AI00178,Git
AI00178,GCP
AI00178,NLP
AI00179,Scala
AI00179,Python
AI00179,Data Visualization
AI00179,Kubernetes
AI00179,Statistics
AI00180,Deep Learning
AI00180,Azure
AI00180,Python
AI00181,Statistics
AI00181,AWS
AI00181,Java
AI00181,PyTorch
AI00182,Python
AI00182,Spark
AI00182,TensorFlow
AI00183,SQL
AI00183,Docker
AI00183,Linux
AI00183,GCP
AI00184,PyTorch
AI00184,NLP
AI00184,MLOps
AI00184,Azure
AI00185,Docker
AI00185,Azure
AI00185,NLP
AI00186,Python
AI00186,TensorFlow
AI00186,R
AI00187,SQL
AI00187,PyTorch
AI00187,NLP
AI00187,Data Visualization
AI00188,Java
AI00188,Python
AI00188,Mathematics
AI00189,Mathematics
AI00189,Docker
AI00189,Deep Learning
AI00190,NLP
AI00190,R
AI00190,Scala
AI00190,Computer Vision
AI00190,Azure
AI00191,Python
AI00191,TensorFlow
AI00191,Scala
AI00191,AWS
AI00192,PyTorch
AI00192,SQL
AI00192,Kubernetes
AI00192,Git
AI00192,Java
AI00193,Java
AI00193,Python
AI00193,Deep Learning
AI00193,Statistics
AI00194,TensorFlow
AI00194,Docker
AI00194,R
AI00194,NLP
AI00194,Java
AI00195,Java
AI00195,Scala
AI00195,Tableau
AI00196,GCP
AI00196,TensorFlow
AI00196,Data Visualization
AI00197,Linux
AI00197,PyTorch
AI00197,TensorFlow
AI00197,Azure
AI00197,Python
AI00198,MLOps
AI00198,Python
AI00198,Linux
AI00198,NLP
AI00199,Linux
AI00199,Kubernetes
AI00199,Spark
AI00199,Java
AI00200,TensorFlow
AI00200,Kubernetes
AI00200,SQL
AI00200,Linux
AI00200,Mathematics
AI00201,MLOps
AI00201,Java
AI00201,AWS
AI00201,NLP
AI00201,PyTorch
AI00202,Statistics
AI00202,Python
AI00202,TensorFlow
AI00203,PyTorch
AI00203,SQL
AI00203,TensorFlow
AI00203,Git
AI00203,Azure
AI00204,Scala
AI00204,SQL
AI00204,Deep Learning
AI00204,Statistics
AI00204,GCP
AI00205,AWS
AI00205,Scala
AI00205,Docker
AI00206,Spark
AI00206,Kubernetes
AI00206,Mathematics
AI00207,Python
AI00207,SQL
AI00207,Git
AI00208,Python
AI00208,GCP
AI00208,Docker
AI00208,Git
AI00208,Java
AI00209,Mathematics
AI00209,Hadoop
AI00209,Tableau
AI00210,Linux
AI00210,Python
AI00210,NLP
AI00211,Java
AI00211,Docker
AI00211,Hadoop
AI00212,Python
AI00212,Kubernetes
AI00212,Statistics
AI00212,TensorFlow
AI00213,GCP
AI00213,Deep Learning
AI00213,Python
AI00213,MLOps
AI00214,R
AI00214,SQL
AI00214,AWS
AI00214,MLOps
AI00214,Data Visualization
AI00215,Azure
AI00215,Python
AI00215,TensorFlow
AI00215,Data Visualization
AI00216,GCP
AI00216,Azure
AI00216,Deep Learning
AI00216,Spark
AI00216,SQL
AI00217,MLOps
AI00217,Data Visualization
AI00217,Git
AI00217,TensorFlow
AI00217,Hadoop
AI00218,R
AI00218,Docker
AI00218,GCP
AI00218,Java
AI00219,PyTorch
AI00219,MLOps
AI00219,Computer Vision
AI00219,AWS
AI00219,Deep Learning
AI00220,AWS
AI00220,Hadoop
AI00220,Python
AI00220,Scala
AI00220,Computer Vision
AI00221,PyTorch
AI00221,SQL
AI00221,Kubernetes
AI00222,SQL
AI00222,Linux
AI00222,Tableau
AI00222,MLOps
AI00222,Spark
AI00223,Mathematics
AI00223,Hadoop
AI00223,Scala
AI00223,NLP
AI00223,Kubernetes
AI00224,Scala
AI00224,R
AI00224,SQL
AI00225,Java
AI00225,Python
AI00225,MLOps
AI00225,Docker
AI00226,SQL
AI00226,NLP
AI00226,Python
AI00227,Data Visualization
AI00227,Linux
AI00227,GCP
AI00227,Hadoop
AI00228,Hadoop
AI00228,Python
AI00228,Linux
AI00228,Mathematics
AI00229,Kubernetes
AI00229,Linux
AI00229,Tableau
AI00229,MLOps
AI00229,Statistics
AI00230,Docker
AI00230,PyTorch
AI00230,Spark
AI00230,TensorFlow
AI00230,NLP
AI00231,Tableau
AI00231,Linux
AI00231,PyTorch
AI00231,Java
AI00231,AWS
AI00232,Azure
AI00232,Python
AI00232,Mathematics
AI00233,TensorFlow
AI00233,Linux
AI00233,Deep Learning
AI00233,Hadoop
AI00234,TensorFlow
AI00234,Azure
AI00234,Tableau
AI00234,Data Visualization
AI00234,Hadoop
AI00235,NLP
AI00235,Tableau
AI00235,Kubernetes
AI00235,SQL
AI00235,GCP
AI00236,Scala
AI00236,Python
AI00236,Data Visualization
AI00237,Hadoop
AI00237,Spark
AI00237,Kubernetes
AI00237,Scala
AI00238,Linux
AI00238,Kubernetes
AI00238,Data Visualization
AI00238,TensorFlow
AI00238,Docker
AI00239,Git
AI00239,Statistics
AI00239,Data Visualization
AI00239,Python
AI00239,Scala
AI00240,Hadoop
AI00240,Spark
AI00240,Tableau
AI00240,R
AI00240,Python
AI00241,TensorFlow
AI00241,MLOps
AI00241,Kubernetes
AI00241,SQL
AI00241,Java
AI00242,Hadoop
AI00242,Azure
AI00242,Java
AI00242,MLOps
AI00243,Git
AI00243,Docker
AI00243,Statistics
AI00243,Mathematics
AI00244,Spark
AI00244,Git
AI00244,Hadoop
AI00245,Python
AI00245,Mathematics
AI00245,PyTorch
AI00245,Spark
AI00246,R
AI00246,Azure
AI00246,MLOps
AI00247,Git
AI00247,Statistics
AI00247,Mathematics
AI00247,Hadoop
AI00247,Java
AI00248,SQL
AI00248,Statistics
AI00248,Mathematics
AI00248,TensorFlow
AI00248,GCP
AI00249,Java
AI00249,Azure
AI00249,Tableau
AI00249,Python
AI00250,Git
AI00250,Scala
AI00250,NLP
AI00250,Python
AI00251,PyTorch
AI00251,Python
AI00251,Deep Learning
AI00251,SQL
AI00251,MLOps
AI00252,Python
AI00252,Linux
AI00252,Tableau
AI00252,SQL
AI00252,MLOps
AI00253,TensorFlow
AI00253,Hadoop
AI00253,Python
AI00253,Java
AI00253,Docker
AI00254,PyTorch
AI00254,Java
AI00254,Kubernetes
AI00255,Azure
AI00255,PyTorch
AI00255,NLP
AI00255,TensorFlow
AI00256,Spark
AI00256,Java
AI00256,GCP
AI00257,SQL
AI00257,Python
AI00257,GCP
AI00258,Python
AI00258,GCP
AI00258,Mathematics
AI00258,Scala
AI00258,Deep Learning
AI00259,GCP
AI00259,Python
AI00259,Azure
AI00259,Scala
AI00260,TensorFlow
AI00260,PyTorch
AI00260,Spark
AI00261,R
AI00261,Python
AI00261,Data Visualization
AI00261,TensorFlow
AI00262,Data Visualization
AI00262,Scala
AI00262,Python
AI00262,SQL
AI00262,Linux
AI00263,Java
AI00263,AWS
AI00263,GCP
AI00263,Spark
AI00264,AWS
AI00264,Mathematics
AI00264,Linux
AI00265,Scala
AI00265,AWS
AI00265,Spark
AI00265,Deep Learning
AI00266,Scala
AI00266,GCP
AI00266,MLOps
AI00266,Python
AI00266,Computer Vision
AI00267,Scala
AI00267,Mathematics
AI00267,MLOps
AI00267,Python
AI00268,R
AI00268,Git
AI00268,Statistics
AI00268,Spark
AI00268,Python
AI00269,Java
AI00269,Kubernetes
AI00269,Tableau
AI00270,Docker
AI00270,Hadoop
AI00270,PyTorch
AI00270,Python
AI00270,Java
AI00271,AWS
AI00271,R
AI00271,Python
AI00272,MLOps
AI00272,Data Visualization
AI00272,Deep Learning
AI00272,Python
AI00273,R
AI00273,Linux
AI00273,AWS
AI00274,Azure
AI00274,Git
AI00274,SQL
AI00274,NLP
AI00274,Docker
AI00275,Git
AI00275,NLP
AI00275,MLOps
AI00276,Java
AI00276,Git
AI00276,Data Visualization
AI00276,SQL
AI00276,Kubernetes
AI00277,Git
AI00277,Java
AI00277,MLOps
AI00278,TensorFlow
AI00278,Kubernetes
AI00278,Git
AI00278,Computer Vision
AI00278,Statistics
AI00279,Linux
AI00279,Statistics
AI00279,MLOps
AI00279,Computer Vision
AI00279,Deep Learning
AI00280,Tableau
AI00280,GCP
AI00280,SQL
AI00280,MLOps
AI00281,GCP
AI00281,R
AI00281,Python
AI00281,Kubernetes
AI00282,Azure
AI00282,Python
AI00282,Data Visualization
AI00283,PyTorch
AI00283,Scala
AI00283,NLP
AI00283,GCP
AI00284,Java
AI00284,Hadoop
AI00284,Deep Learning
AI00284,TensorFlow
AI00285,Deep Learning
AI00285,Statistics
AI00285,Docker
AI00286,Spark
AI00286,Python
AI00286,Tableau
AI00287,Tableau
AI00287,SQL
AI00287,MLOps
AI00287,PyTorch
AI00288,Docker
AI00288,TensorFlow
AI00288,Hadoop
AI00288,Git
AI00288,Scala
AI00289,Tableau
AI00289,AWS
AI00289,NLP
AI00289,Scala
AI00290,Git
AI00290,SQL
AI00290,Spark
AI00290,MLOps
AI00291,Tableau
AI00291,Linux
AI00291,SQL
AI00291,Spark
AI00291,GCP
AI00292,Hadoop
AI00292,SQL
AI00292,Computer Vision
AI00293,SQL
AI00293,MLOps
AI00293,Data Visualization
AI00293,Scala
AI00293,Git
AI00294,Data Visualization
AI00294,Hadoop
AI00294,Scala
AI00294,AWS
AI00295,Mathematics
AI00295,Scala
AI00295,MLOps
AI00295,SQL
AI00296,R
AI00296,SQL
AI00296,Scala
AI00297,Git
AI00297,AWS
AI00297,PyTorch
AI00298,Computer Vision
AI00298,SQL
AI00298,Java
AI00298,GCP
AI00299,Python
AI00299,TensorFlow
AI00299,Git
AI00299,PyTorch
AI00299,MLOps
AI00300,AWS
AI00300,SQL
AI00300,Azure
AI00301,Mathematics
AI00301,R
AI00301,MLOps
AI00302,R
AI00302,Python
AI00302,Azure
AI00302,Java
AI00303,Kubernetes
AI00303,Scala
AI00303,Data Visualization
AI00304,Deep Learning
AI00304,Kubernetes
AI00304,SQL
AI00305,Kubernetes
AI00305,Scala
AI00305,PyTorch
AI00305,AWS
AI00305,Docker
AI00306,Python
AI00306,Kubernetes
AI00306,Scala
AI00306,Linux
AI00307,Git
AI00307,Python
AI00307,Scala
AI00307,AWS
AI00308,Hadoop
AI00308,GCP
AI00308,MLOps
AI00308,Statistics
AI00309,Hadoop
AI00309,Python
AI00309,Kubernetes
AI00310,Git
AI00310,Python
AI00310,TensorFlow
AI00310,SQL
AI00311,Linux
AI00311,GCP
AI00311,Statistics
AI00311,NLP
AI00311,Azure
AI00312,R
AI00312,Git
AI00312,Computer Vision
AI00313,Linux
AI00313,SQL
AI00313,PyTorch
AI00313,NLP
AI00313,Git
AI00314,SQL
AI00314,Computer Vision
AI00314,Linux
AI00314,Data Visualization
AI00314,Git
AI00315,Python
AI00315,Spark
AI00315,TensorFlow
AI00316,Java
AI00316,MLOps
AI00316,TensorFlow
AI00317,NLP
AI00317,SQL
AI00317,Python
AI00318,Docker
AI00318,Python
AI00318,Mathematics
AI00319,Kubernetes
AI00319,Mathematics
AI00319,Git
AI00319,PyTorch
AI00320,Python
AI00320,TensorFlow
AI00320,Tableau
AI00320,Linux
AI00320,Java
AI00321,Spark
AI00321,Data Visualization
AI00321,SQL
AI00321,TensorFlow
AI00321,GCP
AI00322,Python
AI00322,Mathematics
AI00322,Deep Learning
AI00322,TensorFlow
AI00322,AWS
AI00323,Linux
AI00323,R
AI00323,Scala
AI00324,Python
AI00324,TensorFlow
AI00324,Tableau
AI00325,SQL
AI00325,PyTorch
AI00325,Azure
AI00326,PyTorch
AI00326,SQL
AI00326,Java
AI00326,Git
AI00327,Scala
AI00327,Linux
AI00327,Docker
AI00327,Git
AI00328,Mathematics
AI00328,PyTorch
AI00328,Azure
AI00329,Scala
AI00329,Linux
AI00329,Python
AI00330,Data Visualization
AI00330,PyTorch
AI00330,SQL
AI00330,Computer Vision
AI00330,GCP
AI00331,Deep Learning
AI00331,SQL
AI00331,Data Visualization
AI00331,NLP
AI00331,Tableau
AI00332,Kubernetes
AI00332,Java
AI00332,Computer Vision
AI00333,Tableau
AI00333,Linux
AI00333,Java
AI00333,Kubernetes
AI00333,Computer Vision
AI00334,Statistics
AI00334,Git
AI00334,Data Visualization
AI00335,PyTorch
AI00335,SQL
AI00335,AWS
AI00335,Spark
AI00336,R
AI00336,Kubernetes
AI00336,TensorFlow
AI00336,Data Visualization
AI00337,TensorFlow
AI00337,AWS
AI00337,Git
AI00337,Azure
AI00338,Mathematics
AI00338,Git
AI00338,Linux
AI00339,Python
AI00339,Data Visualization
AI00339,Azure
AI00340,PyTorch
AI00340,Mathematics
AI00340,Linux
AI00341,Spark
AI00341,Statistics
AI00341,Tableau
AI00341,Deep Learning
AI00342,Kubernetes
AI00342,AWS
AI00342,NLP
AI00342,Git
AI00343,SQL
AI00343,Tableau
AI00343,PyTorch
AI00343,NLP
AI00343,GCP
AI00344,Scala
AI00344,Docker
AI00344,Data Visualization
AI00345,Scala
AI00345,Python
AI00345,GCP
AI00345,AWS
AI00346,Tableau
AI00346,Azure
AI00346,AWS
AI00346,Data Visualization
AI00347,SQL
AI00347,Mathematics
AI00347,Linux
AI00347,Scala
AI00347,Hadoop
AI00348,Docker
AI00348,AWS
AI00348,Computer Vision
AI00348,MLOps
AI00349,Docker
AI00349,Git
AI00349,Data Visualization
AI00350,GCP
AI00350,Linux
AI00350,R
AI00350,Scala
AI00351,AWS
AI00351,Spark
AI00351,Mathematics
AI00352,GCP
AI00352,Java
AI00352,PyTorch
AI00352,Mathematics
AI00352,Computer Vision
AI00353,Deep Learning
AI00353,Computer Vision
AI00353,Tableau
AI00353,PyTorch
AI00354,Python
AI00354,Hadoop
AI00354,Azure
AI00354,Computer Vision
AI00355,Python
AI00355,TensorFlow
AI00355,Linux
AI00356,Azure
AI00356,NLP
AI00356,Scala
AI00357,Linux
AI00357,Hadoop
AI00357,Spark
AI00357,Azure
AI00358,Tableau
AI00358,SQL
AI00358,Linux
AI00359,Git
AI00359,Hadoop
AI00359,PyTorch
AI00359,Java
AI00360,Kubernetes
AI00360,Data Visualization
AI00360,Computer Vision
AI00360,SQL
AI00361,Statistics
AI00361,GCP
AI00361,SQL
AI00362,TensorFlow
AI00362,Data Visualization
AI00362,Kubernetes
AI00362,Linux
AI00363,Statistics
AI00363,Spark
AI00363,Data Visualization
AI00363,Git
AI00364,Docker
AI00364,Scala
AI00364,AWS
AI00365,Kubernetes
AI00365,Docker
AI00365,Tableau
AI00365,Python
AI00365,Spark
AI00366,SQL
AI00366,Git
AI00366,Java
AI00366,Docker
AI00367,Linux
AI00367,Scala
AI00367,PyTorch
AI00367,Hadoop
AI00368,MLOps
AI00368,Java
AI00368,Linux
AI00369,MLOps
AI00369,Kubernetes
AI00369,Python
AI00369,Computer Vision
AI00370,Linux
AI00370,Java
AI00370,Data Visualization
AI00370,Tableau
AI00371,TensorFlow
AI00371,Python
AI00371,GCP
AI00371,Java
AI00372,R
AI00372,Hadoop
AI00372,Data Visualization
AI00373,Git
AI00373,Kubernetes
AI00373,Hadoop
AI00373,SQL
AI00373,Docker
AI00374,Mathematics
AI00374,SQL
AI00374,PyTorch
AI00374,Java
AI00374,MLOps
AI00375,Hadoop
AI00375,Docker
AI00375,MLOps
AI00376,PyTorch
AI00376,Mathematics
AI00376,Tableau
AI00377,PyTorch
AI00377,Scala
AI00377,Computer Vision
AI00377,Kubernetes
AI00378,SQL
AI00378,Scala
AI00378,AWS
AI00378,Java
AI00378,Python
AI00379,SQL
AI00379,Linux
AI00379,Docker
AI00380,Statistics
AI00380,Hadoop
AI00380,Spark
AI00380,GCP
AI00381,Python
AI00381,Statistics
AI00381,Computer Vision
AI00381,Azure
AI00382,Computer Vision
AI00382,Spark
AI00382,SQL
AI00382,Scala
AI00383,Linux
AI00383,Kubernetes
AI00383,GCP
AI00384,PyTorch
AI00384,SQL
AI00384,TensorFlow
AI00384,Kubernetes
AI00384,Git
AI00385,AWS
AI00385,Hadoop
AI00385,Tableau
AI00385,Java
AI00385,Mathematics
AI00386,R
AI00386,Java
AI00386,Spark
AI00387,Scala
AI00387,PyTorch
AI00387,GCP
AI00387,Linux
AI00387,Mathematics
AI00388,Scala
AI00388,Linux
AI00388,Statistics
AI00388,Git
AI00389,AWS
AI00389,Kubernetes
AI00389,Tableau
AI00389,Computer Vision
AI00389,Statistics
AI00390,Data Visualization
AI00390,Python
AI00390,TensorFlow
AI00391,TensorFlow
AI00391,NLP
AI00391,Java
AI00391,Deep Learning
AI00391,Scala
AI00392,Data Visualization
AI00392,Scala
AI00392,Statistics
AI00393,Hadoop
AI00393,GCP
AI00393,Data Visualization
AI00394,Data Visualization
AI00394,Computer Vision
AI00394,Tableau
AI00394,GCP
AI00394,Java
AI00395,Git
AI00395,Spark
AI00395,MLOps
AI00395,NLP
AI00395,Python
AI00396,MLOps
AI00396,Linux
AI00396,Computer Vision
AI00396,Git
AI00397,SQL
AI00397,GCP
AI00397,PyTorch
AI00397,TensorFlow
AI00397,Python
AI00398,Hadoop
AI00398,PyTorch
AI00398,Scala
AI00398,TensorFlow
AI00399,TensorFlow
AI00399,Kubernetes
AI00399,Computer Vision
AI00400,Tableau
AI00400,Hadoop
AI00400,Azure
AI00400,Data Visualization
AI00401,Java
AI00401,PyTorch
AI00401,Linux
AI00401,Deep Learning
AI00401,Computer Vision
AI00402,MLOps
AI00402,Docker
AI00402,Java
AI00402,Azure
AI00402,Statistics
AI00403,R
AI00403,SQL
AI00403,PyTorch
AI00404,GCP
AI00404,MLOps
AI00404,Computer Vision
AI00404,Data Visualization
AI00405,Hadoop
AI00405,Tableau
AI00405,Mathematics
AI00405,SQL
AI00405,AWS
AI00406,Statistics
AI00406,Mathematics
AI00406,SQL
AI00406,TensorFlow
AI00407,R
AI00407,Tableau
AI00407,Java
AI00408,Python
AI00408,Computer Vision
AI00408,Git
AI00409,PyTorch
AI00409,Tableau
AI00409,Scala
AI00409,GCP
AI00410,Linux
AI00410,PyTorch
AI00410,Git
AI00410,GCP
AI00410,Java
AI00411,Git
AI00411,Linux
AI00411,Python
AI00412,PyTorch
AI00412,Spark
AI00412,SQL
AI00413,PyTorch
AI00413,Java
AI00413,Tableau
AI00413,GCP
AI00413,Azure
AI00414,NLP
AI00414,Python
AI00414,Scala
AI00415,Docker
AI00415,MLOps
AI00415,Python
AI00415,Spark
AI00415,NLP
AI00416,SQL
AI00416,Java
AI00416,Linux
AI00417,Python
AI00417,TensorFlow
AI00417,AWS
AI00417,MLOps
AI00418,Kubernetes
AI00418,Spark
AI00418,PyTorch
AI00419,R
AI00419,NLP
AI00419,Python
AI00420,SQL
AI00420,Computer Vision
AI00420,AWS
AI00420,PyTorch
AI00420,GCP
AI00421,GCP
AI00421,Linux
AI00421,Python
AI00421,TensorFlow
AI00421,Java
AI00422,Hadoop
AI00422,Deep Learning
AI00422,Statistics
AI00422,Azure
AI00423,Git
AI00423,SQL
AI00423,Python
AI00423,TensorFlow
AI00424,Hadoop
AI00424,PyTorch
AI00424,Linux
AI00425,Spark
AI00425,Hadoop
AI00425,GCP
AI00425,Deep Learning
AI00425,Statistics
AI00426,Java
AI00426,GCP
AI00426,SQL
AI00426,MLOps
AI00427,Kubernetes
AI00427,Java
AI00427,Scala
AI00427,Computer Vision
AI00428,PyTorch
AI00428,Kubernetes
AI00428,Linux
AI00428,Computer Vision
AI00429,SQL
AI00429,Python
AI00429,GCP
AI00429,R
AI00430,MLOps
AI00430,R
AI00430,Tableau
AI00431,Docker
AI00431,Python
AI00431,TensorFlow
AI00431,Statistics
AI00431,PyTorch
AI00432,PyTorch
AI00432,Kubernetes
AI00432,Mathematics
AI00432,GCP
AI00432,Linux
AI00433,Java
AI00433,PyTorch
AI00433,TensorFlow
AI00434,SQL
AI00434,R
AI00434,Linux
AI00434,AWS
AI00434,TensorFlow
AI00435,NLP
AI00435,R
AI00435,Hadoop
AI00435,TensorFlow
AI00435,Spark
AI00436,Deep Learning
AI00436,Hadoop
AI00436,R
AI00437,Python
AI00437,Spark
AI00437,Docker
AI00437,AWS
AI00438,Scala
AI00438,Python
AI00438,NLP
AI00439,PyTorch
AI00439,Deep Learning
AI00439,Computer Vision
AI00439,NLP
AI00440,Docker
AI00440,TensorFlow
AI00440,AWS
AI00441,SQL
AI00441,Git
AI00441,Statistics
AI00441,PyTorch
AI00441,Java
AI00442,Git
AI00442,Azure
AI00442,Java
AI00443,Java
AI00443,Linux
AI00443,Data Visualization
AI00443,R
AI00444,Java
AI00444,Python
AI00444,Data Visualization
AI00444,Kubernetes
AI00445,Python
AI00445,TensorFlow
AI00445,Computer Vision
AI00445,Hadoop
AI00445,Kubernetes
AI00446,TensorFlow
AI00446,Python
AI00446,Tableau
AI00446,Hadoop
AI00447,Docker
AI00447,SQL
AI00447,GCP
AI00447,Scala
AI00447,Git
AI00448,Java
AI00448,Hadoop
AI00448,AWS
AI00448,Mathematics
AI00448,Deep Learning
AI00449,Linux
AI00449,AWS
AI00449,Git
AI00449,Python
AI00450,Python
AI00450,Data Visualization
AI00450,Mathematics
AI00451,Python
AI00451,TensorFlow
AI00451,Linux
AI00451,Java
AI00451,Kubernetes
AI00452,Docker
AI00452,Git
AI00452,MLOps
AI00453,Mathematics
AI00453,Scala
AI00453,NLP
AI00453,SQL
AI00454,PyTorch
AI00454,Scala
AI00454,Python
AI00455,AWS
AI00455,Mathematics
AI00455,NLP
AI00455,Linux
AI00456,SQL
AI00456,Data Visualization
AI00456,MLOps
AI00456,Java
AI00457,Azure
AI00457,Kubernetes
AI00457,Docker
AI00457,Computer Vision
AI00457,Spark
AI00458,Kubernetes
AI00458,Scala
AI00458,Mathematics
AI00458,NLP
AI00459,Deep Learning
AI00459,Hadoop
AI00459,NLP
AI00460,Azure
AI00460,Python
AI00460,NLP
AI00460,Git
AI00460,TensorFlow
AI00461,Python
AI00461,TensorFlow
AI00461,Scala
AI00462,Azure
AI00462,Scala
AI00462,Statistics
AI00463,Kubernetes
AI00463,AWS
AI00463,Deep Learning
AI00463,R
AI00463,Spark
AI00464,Computer Vision
AI00464,MLOps
AI00464,Docker
AI00464,Azure
AI00465,AWS
AI00465,PyTorch
AI00465,Tableau
AI00465,Computer Vision
AI00466,Hadoop
AI00466,Mathematics
AI00466,Scala
AI00466,PyTorch
AI00467,Statistics
AI00467,Scala
AI00467,Spark
AI00467,Java
AI00467,Azure
AI00468,Java
AI00468,Deep Learning
AI00468,SQL
AI00468,MLOps
AI00469,Linux
AI00469,Git
AI00469,Java
AI00469,Python
AI00469,PyTorch
AI00470,SQL
AI00470,AWS
AI00470,Data Visualization
AI00470,NLP
AI00470,Java
AI00471,GCP
AI00471,Spark
AI00471,TensorFlow
AI00471,Kubernetes
AI00472,AWS
AI00472,SQL
AI00472,Git
AI00473,AWS
AI00473,Deep Learning
AI00473,SQL
AI00474,Azure
AI00474,R
AI00474,Tableau
AI00474,Java
AI00475,PyTorch
AI00475,SQL
AI00475,Python
AI00475,R
AI00476,GCP
AI00476,SQL
AI00476,Kubernetes
AI00476,R
AI00476,PyTorch
AI00477,Git
AI00477,GCP
AI00477,MLOps
AI00477,Deep Learning
AI00477,Statistics
AI00478,SQL
AI00478,Hadoop
AI00478,PyTorch
AI00478,Tableau
AI00478,Statistics
AI00479,Git
AI00479,Python
AI00479,PyTorch
AI00480,PyTorch
AI00480,AWS
AI00480,Java
AI00480,Tableau
AI00481,PyTorch
AI00481,NLP
AI00481,Tableau
AI00481,Computer Vision
AI00482,PyTorch
AI00482,Kubernetes
AI00482,Computer Vision
AI00483,Computer Vision
AI00483,SQL
AI00483,NLP
AI00483,Hadoop
AI00483,TensorFlow
AI00484,Spark
AI00484,TensorFlow
AI00484,Java
AI00484,NLP
AI00484,Deep Learning
AI00485,Python
AI00485,Git
AI00485,TensorFlow
AI00485,Java
AI00486,R
AI00486,SQL
AI00486,Spark
AI00487,Kubernetes
AI00487,PyTorch
AI00487,Git
AI00488,Kubernetes
AI00488,Git
AI00488,Azure
AI00488,GCP
AI00489,Scala
AI00489,Python
AI00489,SQL
AI00489,GCP
AI00490,Java
AI00490,Kubernetes
AI00490,Docker
AI00491,Kubernetes
AI00491,NLP
AI00491,Python
AI00492,Python
AI00492,TensorFlow
AI00492,Azure
AI00492,PyTorch
AI00492,Deep Learning
AI00493,Mathematics
AI00493,NLP
AI00493,Deep Learning
AI00493,Python
AI00494,R
AI00494,Data Visualization
AI00494,Git
AI00494,GCP
AI00495,AWS
AI00495,Spark
AI00495,Data Visualization
AI00495,Linux
AI00496,Scala
AI00496,R
AI00496,SQL
AI00496,NLP
AI00496,Java
AI00497,Spark
AI00497,PyTorch
AI00497,TensorFlow
AI00497,Scala
AI00498,PyTorch
AI00498,GCP
AI00498,Data Visualization
AI00498,Deep Learning
AI00498,Azure
AI00499,Deep Learning
AI00499,Data Visualization
AI00499,MLOps
AI00499,Linux
AI00500,Python
AI00500,GCP
AI00500,Data Visualization
AI00501,PyTorch
AI00501,Tableau
AI00501,GCP
AI00502,Python
AI00502,Data Visualization
AI00502,TensorFlow
AI00502,GCP
AI00503,GCP
AI00503,Kubernetes
AI00503,MLOps
AI00503,Data Visualization
AI00504,Git
AI00504,PyTorch
AI00504,Spark
AI00504,NLP
AI00504,Computer Vision
AI00505,Python
AI00505,Git
AI00505,Computer Vision
AI00505,TensorFlow
AI00506,Python
AI00506,PyTorch
AI00506,R
AI00507,Deep Learning
AI00507,Docker
AI00507,Java
AI00508,GCP
AI00508,Scala
AI00508,Java
AI00508,SQL
AI00508,Deep Learning
AI00509,Python
AI00509,Data Visualization
AI00509,Kubernetes
AI00509,TensorFlow
AI00509,Computer Vision
AI00510,Git
AI00510,R
AI00510,Scala
AI00510,Kubernetes
AI00511,AWS
AI00511,Kubernetes
AI00511,NLP
AI00512,Hadoop
AI00512,Git
AI00512,PyTorch
AI00512,Azure
AI00512,TensorFlow
AI00513,AWS
AI00513,Linux
AI00513,TensorFlow
AI00513,Git
AI00514,Data Visualization
AI00514,MLOps
AI00514,Python
AI00514,TensorFlow
AI00515,Kubernetes
AI00515,Java
AI00515,NLP
AI00515,Tableau
AI00515,Hadoop
AI00516,Data Visualization
AI00516,PyTorch
AI00516,Tableau
AI00517,Deep Learning
AI00517,Git
AI00517,Data Visualization
AI00518,Git
AI00518,Python
AI00518,NLP
AI00518,Linux
AI00519,SQL
AI00519,Linux
AI00519,Docker
AI00519,Tableau
AI00520,Spark
AI00520,Statistics
AI00520,SQL
AI00520,Python
AI00521,Kubernetes
AI00521,Java
AI00521,Mathematics
AI00521,TensorFlow
AI00521,R
AI00522,PyTorch
AI00522,Docker
AI00522,AWS
AI00522,Linux
AI00522,Java
AI00523,Mathematics
AI00523,SQL
AI00523,MLOps
AI00524,Python
AI00524,Scala
AI00524,TensorFlow
AI00524,Spark
AI00524,GCP
AI00525,Git
AI00525,Python
AI00525,Kubernetes
AI00526,MLOps
AI00526,PyTorch
AI00526,Git
AI00527,Java
AI00527,Spark
AI00527,NLP
AI00527,Hadoop
AI00527,Python
AI00528,R
AI00528,Python
AI00528,Data Visualization
AI00528,TensorFlow
AI00529,Hadoop
AI00529,Python
AI00529,Computer Vision
AI00530,PyTorch
AI00530,Kubernetes
AI00530,R
AI00531,Kubernetes
AI00531,Data Visualization
AI00531,GCP
AI00531,MLOps
AI00531,PyTorch
AI00532,NLP
AI00532,Tableau
AI00532,Azure
AI00532,R
AI00533,Hadoop
AI00533,Python
AI00533,Git
AI00534,Python
AI00534,SQL
AI00534,Hadoop
AI00534,Computer Vision
AI00535,GCP
AI00535,Git
AI00535,MLOps
AI00535,Kubernetes
AI00536,Python
AI00536,Git
AI00536,TensorFlow
AI00537,R
AI00537,Tableau
AI00537,Python
AI00537,Statistics
AI00537,Deep Learning
AI00538,PyTorch
AI00538,Tableau
AI00538,Azure
AI00538,NLP
AI00539,MLOps
AI00539,R
AI00539,Data Visualization
AI00540,Scala
AI00540,Hadoop
AI00540,Spark
AI00541,GCP
AI00541,Java
AI00541,Mathematics
AI00541,Kubernetes
AI00542,PyTorch
AI00542,Python
AI00542,AWS
AI00543,Azure
AI00543,AWS
AI00543,GCP
AI00543,Tableau
AI00544,AWS
AI00544,Python
AI00544,Tableau
AI00545,Linux
AI00545,AWS
AI00545,Java
AI00545,Spark
AI00545,Deep Learning
AI00546,Java
AI00546,TensorFlow
AI00546,Spark
AI00547,Spark
AI00547,GCP
AI00547,R
AI00547,Hadoop
AI00547,Data Visualization
AI00548,SQL
AI00548,PyTorch
AI00548,Tableau
AI00548,Statistics
AI00548,Mathematics
AI00549,Computer Vision
AI00549,PyTorch
AI00549,SQL
AI00549,Java
AI00549,R
AI00550,Linux
AI00550,Tableau
AI00550,Mathematics
AI00550,PyTorch
AI00550,Data Visualization
AI00551,Kubernetes
AI00551,Linux
AI00551,Computer Vision
AI00551,Tableau
AI00551,Deep Learning
AI00552,SQL
AI00552,Linux
AI00552,PyTorch
AI00553,Kubernetes
AI00553,Linux
AI00553,NLP
AI00553,Docker
AI00553,Deep Learning
AI00554,Python
AI00554,Statistics
AI00554,Azure
AI00554,GCP
AI00554,TensorFlow
AI00555,Java
AI00555,Linux
AI00555,NLP
AI00555,Mathematics
AI00556,NLP
AI00556,PyTorch
AI00556,Spark
AI00556,TensorFlow
AI00557,AWS
AI00557,Java
AI00557,MLOps
AI00557,R
AI00557,SQL
AI00558,TensorFlow
AI00558,Mathematics
AI00558,Data Visualization
AI00558,Git
AI00558,Statistics
AI00559,Tableau
AI00559,TensorFlow
AI00559,Linux
AI00559,Python
AI00560,Deep Learning
AI00560,GCP
AI00560,Python
AI00561,Java
AI00561,Computer Vision
AI00561,AWS
AI00561,MLOps
AI00561,Hadoop
AI00562,Java
AI00562,Deep Learning
AI00562,Tableau
AI00562,Scala
AI00562,TensorFlow
AI00563,AWS
AI00563,NLP
AI00563,Python
AI00563,Azure
AI00564,Spark
AI00564,AWS
AI00564,PyTorch
AI00564,Mathematics
AI00564,NLP
AI00565,Tableau
AI00565,AWS
AI00565,Hadoop
AI00566,TensorFlow
AI00566,Docker
AI00566,PyTorch
AI00567,Mathematics
AI00567,Deep Learning
AI00567,Java
AI00568,Hadoop
AI00568,GCP
AI00568,Tableau
AI00568,R
AI00568,Git
AI00569,Docker
AI00569,Scala
AI00569,Computer Vision
AI00569,Linux
AI00570,PyTorch
AI00570,NLP
AI00570,SQL
AI00570,Mathematics
AI00571,Python
AI00571,TensorFlow
AI00571,Statistics
AI00571,Scala
AI00571,Git
AI00572,Kubernetes
AI00572,AWS
AI00572,Scala
AI00572,Spark
AI00573,Git
AI00573,Mathematics
AI00573,Tableau
AI00573,Hadoop
AI00574,Git
AI00574,Computer Vision
AI00574,MLOps
AI00574,Python
AI00575,Tableau
AI00575,Git
AI00575,Python
AI00575,TensorFlow
AI00575,Scala
AI00576,Hadoop
AI00576,Docker
AI00576,MLOps
AI00577,Mathematics
AI00577,Data Visualization
AI00577,Python
AI00577,SQL
AI00577,Spark
AI00578,Spark
AI00578,SQL
AI00578,Python
AI00579,SQL
AI00579,Python
AI00579,Azure
AI00579,Docker
AI00579,NLP
AI00580,Java
AI00580,MLOps
AI00580,Scala
AI00580,Deep Learning
AI00581,Python
AI00581,Kubernetes
AI00581,Computer Vision
AI00581,GCP
AI00582,Java
AI00582,R
AI00582,Tableau
AI00582,Computer Vision
AI00583,Python
AI00583,TensorFlow
AI00583,Git
AI00584,Java
AI00584,R
AI00584,PyTorch
AI00584,Mathematics
AI00585,Git
AI00585,Spark
AI00585,Statistics
AI00585,MLOps
AI00585,Mathematics
AI00586,SQL
AI00586,Java
AI00586,Python
AI00587,Data Visualization
AI00587,SQL
AI00587,Hadoop
AI00588,Scala
AI00588,Data Visualization
AI00588,Python
AI00588,MLOps
AI00588,Azure
AI00589,R
AI00589,Kubernetes
AI00589,Spark
AI00589,Scala
AI00590,Linux
AI00590,Tableau
AI00590,Scala
AI00590,AWS
AI00590,Data Visualization
AI00591,Docker
AI00591,PyTorch
AI00591,SQL
AI00591,Mathematics
AI00592,Git
AI00592,Linux
AI00592,Kubernetes
AI00592,Statistics
AI00592,Python
AI00593,Python
AI00593,PyTorch
AI00593,R
AI00593,Hadoop
AI00593,Docker
AI00594,TensorFlow
AI00594,Hadoop
AI00594,Data Visualization
AI00594,Git
AI00594,Mathematics
AI00595,Git
AI00595,NLP
AI00595,Deep Learning
AI00595,Linux
AI00595,Kubernetes
AI00596,Mathematics
AI00596,Python
AI00596,Kubernetes
AI00597,Linux
AI00597,Scala
AI00597,NLP
AI00597,Hadoop
AI00598,Spark
AI00598,Hadoop
AI00598,PyTorch
AI00599,Linux
AI00599,Spark
AI00599,Mathematics
AI00599,Hadoop
AI00600,Hadoop
AI00600,Spark
AI00600,Linux
AI00601,Python
AI00601,Linux
AI00601,Hadoop
AI00602,GCP
AI00602,Mathematics
AI00602,Git
AI00602,PyTorch
AI00603,Deep Learning
AI00603,Computer Vision
AI00603,Tableau
AI00603,Kubernetes
AI00604,Kubernetes
AI00604,Tableau
AI00604,Docker
AI00604,Scala
AI00605,Python
AI00605,Docker
AI00605,SQL
AI00605,AWS
AI00605,Scala
AI00606,Scala
AI00606,TensorFlow
AI00606,Deep Learning
AI00607,R
AI00607,SQL
AI00607,PyTorch
AI00607,Mathematics
AI00607,Deep Learning
AI00608,Git
AI00608,Statistics
AI00608,Python
AI00609,Java
AI00609,Spark
AI00609,Azure
AI00609,SQL
AI00609,Deep Learning
AI00610,Python
AI00610,Hadoop
AI00610,TensorFlow
AI00611,Deep Learning
AI00611,PyTorch
AI00611,Tableau
AI00612,SQL
AI00612,PyTorch
AI00612,Tableau
AI00613,R
AI00613,Tableau
AI00613,GCP
AI00613,MLOps
AI00614,Python
AI00614,GCP
AI00614,Scala
AI00614,Tableau
AI00614,Git
AI00615,Statistics
AI00615,NLP
AI00615,Python
AI00615,Kubernetes
AI00616,Kubernetes
AI00616,SQL
AI00616,MLOps
AI00616,GCP
AI00616,Docker
AI00617,Git
AI00617,Scala
AI00617,GCP
AI00617,Kubernetes
AI00617,AWS
AI00618,Java
AI00618,PyTorch
AI00618,Tableau
AI00618,MLOps
AI00618,Kubernetes
AI00619,SQL
AI00619,Java
AI00619,GCP
AI00619,Data Visualization
AI00619,Computer Vision
AI00620,Scala
AI00620,PyTorch
AI00620,SQL
AI00620,Data Visualization
AI00620,TensorFlow
AI00621,PyTorch
AI00621,Data Visualization
AI00621,Spark
AI00622,PyTorch
AI00622,Mathematics
AI00622,TensorFlow
AI00622,Hadoop
AI00622,NLP
AI00623,Computer Vision
AI00623,SQL
AI00623,Data Visualization
AI00624,Scala
AI00624,SQL
AI00624,GCP
AI00624,TensorFlow
AI00625,Linux
AI00625,Python
AI00625,Mathematics
AI00626,MLOps
AI00626,Java
AI00626,Python
AI00626,Linux
AI00626,R
AI00627,Kubernetes
AI00627,Python
AI00627,TensorFlow
AI00628,Azure
AI00628,GCP
AI00628,Java
AI00628,Kubernetes
AI00629,Python
AI00629,Azure
AI00629,Statistics
AI00629,GCP
AI00630,Java
AI00630,GCP
AI00630,Python
AI00630,Mathematics
AI00630,NLP
AI00631,Python
AI00631,Tableau
AI00631,Linux
AI00632,GCP
AI00632,Git
AI00632,PyTorch
AI00633,Mathematics
AI00633,Java
AI00633,Spark
AI00634,Scala
AI00634,Linux
AI00634,R
AI00635,TensorFlow
AI00635,AWS
AI00635,Linux
AI00636,Spark
AI00636,R
AI00636,Python
AI00637,Git
AI00637,R
AI00637,TensorFlow
AI00637,AWS
AI00638,MLOps
AI00638,Docker
AI00638,Hadoop
AI00638,R
AI00639,Spark
AI00639,PyTorch
AI00639,Statistics
AI00640,Python
AI00640,Linux
AI00640,Statistics
AI00640,SQL
AI00640,Hadoop
AI00641,TensorFlow
AI00641,Java
AI00641,PyTorch
AI00641,Git
AI00641,Mathematics
AI00642,R
AI00642,Java
AI00642,Python
AI00642,SQL
AI00643,Tableau
AI00643,Hadoop
AI00643,SQL
AI00643,Spark
AI00644,Docker
AI00644,PyTorch
AI00644,GCP
AI00644,NLP
AI00644,TensorFlow
AI00645,Linux
AI00645,Kubernetes
AI00645,GCP
AI00645,Git
AI00646,Kubernetes
AI00646,Python
AI00646,Deep Learning
AI00647,Azure
AI00647,Mathematics
AI00647,R
AI00648,Hadoop
AI00648,Spark
AI00648,Deep Learning
AI00648,Mathematics
AI00648,Git
AI00649,Docker
AI00649,Python
AI00649,Computer Vision
AI00649,PyTorch
AI00649,Hadoop
AI00650,Kubernetes
AI00650,Git
AI00650,Scala
AI00651,Kubernetes
AI00651,Scala
AI00651,Python
AI00652,Kubernetes
AI00652,Git
AI00652,Scala
AI00652,Deep Learning
AI00653,Hadoop
AI00653,SQL
AI00653,Computer Vision
AI00654,Azure
AI00654,Java
AI00654,NLP
AI00654,Spark
AI00654,Computer Vision
AI00655,R
AI00655,Java
AI00655,Tableau
AI00655,Data Visualization
AI00656,Linux
AI00656,Git
AI00656,NLP
AI00656,Deep Learning
AI00657,Scala
AI00657,SQL
AI00657,AWS
AI00657,Tableau
AI00658,Git
AI00658,SQL
AI00658,Data Visualization
AI00658,TensorFlow
AI00659,GCP
AI00659,Python
AI00659,Linux
AI00659,TensorFlow
AI00659,Deep Learning
AI00660,Computer Vision
AI00660,R
AI00660,Java
AI00661,Hadoop
AI00661,Scala
AI00661,Python
AI00662,Kubernetes
AI00662,Python
AI00662,NLP
AI00663,Mathematics
AI00663,Tableau
AI00663,Data Visualization
AI00663,Java
AI00663,Hadoop
AI00664,Kubernetes
AI00664,Python
AI00664,Deep Learning
AI00664,Java
AI00665,SQL
AI00665,Hadoop
AI00665,Java
AI00665,Azure
AI00665,TensorFlow
AI00666,GCP
AI00666,Spark
AI00666,Azure
AI00666,R
AI00667,Docker
AI00667,Kubernetes
AI00667,Git
AI00668,Computer Vision
AI00668,Statistics
AI00668,R
AI00669,MLOps
AI00669,Kubernetes
AI00669,Azure
AI00669,Git
AI00669,Python
AI00670,Azure
AI00670,Python
AI00670,NLP
AI00670,TensorFlow
AI00671,Computer Vision
AI00671,Azure
AI00671,Java
AI00671,Data Visualization
AI00672,Python
AI00672,Spark
AI00672,TensorFlow
AI00672,Hadoop
AI00673,Linux
AI00673,NLP
AI00673,Kubernetes
AI00674,Tableau
AI00674,Azure
AI00674,GCP
AI00674,Mathematics
AI00675,Java
AI00675,Scala
AI00675,MLOps
AI00675,Data Visualization
AI00675,Azure
AI00676,Scala
AI00676,Java
AI00676,Python
AI00676,NLP
AI00677,Tableau
AI00677,Kubernetes
AI00677,Spark
AI00677,Git
AI00678,Scala
AI00678,Kubernetes
AI00678,Computer Vision
AI00679,R
AI00679,GCP
AI00679,SQL
AI00680,Docker
AI00680,Azure
AI00680,Scala
AI00681,Deep Learning
AI00681,Mathematics
AI00681,PyTorch
AI00681,GCP
AI00682,TensorFlow
AI00682,R
AI00682,Git
AI00682,Java
AI00682,Linux
AI00683,Linux
AI00683,Docker
AI00683,Data Visualization
AI00683,SQL
AI00683,NLP
AI00684,TensorFlow
AI00684,SQL
AI00684,Tableau
AI00685,SQL
AI00685,Linux
AI00685,Scala
AI00685,Statistics
AI00685,Hadoop
AI00686,SQL
AI00686,Hadoop
AI00686,TensorFlow
AI00687,AWS
AI00687,Python
AI00687,Linux
AI00687,Scala
AI00687,TensorFlow
AI00688,Docker
AI00688,Computer Vision
AI00688,NLP
AI00689,Hadoop
AI00689,R
AI00689,Java
AI00690,Docker
AI00690,Hadoop
AI00690,Python
AI00690,Tableau
AI00691,Kubernetes
AI00691,Java
AI00691,NLP
AI00691,Deep Learning
AI00691,R
AI00692,Tableau
AI00692,Docker
AI00692,Java
AI00692,Statistics
AI00692,Hadoop
AI00693,Git
AI00693,Java
AI00693,Mathematics
AI00693,NLP
AI00693,AWS
AI00694,SQL
AI00694,PyTorch
AI00694,Deep Learning
AI00694,Tableau
AI00695,Java
AI00695,AWS
AI00695,Python
AI00695,Data Visualization
AI00695,TensorFlow
AI00696,Data Visualization
AI00696,AWS
AI00696,Python
AI00696,Kubernetes
AI00697,Linux
AI00697,R
AI00697,NLP
AI00697,Mathematics
AI00698,Spark
AI00698,R
AI00698,NLP
AI00698,Computer Vision
AI00699,PyTorch
AI00699,GCP
AI00699,Kubernetes
AI00699,Spark
AI00700,Python
AI00700,Kubernetes
AI00700,SQL
AI00701,GCP
AI00701,Python
AI00701,Azure
AI00701,Linux
AI00701,Deep Learning
AI00702,Git
AI00702,R
AI00702,NLP
AI00703,Git
AI00703,R
AI00703,Python
AI00703,Mathematics
AI00703,Kubernetes
AI00704,Scala
AI00704,AWS
AI00704,NLP
AI00704,Hadoop
AI00704,Data Visualization
AI00705,Scala
AI00705,GCP
AI00705,Java
AI00706,Git
AI00706,PyTorch
AI00706,MLOps
AI00706,NLP
AI00707,Scala
AI00707,Git
AI00707,MLOps
AI00708,SQL
AI00708,PyTorch
AI00708,Tableau
AI00709,R
AI00709,Python
AI00709,Mathematics
AI00709,Computer Vision
AI00710,Python
AI00710,TensorFlow
AI00710,Linux
AI00711,Hadoop
AI00711,Git
AI00711,Python
AI00711,PyTorch
AI00712,Java
AI00712,SQL
AI00712,Docker
AI00712,Tableau
AI00713,Python
AI00713,Git
AI00713,NLP
AI00714,Data Visualization
AI00714,Git
AI00714,Python
AI00714,NLP
AI00715,Spark
AI00715,Java
AI00715,SQL
AI00715,Azure
AI00716,Git
AI00716,Mathematics
AI00716,Computer Vision
AI00716,SQL
AI00717,TensorFlow
AI00717,GCP
AI00717,NLP
AI00717,Docker
AI00718,Python
AI00718,Linux
AI00718,Git
AI00718,PyTorch
AI00719,Kubernetes
AI00719,MLOps
AI00719,AWS
AI00720,Spark
AI00720,TensorFlow
AI00720,Hadoop
AI00721,PyTorch
AI00721,Python
AI00721,NLP
AI00721,Spark
AI00722,Kubernetes
AI00722,NLP
AI00722,Azure
AI00723,Linux
AI00723,Scala
AI00723,Kubernetes
AI00723,Deep Learning
AI00723,Tableau
AI00724,Scala
AI00724,Python
AI00724,Data Visualization
AI00725,NLP
AI00725,PyTorch
AI00725,Python
AI00725,Mathematics
AI00725,Docker
AI00726,Scala
AI00726,AWS
AI00726,Git
AI00726,GCP
AI00726,TensorFlow
AI00727,Scala
AI00727,Java
AI00727,Data Visualization
AI00727,Mathematics
AI00727,AWS
AI00728,Kubernetes
AI00728,Hadoop
AI00728,GCP
AI00729,SQL
AI00729,Deep Learning
AI00729,Tableau
AI00729,Kubernetes
AI00729,Data Visualization
AI00730,SQL
AI00730,Git
AI00730,PyTorch
AI00731,Statistics
AI00731,Computer Vision
AI00731,Tableau
AI00731,Python
AI00731,TensorFlow
AI00732,Azure
AI00732,GCP
AI00732,Python
AI00732,TensorFlow
AI00732,PyTorch
AI00733,Scala
AI00733,Python
AI00733,Mathematics
AI00733,AWS
AI00734,Statistics
AI00734,NLP
AI00734,Python
AI00734,Kubernetes
AI00735,Spark
AI00735,Java
AI00735,Python
AI00735,Statistics
AI00736,Scala
AI00736,Python
AI00736,SQL
AI00736,TensorFlow
AI00737,SQL
AI00737,Deep Learning
AI00737,Python
AI00738,SQL
AI00738,MLOps
AI00738,Deep Learning
AI00739,Computer Vision
AI00739,MLOps
AI00739,TensorFlow
AI00740,Scala
AI00740,TensorFlow
AI00740,Tableau
AI00740,GCP
AI00740,AWS
AI00741,Docker
AI00741,GCP
AI00741,Computer Vision
AI00742,GCP
AI00742,SQL
AI00742,Scala
AI00743,Data Visualization
AI00743,Tableau
AI00743,TensorFlow
AI00744,Git
AI00744,AWS
AI00744,MLOps
AI00744,Linux
AI00745,Git
AI00745,AWS
AI00745,Java
AI00745,PyTorch
AI00746,Scala
AI00746,SQL
AI00746,Azure
AI00747,Docker
AI00747,SQL
AI00747,Scala
AI00747,Deep Learning
AI00747,Mathematics
AI00748,Linux
AI00748,Git
AI00748,Data Visualization
AI00749,Tableau
AI00749,Python
AI00749,Data Visualization
AI00749,Statistics
AI00750,Data Visualization
AI00750,Scala
AI00750,Java
AI00750,GCP
AI00750,Azure
AI00751,NLP
AI00751,Deep Learning
AI00751,Mathematics
AI00751,Computer Vision
AI00751,Hadoop
AI00752,SQL
AI00752,Spark
AI00752,Computer Vision
AI00752,Azure
AI00752,R
AI00753,Hadoop
AI00753,GCP
AI00753,NLP
AI00753,MLOps
AI00753,Deep Learning
AI00754,Azure
AI00754,Hadoop
AI00754,Git
AI00755,Linux
AI00755,Data Visualization
AI00755,R
AI00755,MLOps
AI00756,SQL
AI00756,Azure
AI00756,Tableau
AI00757,Docker
AI00757,Git
AI00757,Statistics
AI00758,AWS
AI00758,MLOps
AI00758,Scala
AI00758,Hadoop
AI00758,Python
AI00759,PyTorch
AI00759,R
AI00759,TensorFlow
AI00759,Python
AI00759,Hadoop
AI00760,Azure
AI00760,Python
AI00760,Linux
AI00760,Kubernetes
AI00760,SQL
AI00761,Deep Learning
AI00761,PyTorch
AI00761,Computer Vision
AI00761,Linux
AI00761,Docker
AI00762,Kubernetes
AI00762,SQL
AI00762,GCP
AI00762,Azure
AI00762,Python
AI00763,Linux
AI00763,Python
AI00763,Mathematics
AI00764,PyTorch
AI00764,Data Visualization
AI00764,MLOps
AI00764,Spark
AI00764,Docker
AI00765,Kubernetes
AI00765,TensorFlow
AI00765,GCP
AI00765,Linux
AI00766,MLOps
AI00766,Python
AI00766,Git
AI00766,Kubernetes
AI00767,Python
AI00767,Kubernetes
AI00767,Azure
AI00767,TensorFlow
AI00767,Java
AI00768,Linux
AI00768,Python
AI00768,MLOps
AI00768,NLP
AI00769,PyTorch
AI00769,SQL
AI00769,Computer Vision
AI00770,Tableau
AI00770,TensorFlow
AI00770,Docker
AI00770,Python
AI00771,SQL
AI00771,Hadoop
AI00771,Computer Vision
AI00771,R
AI00771,GCP
AI00772,Python
AI00772,SQL
AI00772,Kubernetes
AI00772,Computer Vision
AI00772,Java
AI00773,Git
AI00773,Scala
AI00773,Azure
AI00774,PyTorch
AI00774,Hadoop
AI00774,Git
AI00774,Computer Vision
AI00774,R
AI00775,Kubernetes
AI00775,Deep Learning
AI00775,Tableau
AI00775,Spark
AI00775,Java
AI00776,Python
AI00776,R
AI00776,Mathematics
AI00776,Computer Vision
AI00777,Linux
AI00777,GCP
AI00777,Git
AI00777,PyTorch
AI00777,Docker
AI00778,PyTorch
AI00778,Statistics
AI00778,Tableau
AI00779,Python
AI00779,Mathematics
AI00779,NLP
AI00779,Kubernetes
AI00779,Hadoop
AI00780,Python
AI00780,TensorFlow
AI00780,Statistics
AI00780,Git
AI00780,Java
AI00781,Tableau
AI00781,Azure
AI00781,NLP
AI00781,MLOps
AI00782,Kubernetes
AI00782,TensorFlow
AI00782,Statistics
AI00783,R
AI00783,Linux
AI00783,Python
AI00783,Computer Vision
AI00784,Tableau
AI00784,Git
AI00784,Hadoop
AI00785,Deep Learning
AI00785,Statistics
AI00785,Spark
AI00785,Kubernetes
AI00785,Scala
AI00786,Python
AI00786,TensorFlow
AI00786,PyTorch
AI00786,Hadoop
AI00787,Python
AI00787,R
AI00787,MLOps
AI00788,Python
AI00788,AWS
AI00788,Azure
AI00788,Statistics
AI00789,Data Visualization
AI00789,Python
AI00789,NLP
AI00789,Mathematics
AI00789,Kubernetes
AI00790,Computer Vision
AI00790,Spark
AI00790,SQL
AI00790,PyTorch
AI00791,GCP
AI00791,TensorFlow
AI00791,Linux
AI00791,Data Visualization
AI00791,SQL
AI00792,SQL
AI00792,Python
AI00792,Computer Vision
AI00793,Tableau
AI00793,Scala
AI00793,Docker
AI00793,NLP
AI00794,R
AI00794,PyTorch
AI00794,Deep Learning
AI00794,SQL
AI00795,TensorFlow
AI00795,R
AI00795,Python
AI00795,Mathematics
AI00796,Statistics
AI00796,Kubernetes
AI00796,MLOps
AI00796,AWS
AI00797,Java
AI00797,Mathematics
AI00797,GCP
AI00797,Linux
AI00797,NLP
AI00798,Spark
AI00798,Computer Vision
AI00798,Data Visualization
AI00798,NLP
AI00799,Python
AI00799,Git
AI00799,GCP
AI00799,Computer Vision
AI00799,TensorFlow
AI00800,Azure
AI00800,R
AI00800,Kubernetes
AI00801,Azure
AI00801,Scala
AI00801,PyTorch
AI00802,SQL
AI00802,Tableau
AI00802,Data Visualization
AI00802,NLP
AI00802,Hadoop
AI00803,Data Visualization
AI00803,Docker
AI00803,SQL
AI00804,Docker
AI00804,Git
AI00804,Azure
AI00805,Git
AI00805,Java
AI00805,TensorFlow
AI00806,Java
AI00806,Git
AI00806,TensorFlow
AI00806,Data Visualization
AI00807,GCP
AI00807,Tableau
AI00807,Python
AI00807,Data Visualization
AI00807,NLP
AI00808,Git
AI00808,PyTorch
AI00808,SQL
AI00809,Java
AI00809,Scala
AI00809,Data Visualization
AI00809,Mathematics
AI00809,Azure
AI00810,Java
AI00810,Scala
AI00810,Deep Learning
AI00810,Docker
AI00810,NLP
AI00811,Python
AI00811,Data Visualization
AI00811,TensorFlow
AI00811,Git
AI00811,Azure
AI00812,R
AI00812,Python
AI00812,Scala
AI00812,Linux
AI00813,Python
AI00813,SQL
AI00813,NLP
AI00814,Docker
AI00814,Tableau
AI00814,Computer Vision
AI00815,Azure
AI00815,PyTorch
AI00815,Hadoop
AI00816,PyTorch
AI00816,Git
AI00816,Deep Learning
AI00816,Docker
AI00817,NLP
AI00817,Docker
AI00817,Spark
AI00817,SQL
AI00818,SQL
AI00818,Tableau
AI00818,Spark
AI00819,R
AI00819,PyTorch
AI00819,GCP
AI00819,SQL
AI00819,Scala
AI00820,TensorFlow
AI00820,Deep Learning
AI00820,Hadoop
AI00820,Docker
AI00821,Hadoop
AI00821,Data Visualization
AI00821,AWS
AI00821,Computer Vision
AI00822,TensorFlow
AI00822,GCP
AI00822,Kubernetes
AI00822,Python
AI00822,Docker
AI00823,Python
AI00823,Spark
AI00823,MLOps
AI00823,Azure
AI00823,Linux
AI00824,Kubernetes
AI00824,Python
AI00824,Data Visualization
AI00824,Hadoop
AI00825,Docker
AI00825,Linux
AI00825,Mathematics
AI00826,R
AI00826,Spark
AI00826,PyTorch
AI00826,Java
AI00826,Linux
AI00827,Scala
AI00827,PyTorch
AI00827,Statistics
AI00827,Hadoop
AI00828,MLOps
AI00828,SQL
AI00828,Git
AI00828,PyTorch
AI00829,Deep Learning
AI00829,SQL
AI00829,Python
AI00829,Java
AI00830,TensorFlow
AI00830,NLP
AI00830,Git
AI00830,Spark
AI00831,Linux
AI00831,Git
AI00831,Computer Vision
AI00831,Mathematics
AI00832,PyTorch
AI00832,TensorFlow
AI00832,Azure
AI00832,Docker
AI00832,Data Visualization
AI00833,AWS
AI00833,SQL
AI00833,PyTorch
AI00834,SQL
AI00834,TensorFlow
AI00834,MLOps
AI00834,Git
AI00835,MLOps
AI00835,PyTorch
AI00835,Git
AI00835,TensorFlow
AI00836,Java
AI00836,GCP
AI00836,MLOps
AI00836,Tableau
AI00836,Linux
AI00837,MLOps
AI00837,Mathematics
AI00837,Deep Learning
AI00838,Azure
AI00838,Java
AI00838,Data Visualization
AI00839,Tableau
AI00839,GCP
AI00839,MLOps
AI00840,SQL
AI00840,Linux
AI00840,Java
AI00840,PyTorch
AI00841,Hadoop
AI00841,MLOps
AI00841,Computer Vision
AI00841,Tableau
AI00842,Scala
AI00842,AWS
AI00842,Python
AI00842,TensorFlow
AI00843,Python
AI00843,PyTorch
AI00843,Mathematics
AI00844,Kubernetes
AI00844,Git
AI00844,AWS
AI00844,NLP
AI00845,Hadoop
AI00845,Spark
AI00845,Docker
AI00846,R
AI00846,NLP
AI00846,MLOps
AI00846,Tableau
AI00846,Git
AI00847,Hadoop
AI00847,AWS
AI00847,NLP
AI00847,Statistics
AI00848,Mathematics
AI00848,Python
AI00848,Spark
AI00849,Spark
AI00849,Python
AI00849,MLOps
AI00849,NLP
AI00849,TensorFlow
AI00850,Python
AI00850,Docker
AI00850,Git
AI00851,Python
AI00851,Hadoop
AI00851,Tableau
AI00851,NLP
AI00851,Computer Vision
AI00852,Python
AI00852,PyTorch
AI00852,Scala
AI00853,Scala
AI00853,Computer Vision
AI00853,SQL
AI00854,Statistics
AI00854,TensorFlow
AI00854,Scala
AI00855,GCP
AI00855,Statistics
AI00855,Docker
AI00856,Mathematics
AI00856,Hadoop
AI00856,PyTorch
AI00856,Data Visualization
AI00856,Kubernetes
AI00857,PyTorch
AI00857,Kubernetes
AI00857,NLP
AI00858,Computer Vision
AI00858,Spark
AI00858,NLP
AI00858,Azure
AI00858,Python
AI00859,Hadoop
AI00859,SQL
AI00859,Data Visualization
AI00860,Statistics
AI00860,Kubernetes
AI00860,TensorFlow
AI00860,Java
AI00860,Computer Vision
AI00861,NLP
AI00861,Spark
AI00861,AWS
AI00861,Computer Vision
AI00861,Git
AI00862,Mathematics
AI00862,Statistics
AI00862,GCP
AI00863,Python
AI00863,GCP
AI00863,NLP
AI00864,Java
AI00864,Git
AI00864,R
AI00864,Hadoop
AI00865,Python
AI00865,Linux
AI00865,Kubernetes
AI00866,Data Visualization
AI00866,Python
AI00866,Docker
AI00866,AWS
AI00866,PyTorch
AI00867,NLP
AI00867,Python
AI00867,Computer Vision
AI00867,Spark
AI00867,Docker
AI00868,PyTorch
AI00868,AWS
AI00868,Data Visualization
AI00869,Scala
AI00869,Python
AI00869,Linux
AI00870,Linux
AI00870,NLP
AI00870,SQL
AI00870,TensorFlow
AI00870,GCP
AI00871,Python
AI00871,TensorFlow
AI00871,Mathematics
AI00871,Statistics
AI00871,Azure
AI00872,GCP
AI00872,Linux
AI00872,Git
AI00872,AWS
AI00872,Statistics
AI00873,R
AI00873,Statistics
AI00873,Data Visualization
AI00873,GCP
AI00874,AWS
AI00874,SQL
AI00874,Linux
AI00874,Tableau
AI00874,Kubernetes
AI00875,MLOps
AI00875,SQL
AI00875,Kubernetes
AI00875,R
AI00875,Azure
AI00876,NLP
AI00876,Git
AI00876,Scala
AI00876,Linux
AI00877,PyTorch
AI00877,NLP
AI00877,Hadoop
AI00877,Git
AI00877,Computer Vision
AI00878,R
AI00878,Linux
AI00878,Tableau
AI00878,Statistics
AI00879,AWS
AI00879,Python
AI00879,Hadoop
AI00879,Tableau
AI00880,MLOps
AI00880,R
AI00880,Java
AI00881,Python
AI00881,Java
AI00881,Mathematics
AI00881,TensorFlow
AI00882,Python
AI00882,Kubernetes
AI00882,AWS
AI00882,Git
AI00882,Tableau
AI00883,Python
AI00883,Docker
AI00883,AWS
AI00884,TensorFlow
AI00884,Scala
AI00884,NLP
AI00884,Azure
AI00884,Computer Vision
AI00885,SQL
AI00885,Kubernetes
AI00885,Tableau
AI00885,Computer Vision
AI00885,Python
AI00886,Linux
AI00886,R
AI00886,Deep Learning
AI00887,SQL
AI00887,Scala
AI00887,Deep Learning
AI00887,Git
AI00888,Mathematics
AI00888,R
AI00888,Hadoop
AI00889,Java
AI00889,TensorFlow
AI00889,Tableau
AI00889,Deep Learning
AI00889,PyTorch
AI00890,Linux
AI00890,Spark
AI00890,NLP
AI00890,GCP
AI00890,Mathematics
AI00891,Java
AI00891,GCP
AI00891,Scala
AI00892,Scala
AI00892,SQL
AI00892,GCP
AI00892,Hadoop
AI00893,Kubernetes
AI00893,Git
AI00893,Tableau
AI00893,R
AI00894,Kubernetes
AI00894,Java
AI00894,MLOps
AI00895,Python
AI00895,Data Visualization
AI00895,AWS
AI00896,Statistics
AI00896,Kubernetes
AI00896,Tableau
AI00896,Mathematics
AI00896,NLP
AI00897,Kubernetes
AI00897,Azure
AI00897,Mathematics
AI00898,PyTorch
AI00898,Java
AI00898,Computer Vision
AI00899,Git
AI00899,Scala
AI00899,Computer Vision
AI00899,Tableau
AI00899,Java
AI00900,GCP
AI00900,Computer Vision
AI00900,Git
AI00900,Mathematics
AI00901,AWS
AI00901,SQL
AI00901,MLOps
AI00901,Tableau
AI00902,Git
AI00902,R
AI00902,Scala
AI00903,Mathematics
AI00903,SQL
AI00903,Java
AI00903,Data Visualization
AI00904,Git
AI00904,Linux
AI00904,PyTorch
AI00904,Spark
AI00905,Statistics
AI00905,GCP
AI00905,AWS
AI00905,SQL
AI00905,Azure
AI00906,Azure
AI00906,AWS
AI00906,NLP
AI00907,AWS
AI00907,Spark
AI00907,MLOps
AI00907,Kubernetes
AI00908,Statistics
AI00908,Git
AI00908,Data Visualization
AI00908,Deep Learning
AI00908,Python
AI00909,PyTorch
AI00909,Spark
AI00909,TensorFlow
AI00910,Deep Learning
AI00910,R
AI00910,Mathematics
AI00910,Docker
AI00910,Azure
AI00911,GCP
AI00911,R
AI00911,SQL
AI00911,Data Visualization
AI00911,Linux
AI00912,PyTorch
AI00912,Linux
AI00912,GCP
AI00912,Hadoop
AI00912,Computer Vision
AI00913,PyTorch
AI00913,Kubernetes
AI00913,Docker
AI00913,Spark
AI00914,NLP
AI00914,Scala
AI00914,Statistics
AI00914,AWS
AI00915,Java
AI00915,Data Visualization
AI00915,AWS
AI00916,Statistics
AI00916,Scala
AI00916,Hadoop
AI00917,Kubernetes
AI00917,R
AI00917,TensorFlow
AI00917,Python
AI00918,Data Visualization
AI00918,Statistics
AI00918,Python
AI00918,MLOps
AI00918,Tableau
AI00919,Java
AI00919,SQL
AI00919,R
AI00919,Spark
AI00920,SQL
AI00920,Linux
AI00920,Scala
AI00920,GCP
AI00920,Kubernetes
AI00921,AWS
AI00921,Linux
AI00921,Tableau
AI00921,Azure
AI00921,Kubernetes
AI00922,MLOps
AI00922,Java
AI00922,Python
AI00922,GCP
AI00922,NLP
AI00923,Linux
AI00923,Data Visualization
AI00923,PyTorch
AI00923,Deep Learning
AI00924,Azure
AI00924,Data Visualization
AI00924,Java
AI00924,AWS
AI00925,Hadoop
AI00925,SQL
AI00925,PyTorch
AI00926,Tableau
AI00926,Data Visualization
AI00926,Linux
AI00926,Docker
AI00927,Linux
AI00927,Kubernetes
AI00927,R
AI00928,Python
AI00928,Git
AI00928,Linux
AI00928,NLP
AI00929,GCP
AI00929,NLP
AI00929,MLOps
AI00930,Spark
AI00930,Mathematics
AI00930,PyTorch
AI00930,NLP
AI00930,Java
AI00931,SQL
AI00931,Computer Vision
AI00931,Tableau
AI00931,TensorFlow
AI00931,Deep Learning
AI00932,Hadoop
AI00932,AWS
AI00932,Git
AI00932,Scala
AI00932,PyTorch
AI00933,GCP
AI00933,Java
AI00933,Linux
AI00934,Java
AI00934,Mathematics
AI00934,Tableau
AI00935,Git
AI00935,Python
AI00935,Linux
AI00936,TensorFlow
AI00936,Python
AI00936,Deep Learning
AI00936,PyTorch
AI00936,Hadoop
AI00937,MLOps
AI00937,Linux
AI00937,Hadoop
AI00937,PyTorch
AI00937,Computer Vision
AI00938,NLP
AI00938,MLOps
AI00938,PyTorch
AI00939,Statistics
AI00939,PyTorch
AI00939,Java
AI00939,Python
AI00939,Kubernetes
AI00940,Docker
AI00940,Linux
AI00940,Deep Learning
AI00941,Tableau
AI00941,Java
AI00941,Linux
AI00941,Python
AI00941,Azure
AI00942,TensorFlow
AI00942,Spark
AI00942,Computer Vision
AI00943,Hadoop
AI00943,Linux
AI00943,PyTorch
AI00944,Hadoop
AI00944,Git
AI00944,Kubernetes
AI00944,Python
AI00945,Python
AI00945,TensorFlow
AI00945,AWS
AI00945,Deep Learning
AI00946,MLOps
AI00946,NLP
AI00946,Java
AI00946,Docker
AI00947,Hadoop
AI00947,AWS
AI00947,Spark
AI00948,Python
AI00948,TensorFlow
AI00948,Statistics
AI00949,GCP
AI00949,Scala
AI00949,Statistics
AI00950,SQL
AI00950,Mathematics
AI00950,Kubernetes
AI00950,Python
AI00951,Python
AI00951,MLOps
AI00951,SQL
AI00951,Hadoop
AI00951,GCP
AI00952,Azure
AI00952,Hadoop
AI00952,Deep Learning
AI00952,Scala
AI00953,Spark
AI00953,Deep Learning
AI00953,Computer Vision
AI00953,TensorFlow
AI00953,Python
AI00954,MLOps
AI00954,Mathematics
AI00954,TensorFlow
AI00955,Deep Learning
AI00955,Python
AI00955,Hadoop
AI00955,MLOps
AI00956,Mathematics
AI00956,SQL
AI00956,Azure
AI00957,Kubernetes
AI00957,GCP
AI00957,Linux
AI00958,SQL
AI00958,Mathematics
AI00958,MLOps
AI00959,Git
AI00959,PyTorch
AI00959,Computer Vision
AI00960,Java
AI00960,TensorFlow
AI00960,Mathematics
AI00960,Scala
AI00961,Python
AI00961,Linux
AI00961,Azure
AI00961,Computer Vision
AI00961,Deep Learning
AI00962,Statistics
AI00962,TensorFlow
AI00962,Data Visualization
AI00963,Linux
AI00963,Azure
AI00963,Scala
AI00963,Statistics
AI00964,MLOps
AI00964,GCP
AI00964,PyTorch
AI00964,Linux
AI00964,Hadoop
AI00965,R
AI00965,Data Visualization
AI00965,PyTorch
AI00965,AWS
AI00966,Mathematics
AI00966,R
AI00966,Hadoop
AI00966,MLOps
AI00966,Deep Learning
AI00967,Git
AI00967,Python
AI00967,Mathematics
AI00968,Tableau
AI00968,Java
AI00968,Computer Vision
AI00969,Mathematics
AI00969,Deep Learning
AI00969,NLP
AI00970,GCP
AI00970,Hadoop
AI00970,R
AI00971,Hadoop
AI00971,PyTorch
AI00971,AWS
AI00972,Deep Learning
AI00972,NLP
AI00972,R
AI00972,SQL
AI00972,AWS
AI00973,Git
AI00973,PyTorch
AI00973,GCP
AI00974,Docker
AI00974,Azure
AI00974,Tableau
AI00974,Hadoop
AI00975,Python
AI00975,Hadoop
AI00975,GCP
AI00976,Kubernetes
AI00976,Git
AI00976,Linux
AI00976,Deep Learning
AI00976,GCP
AI00977,TensorFlow
AI00977,MLOps
AI00977,Tableau
AI00977,Computer Vision
AI00977,Java
AI00978,Tableau
AI00978,NLP
AI00978,Hadoop
AI00978,R
AI00978,Computer Vision
AI00979,SQL
AI00979,Tableau
AI00979,PyTorch
AI00979,Computer Vision
AI00979,AWS
AI00980,Git
AI00980,Tableau
AI00980,Python
AI00980,MLOps
AI00981,Java
AI00981,Python
AI00981,Hadoop
AI00982,Computer Vision
AI00982,Spark
AI00982,NLP
AI00982,Kubernetes
AI00983,Kubernetes
AI00983,NLP
AI00983,Data Visualization
AI00983,R
AI00983,Hadoop
AI00984,AWS
AI00984,NLP
AI00984,Git
AI00984,Java
AI00985,Python
AI00985,Hadoop
AI00985,Spark
AI00985,TensorFlow
AI00985,Azure
AI00986,GCP
AI00986,Scala
AI00986,Kubernetes
AI00986,Git
AI00987,SQL
AI00987,MLOps
AI00987,Scala
AI00988,GCP
AI00988,Python
AI00988,Mathematics
AI00988,TensorFlow
AI00989,GCP
AI00989,AWS
AI00989,SQL
AI00989,Data Visualization
AI00989,NLP
AI00990,Docker
AI00990,NLP
AI00990,Hadoop
AI00990,Git
AI00991,R
AI00991,MLOps
AI00991,Azure
AI00991,GCP
AI00991,Linux
AI00992,TensorFlow
AI00992,AWS
AI00992,PyTorch
AI00992,Scala
AI00993,Python
AI00993,Docker
AI00993,TensorFlow
AI00994,Data Visualization
AI00994,SQL
AI00994,Docker
AI00994,Git
AI00994,Mathematics
AI00995,AWS
AI00995,Statistics
AI00995,SQL
AI00996,GCP
AI00996,SQL
AI00996,Computer Vision
AI00996,Mathematics
AI00997,AWS
AI00997,Mathematics
AI00997,Java
AI00997,Kubernetes
AI00998,Python
AI00998,AWS
AI00998,TensorFlow
AI00998,Statistics
AI00999,AWS
AI00999,R
AI00999,PyTorch
AI00999,TensorFlow
AI00999,Deep Learning
AI01000,Hadoop
AI01000,Azure
AI01000,NLP
AI01001,PyTorch
AI01001,Kubernetes
AI01001,Docker
AI01001,Scala
AI01001,SQL
AI01002,Git
AI01002,Tableau
AI01002,Data Visualization
AI01002,Linux
AI01003,Hadoop
AI01003,Spark
AI01003,PyTorch
AI01004,Java
AI01004,Git
AI01004,Statistics
AI01004,Mathematics
AI01004,Hadoop
AI01005,Git
AI01005,Python
AI01005,AWS
AI01006,Data Visualization
AI01006,SQL
AI01006,Azure
AI01006,AWS
AI01006,Python
AI01007,SQL
AI01007,R
AI01007,Azure
AI01007,Hadoop
AI01007,Kubernetes
AI01008,Scala
AI01008,Git
AI01008,Mathematics
AI01009,GCP
AI01009,Kubernetes
AI01009,Spark
AI01010,Hadoop
AI01010,R
AI01010,PyTorch
AI01010,Linux
AI01011,Hadoop
AI01011,Git
AI01011,Docker
AI01011,Python
AI01012,Computer Vision
AI01012,PyTorch
AI01012,TensorFlow
AI01012,Azure
AI01013,R
AI01013,Git
AI01013,GCP
AI01013,Statistics
AI01013,NLP
AI01014,MLOps
AI01014,Deep Learning
AI01014,PyTorch
AI01014,AWS
AI01014,Hadoop
AI01015,PyTorch
AI01015,Scala
AI01015,SQL
AI01015,Git
AI01016,Git
AI01016,Data Visualization
AI01016,Java
AI01016,Kubernetes
AI01016,Hadoop
AI01017,Tableau
AI01017,Azure
AI01017,Scala
AI01017,Spark
AI01018,Java
AI01018,Spark
AI01018,Computer Vision
AI01018,NLP
AI01019,R
AI01019,Mathematics
AI01019,Statistics
AI01019,Scala
AI01019,Kubernetes
AI01020,Linux
AI01020,SQL
AI01020,Azure
AI01020,R
AI01021,Python
AI01021,TensorFlow
AI01021,PyTorch
AI01022,GCP
AI01022,SQL
AI01022,Tableau
AI01022,TensorFlow
AI01022,Linux
AI01023,Java
AI01023,Linux
AI01023,SQL
AI01023,Hadoop
AI01023,GCP
AI01024,AWS
AI01024,Docker
AI01024,MLOps
AI01024,Scala
AI01024,Data Visualization
AI01025,PyTorch
AI01025,R
AI01025,Hadoop
AI01026,Spark
AI01026,Docker
AI01026,NLP
AI01026,PyTorch
AI01026,Computer Vision
AI01027,SQL
AI01027,TensorFlow
AI01027,MLOps
AI01027,Computer Vision
AI01028,PyTorch
AI01028,Scala
AI01028,NLP
AI01028,TensorFlow
AI01028,Java
AI01029,Kubernetes
AI01029,Spark
AI01029,Linux
AI01030,SQL
AI01030,R
AI01030,MLOps
AI01030,Deep Learning
AI01030,Statistics
AI01031,MLOps
AI01031,Kubernetes
AI01031,Data Visualization
AI01031,Spark
AI01032,Hadoop
AI01032,Kubernetes
AI01032,Python
AI01032,Deep Learning
AI01032,AWS
AI01033,Docker
AI01033,Python
AI01033,Computer Vision
AI01033,NLP
AI01034,Linux
AI01034,SQL
AI01034,Scala
AI01035,Tableau
AI01035,SQL
AI01035,Python
AI01035,Linux
AI01036,Java
AI01036,Python
AI01036,Kubernetes
AI01037,Kubernetes
AI01037,SQL
AI01037,R
AI01037,Mathematics
AI01037,Spark
AI01038,MLOps
AI01038,TensorFlow
AI01038,Data Visualization
AI01038,SQL
AI01038,GCP
AI01039,Data Visualization
AI01039,Scala
AI01039,Computer Vision
AI01040,Python
AI01040,Kubernetes
AI01040,Deep Learning
AI01040,Spark
AI01041,Kubernetes
AI01041,Java
AI01041,GCP
AI01041,Computer Vision
AI01042,SQL
AI01042,TensorFlow
AI01042,Data Visualization
AI01042,Azure
AI01043,SQL
AI01043,PyTorch
AI01043,Python
AI01043,Hadoop
AI01044,Data Visualization
AI01044,MLOps
AI01044,SQL
AI01044,Docker
AI01044,NLP
AI01045,R
AI01045,Deep Learning
AI01045,SQL
AI01046,AWS
AI01046,Java
AI01046,TensorFlow
AI01047,Deep Learning
AI01047,Kubernetes
AI01047,Computer Vision
AI01048,Python
AI01048,Mathematics
AI01048,R
AI01048,Linux
AI01048,Azure
AI01049,Hadoop
AI01049,Linux
AI01049,Python
AI01049,TensorFlow
AI01050,Hadoop
AI01050,Spark
AI01050,MLOps
AI01050,Computer Vision
AI01050,Scala
AI01051,Kubernetes
AI01051,Git
AI01051,Docker
AI01051,Deep Learning
AI01052,Deep Learning
AI01052,Python
AI01052,Hadoop
AI01053,Spark
AI01053,R
AI01053,Python
AI01054,Python
AI01054,Docker
AI01054,PyTorch
AI01055,AWS
AI01055,Linux
AI01055,Git
AI01055,Java
AI01055,R
AI01056,Kubernetes
AI01056,Hadoop
AI01056,TensorFlow
AI01056,Linux
AI01056,Azure
AI01057,Deep Learning
AI01057,Scala
AI01057,Data Visualization
AI01057,Docker
AI01058,Git
AI01058,Kubernetes
AI01058,Python
AI01058,TensorFlow
AI01059,Python
AI01059,Scala
AI01059,Computer Vision
AI01059,TensorFlow
AI01060,Git
AI01060,PyTorch
AI01060,Java
AI01061,PyTorch
AI01061,Scala
AI01061,Deep Learning
AI01061,Mathematics
AI01062,PyTorch
AI01062,Docker
AI01062,Computer Vision
AI01062,Scala
AI01062,Hadoop
AI01063,SQL
AI01063,NLP
AI01063,MLOps
AI01063,Linux
AI01064,Tableau
AI01064,Mathematics
AI01064,Java
AI01065,Computer Vision
AI01065,Linux
AI01065,TensorFlow
AI01065,Kubernetes
AI01065,Python
AI01066,Azure
AI01066,Data Visualization
AI01066,SQL
AI01066,PyTorch
AI01066,Computer Vision
AI01067,R
AI01067,Docker
AI01067,SQL
AI01067,NLP
AI01068,TensorFlow
AI01068,Linux
AI01068,Computer Vision
AI01068,Hadoop
AI01068,SQL
AI01069,Linux
AI01069,Deep Learning
AI01069,Python
AI01069,Git
AI01069,Tableau
AI01070,Azure
AI01070,Mathematics
AI01070,PyTorch
AI01071,Deep Learning
AI01071,SQL
AI01071,TensorFlow
AI01071,Data Visualization
AI01072,Kubernetes
AI01072,Spark
AI01072,TensorFlow
AI01072,R
AI01073,Statistics
AI01073,SQL
AI01073,PyTorch
AI01073,Azure
AI01073,Java
AI01074,TensorFlow
AI01074,AWS
AI01074,Hadoop
AI01074,Kubernetes
AI01075,Python
AI01075,TensorFlow
AI01075,Tableau
AI01076,Linux
AI01076,PyTorch
AI01076,Python
AI01077,SQL
AI01077,PyTorch
AI01077,Tableau
AI01077,Computer Vision
AI01077,Spark
AI01078,Git
AI01078,Linux
AI01078,NLP
AI01078,Spark
AI01078,Mathematics
AI01079,Azure
AI01079,Java
AI01079,GCP
AI01079,Scala
AI01080,Python
AI01080,Linux
AI01080,Deep Learning
AI01081,Mathematics
AI01081,TensorFlow
AI01081,Scala
AI01081,Deep Learning
AI01082,Kubernetes
AI01082,Hadoop
AI01082,TensorFlow
AI01082,MLOps
AI01082,Data Visualization
AI01083,Linux
AI01083,Deep Learning
AI01083,R
AI01083,Statistics
AI01084,Deep Learning
AI01084,MLOps
AI01084,Scala
AI01084,PyTorch
AI01085,Docker
AI01085,Java
AI01085,Deep Learning
AI01085,Data Visualization
AI01085,Mathematics
AI01086,Python
AI01086,Scala
AI01086,AWS
AI01086,Docker
AI01086,Linux
AI01087,Linux
AI01087,Deep Learning
AI01087,Data Visualization
AI01087,GCP
AI01087,MLOps
AI01088,GCP
AI01088,Python
AI01088,Computer Vision
AI01088,Azure
AI01088,Data Visualization
AI01089,Azure
AI01089,Java
AI01089,Data Visualization
AI01089,Mathematics
AI01089,Kubernetes
AI01090,R
AI01090,NLP
AI01090,Hadoop
AI01091,Scala
AI01091,Spark
AI01091,Statistics
AI01091,Python
AI01092,Hadoop
AI01092,R
AI01092,Data Visualization
AI01092,Docker
AI01093,Scala
AI01093,Kubernetes
AI01093,Data Visualization
AI01093,GCP
AI01093,Linux
AI01094,Deep Learning
AI01094,Java
AI01094,SQL
AI01095,Spark
AI01095,Kubernetes
AI01095,Mathematics
AI01095,Linux
AI01095,SQL
AI01096,Spark
AI01096,PyTorch
AI01096,Kubernetes
AI01096,AWS
AI01096,Docker
AI01097,Data Visualization
AI01097,Hadoop
AI01097,PyTorch
AI01097,AWS
AI01098,Azure
AI01098,SQL
AI01098,Computer Vision
AI01098,Kubernetes
AI01099,Azure
AI01099,Tableau
AI01099,Python
AI01100,Kubernetes
AI01100,Deep Learning
AI01100,Docker
AI01101,Azure
AI01101,Spark
AI01101,Kubernetes
AI01101,Python
AI01101,Hadoop
AI01102,Python
AI01102,TensorFlow
AI01102,MLOps
AI01102,Spark
AI01103,Computer Vision
AI01103,SQL
AI01103,TensorFlow
AI01103,Statistics
AI01104,Scala
AI01104,TensorFlow
AI01104,Tableau
AI01105,NLP
AI01105,Spark
AI01105,PyTorch
AI01105,Statistics
AI01106,Hadoop
AI01106,SQL
AI01106,Statistics
AI01106,Computer Vision
AI01107,Git
AI01107,Deep Learning
AI01107,R
AI01108,Hadoop
AI01108,Python
AI01108,Azure
AI01108,Java
AI01108,GCP
AI01109,Git
AI01109,SQL
AI01109,Deep Learning
AI01109,Docker
AI01109,R
AI01110,GCP
AI01110,Linux
AI01110,Python
AI01110,TensorFlow
AI01111,MLOps
AI01111,Linux
AI01111,Azure
AI01111,Mathematics
AI01112,Azure
AI01112,PyTorch
AI01112,Deep Learning
AI01113,MLOps
AI01113,R
AI01113,Computer Vision
AI01113,Hadoop
AI01114,TensorFlow
AI01114,R
AI01114,Tableau
AI01114,Kubernetes
AI01115,Statistics
AI01115,Git
AI01115,Data Visualization
AI01115,Mathematics
AI01115,R
AI01116,GCP
AI01116,Kubernetes
AI01116,Linux
AI01116,Python
AI01117,Scala
AI01117,SQL
AI01117,Linux
AI01117,NLP
AI01117,Docker
AI01118,Python
AI01118,Scala
AI01118,Tableau
AI01118,Git
AI01118,Mathematics
AI01119,Data Visualization
AI01119,PyTorch
AI01119,Spark
AI01120,Scala
AI01120,Azure
AI01120,Git
AI01121,AWS
AI01121,Computer Vision
AI01121,Java
AI01122,Deep Learning
AI01122,SQL
AI01122,NLP
AI01123,NLP
AI01123,Linux
AI01123,Docker
AI01123,R
AI01124,Data Visualization
AI01124,Docker
AI01124,MLOps
AI01124,Git
AI01125,Python
AI01125,Tableau
AI01125,AWS
AI01125,Mathematics
AI01126,Mathematics
AI01126,Linux
AI01126,Python
AI01126,Computer Vision
AI01126,SQL
AI01127,Python
AI01127,AWS
AI01127,NLP
AI01127,Hadoop
AI01127,Data Visualization
AI01128,Kubernetes
AI01128,Mathematics
AI01128,SQL
AI01128,Azure
AI01128,Tableau
AI01129,Python
AI01129,Hadoop
AI01129,Data Visualization
AI01130,SQL
AI01130,R
AI01130,Statistics
AI01131,Linux
AI01131,AWS
AI01131,Azure
AI01132,PyTorch
AI01132,TensorFlow
AI01132,Spark
AI01133,Statistics
AI01133,Mathematics
AI01133,Computer Vision
AI01133,PyTorch
AI01134,Python
AI01134,Spark
AI01134,Java
AI01135,Java
AI01135,R
AI01135,SQL
AI01135,Kubernetes
AI01136,Kubernetes
AI01136,PyTorch
AI01136,Java
AI01136,Git
AI01136,Computer Vision
AI01137,Data Visualization
AI01137,TensorFlow
AI01137,PyTorch
AI01138,R
AI01138,PyTorch
AI01138,Linux
AI01139,Docker
AI01139,AWS
AI01139,Kubernetes
AI01139,Scala
AI01139,Statistics
AI01140,Azure
AI01140,R
AI01140,Scala
AI01141,TensorFlow
AI01141,Scala
AI01141,SQL
AI01142,AWS
AI01142,TensorFlow
AI01142,Python
AI01143,R
AI01143,MLOps
AI01143,Spark
AI01144,TensorFlow
AI01144,Statistics
AI01144,MLOps
AI01145,Scala
AI01145,Python
AI01145,Deep Learning
AI01145,Mathematics
AI01146,Python
AI01146,Azure
AI01146,SQL
AI01146,NLP
AI01146,Java
AI01147,GCP
AI01147,Java
AI01147,SQL
AI01147,Kubernetes
AI01148,SQL
AI01148,Data Visualization
AI01148,PyTorch
AI01149,Kubernetes
AI01149,TensorFlow
AI01149,Docker
AI01150,MLOps
AI01150,Linux
AI01150,TensorFlow
AI01151,AWS
AI01151,Statistics
AI01151,Mathematics
AI01152,SQL
AI01152,GCP
AI01152,Data Visualization
AI01152,Kubernetes
AI01153,Python
AI01153,TensorFlow
AI01153,PyTorch
AI01154,R
AI01154,Python
AI01154,Computer Vision
AI01154,Deep Learning
AI01155,Tableau
AI01155,PyTorch
AI01155,Java
AI01155,NLP
AI01155,MLOps
AI01156,Kubernetes
AI01156,Mathematics
AI01156,Computer Vision
AI01156,Deep Learning
AI01156,SQL
AI01157,Azure
AI01157,Computer Vision
AI01157,Java
AI01157,Data Visualization
AI01157,Hadoop
AI01158,NLP
AI01158,Tableau
AI01158,Scala
AI01159,Scala
AI01159,Docker
AI01159,Python
AI01159,GCP
AI01160,Tableau
AI01160,Azure
AI01160,Hadoop
AI01160,Python
AI01160,Statistics
AI01161,Linux
AI01161,Spark
AI01161,Tableau
AI01161,NLP
AI01161,SQL
AI01162,Docker
AI01162,Hadoop
AI01162,Python
AI01162,Linux
AI01162,TensorFlow
AI01163,Data Visualization
AI01163,Git
AI01163,TensorFlow
AI01163,SQL
AI01164,TensorFlow
AI01164,Azure
AI01164,SQL
AI01165,Statistics
AI01165,Tableau
AI01165,Python
AI01166,GCP
AI01166,SQL
AI01166,NLP
AI01166,Deep Learning
AI01167,Computer Vision
AI01167,SQL
AI01167,Data Visualization
AI01168,Deep Learning
AI01168,Spark
AI01168,Python
AI01168,MLOps
AI01169,PyTorch
AI01169,AWS
AI01169,Statistics
AI01169,TensorFlow
AI01170,GCP
AI01170,PyTorch
AI01170,TensorFlow
AI01170,Kubernetes
AI01170,Statistics
AI01171,SQL
AI01171,MLOps
AI01171,Kubernetes
AI01171,Statistics
AI01171,Azure
AI01172,Python
AI01172,Java
AI01172,SQL
AI01172,NLP
AI01172,Spark
AI01173,Python
AI01173,Git
AI01173,Docker
AI01173,Linux
AI01174,Data Visualization
AI01174,Docker
AI01174,Kubernetes
AI01174,MLOps
AI01175,PyTorch
AI01175,Data Visualization
AI01175,Scala
AI01175,Docker
AI01175,TensorFlow
AI01176,Java
AI01176,R
AI01176,TensorFlow
AI01176,Mathematics
AI01177,Java
AI01177,Python
AI01177,TensorFlow
AI01177,NLP
AI01178,Mathematics
AI01178,Statistics
AI01178,Docker
AI01179,Spark
AI01179,Azure
AI01179,Deep Learning
AI01179,Hadoop
AI01180,Azure
AI01180,Python
AI01180,Deep Learning
AI01180,R
AI01180,Git
AI01181,Computer Vision
AI01181,Spark
AI01181,Statistics
AI01181,Mathematics
AI01182,AWS
AI01182,Python
AI01182,Azure
AI01182,Statistics
AI01183,AWS
AI01183,Scala
AI01183,Azure
AI01183,Deep Learning
AI01184,Statistics
AI01184,Scala
AI01184,Kubernetes
AI01184,AWS
AI01184,Git
AI01185,AWS
AI01185,Mathematics
AI01185,Azure
AI01185,Deep Learning
AI01186,Hadoop
AI01186,Docker
AI01186,Linux
AI01186,Kubernetes
AI01187,Mathematics
AI01187,PyTorch
AI01187,NLP
AI01187,Python
AI01187,Kubernetes
AI01188,Deep Learning
AI01188,Scala
AI01188,Java
AI01189,Linux
AI01189,Scala
AI01189,Data Visualization
AI01189,TensorFlow
AI01189,AWS
AI01190,Kubernetes
AI01190,SQL
AI01190,Data Visualization
AI01191,PyTorch
AI01191,Kubernetes
AI01191,Computer Vision
AI01192,Azure
AI01192,AWS
AI01192,Data Visualization
AI01192,Computer Vision
AI01192,Python
AI01193,Linux
AI01193,PyTorch
AI01193,Mathematics
AI01193,SQL
AI01193,Statistics
AI01194,Docker
AI01194,SQL
AI01194,NLP
AI01194,PyTorch
AI01194,Kubernetes
AI01195,Hadoop
AI01195,Scala
AI01195,Azure
AI01195,Computer Vision
AI01195,Python
AI01196,Java
AI01196,NLP
AI01196,Hadoop
AI01196,PyTorch
AI01197,Python
AI01197,Linux
AI01197,Spark
AI01197,SQL
AI01197,Statistics
AI01198,PyTorch
AI01198,Azure
AI01198,Scala
AI01198,Data Visualization
AI01199,Hadoop
AI01199,Spark
AI01199,MLOps
AI01199,Statistics
AI01200,Data Visualization
AI01200,GCP
AI01200,PyTorch
AI01200,Kubernetes
AI01200,Docker
AI01201,Azure
AI01201,Scala
AI01201,Statistics
AI01202,Data Visualization
AI01202,Spark
AI01202,Kubernetes
AI01202,NLP
AI01203,Hadoop
AI01203,PyTorch
AI01203,Java
AI01204,SQL
AI01204,Kubernetes
AI01204,Mathematics
AI01205,Docker
AI01205,Python
AI01205,Deep Learning
AI01206,Git
AI01206,Python
AI01206,MLOps
AI01206,Scala
AI01207,Python
AI01207,Spark
AI01207,Docker
AI01208,Java
AI01208,Python
AI01208,MLOps
AI01208,Spark
AI01209,GCP
AI01209,Azure
AI01209,Python
AI01210,PyTorch
AI01210,Linux
AI01210,Java
AI01210,Data Visualization
AI01210,GCP
AI01211,SQL
AI01211,AWS
AI01211,Deep Learning
AI01211,Git
AI01212,Computer Vision
AI01212,Java
AI01212,GCP
AI01212,Spark
AI01213,R
AI01213,SQL
AI01213,Linux
AI01214,NLP
AI01214,Spark
AI01214,Git
AI01215,TensorFlow
AI01215,Java
AI01215,Tableau
AI01216,Scala
AI01216,Python
AI01216,MLOps
AI01216,AWS
AI01216,Docker
AI01217,Linux
AI01217,Computer Vision
AI01217,Azure
AI01217,Hadoop
AI01218,Docker
AI01218,Python
AI01218,Mathematics
AI01219,Python
AI01219,Scala
AI01219,Kubernetes
AI01220,Scala
AI01220,R
AI01220,SQL
AI01220,Java
AI01220,Computer Vision
AI01221,PyTorch
AI01221,Linux
AI01221,GCP
AI01221,TensorFlow
AI01222,AWS
AI01222,Tableau
AI01222,Scala
AI01222,PyTorch
AI01222,Computer Vision
AI01223,Scala
AI01223,Git
AI01223,Python
AI01223,Spark
AI01223,SQL
AI01224,Python
AI01224,Scala
AI01224,MLOps
AI01225,Azure
AI01225,TensorFlow
AI01225,Git
AI01225,GCP
AI01226,SQL
AI01226,Data Visualization
AI01226,PyTorch
AI01226,Computer Vision
AI01227,Spark
AI01227,PyTorch
AI01227,Python
AI01227,GCP
AI01228,Kubernetes
AI01228,NLP
AI01228,TensorFlow
AI01228,Mathematics
AI01228,Docker
AI01229,Git
AI01229,Deep Learning
AI01229,Python
AI01229,Hadoop
AI01229,Mathematics
AI01230,PyTorch
AI01230,Docker
AI01230,Azure
AI01231,PyTorch
AI01231,NLP
AI01231,Git
AI01231,Computer Vision
AI01231,Statistics
AI01232,PyTorch
AI01232,Python
AI01232,Mathematics
AI01232,Deep Learning
AI01232,Java
AI01233,Docker
AI01233,GCP
AI01233,Tableau
AI01233,Statistics
AI01234,TensorFlow
AI01234,Azure
AI01234,Mathematics
AI01234,Statistics
AI01234,Computer Vision
AI01235,Git
AI01235,Python
AI01235,Mathematics
AI01235,Statistics
AI01235,TensorFlow
AI01236,Mathematics
AI01236,Scala
AI01236,AWS
AI01236,Deep Learning
AI01236,SQL
AI01237,Tableau
AI01237,SQL
AI01237,Kubernetes
AI01237,Data Visualization
AI01238,Scala
AI01238,SQL
AI01238,Statistics
AI01238,Deep Learning
AI01239,Python
AI01239,Kubernetes
AI01239,Data Visualization
AI01239,TensorFlow
AI01239,Scala
AI01240,Java
AI01240,Python
AI01240,GCP
AI01240,MLOps
AI01240,Azure
AI01241,Tableau
AI01241,Python
AI01241,MLOps
AI01241,Spark
AI01241,Mathematics
AI01242,Spark
AI01242,Scala
AI01242,Azure
AI01242,Deep Learning
AI01243,Data Visualization
AI01243,Java
AI01243,PyTorch
AI01244,Java
AI01244,MLOps
AI01244,R
AI01244,Kubernetes
AI01245,Java
AI01245,NLP
AI01245,R
AI01245,Statistics
AI01246,Deep Learning
AI01246,Hadoop
AI01246,Python
AI01247,Hadoop
AI01247,AWS
AI01247,Python
AI01247,GCP
AI01248,TensorFlow
AI01248,PyTorch
AI01248,Git
AI01248,Python
AI01249,AWS
AI01249,R
AI01249,Mathematics
AI01249,Azure
AI01249,Deep Learning
AI01250,Java
AI01250,Spark
AI01250,Tableau
AI01250,Kubernetes
AI01250,GCP
AI01251,Java
AI01251,MLOps
AI01251,Data Visualization
AI01252,Tableau
AI01252,SQL
AI01252,Python
AI01252,Mathematics
AI01252,Scala
AI01253,AWS
AI01253,Docker
AI01253,Git
AI01253,Python
AI01254,Computer Vision
AI01254,Spark
AI01254,MLOps
AI01254,Python
AI01255,Git
AI01255,Python
AI01255,Docker
AI01255,Tableau
AI01255,Linux
AI01256,Computer Vision
AI01256,NLP
AI01256,TensorFlow
AI01257,Kubernetes
AI01257,Java
AI01257,NLP
AI01257,SQL
AI01258,SQL
AI01258,R
AI01258,Kubernetes
AI01258,Linux
AI01259,GCP
AI01259,Python
AI01259,Java
AI01259,SQL
AI01260,Python
AI01260,Hadoop
AI01260,TensorFlow
AI01261,TensorFlow
AI01261,Spark
AI01261,Git
AI01261,Python
AI01261,GCP
AI01262,Git
AI01262,Azure
AI01262,Linux
AI01263,Scala
AI01263,NLP
AI01263,SQL
AI01263,PyTorch
AI01264,Kubernetes
AI01264,Tableau
AI01264,Scala
AI01264,Python
AI01264,Linux
AI01265,AWS
AI01265,Azure
AI01265,Hadoop
AI01266,Python
AI01266,SQL
AI01266,Tableau
AI01266,MLOps
AI01267,Python
AI01267,TensorFlow
AI01267,Data Visualization
AI01268,R
AI01268,Computer Vision
AI01268,Hadoop
AI01268,SQL
AI01269,Mathematics
AI01269,NLP
AI01269,Kubernetes
AI01270,AWS
AI01270,Scala
AI01270,Deep Learning
AI01270,Spark
AI01270,GCP
AI01271,Scala
AI01271,Deep Learning
AI01271,Data Visualization
AI01271,R
AI01272,Computer Vision
AI01272,Scala
AI01272,NLP
AI01273,R
AI01273,Python
AI01273,Linux
AI01273,MLOps
AI01273,Azure
AI01274,GCP
AI01274,Data Visualization
AI01274,Hadoop
AI01275,PyTorch
AI01275,Computer Vision
AI01275,SQL
AI01276,Deep Learning
AI01276,Git
AI01276,GCP
AI01277,AWS
AI01277,GCP
AI01277,Data Visualization
AI01277,Statistics
AI01277,Python
AI01278,Spark
AI01278,Scala
AI01278,NLP
AI01279,PyTorch
AI01279,AWS
AI01279,GCP
AI01279,TensorFlow
AI01279,Azure
AI01280,Python
AI01280,TensorFlow
AI01280,PyTorch
AI01281,SQL
AI01281,Git
AI01281,Statistics
AI01281,PyTorch
AI01281,AWS
AI01282,Hadoop
AI01282,SQL
AI01282,Linux
AI01282,Computer Vision
AI01283,Docker
AI01283,Hadoop
AI01283,Kubernetes
AI01283,Mathematics
AI01283,Git
AI01284,Python
AI01284,Hadoop
AI01284,NLP
AI01284,Mathematics
AI01284,GCP
AI01285,Git
AI01285,Computer Vision
AI01285,Hadoop
AI01285,MLOps
AI01285,Python
AI01286,TensorFlow
AI01286,Linux
AI01286,NLP
AI01286,Git
AI01287,GCP
AI01287,TensorFlow
AI01287,Computer Vision
AI01287,Python
AI01288,Git
AI01288,Linux
AI01288,GCP
AI01288,Deep Learning
AI01289,Spark
AI01289,Computer Vision
AI01289,NLP
AI01290,Python
AI01290,Scala
AI01290,Docker
AI01291,Mathematics
AI01291,R
AI01291,Git
AI01291,SQL
AI01292,Python
AI01292,GCP
AI01292,AWS
AI01292,TensorFlow
AI01292,PyTorch
AI01293,Kubernetes
AI01293,Linux
AI01293,Mathematics
AI01294,Linux
AI01294,TensorFlow
AI01294,NLP
AI01295,Azure
AI01295,Git
AI01295,Mathematics
AI01295,Python
AI01296,Spark
AI01296,Computer Vision
AI01296,SQL
AI01297,Azure
AI01297,GCP
AI01297,Docker
AI01298,AWS
AI01298,Java
AI01298,Spark
AI01298,NLP
AI01299,Data Visualization
AI01299,Hadoop
AI01299,Kubernetes
AI01299,Python
AI01299,TensorFlow
AI01300,SQL
AI01300,Hadoop
AI01300,Data Visualization
AI01300,Deep Learning
AI01301,R
AI01301,SQL
AI01301,Tableau
AI01302,Java
AI01302,PyTorch
AI01302,Python
AI01302,Kubernetes
AI01303,Azure
AI01303,Java
AI01303,Spark
AI01303,SQL
AI01304,NLP
AI01304,Python
AI01304,GCP
AI01304,Data Visualization
AI01305,AWS
AI01305,Scala
AI01305,Python
AI01305,Statistics
AI01305,TensorFlow
AI01306,Python
AI01306,GCP
AI01306,Data Visualization
AI01307,Scala
AI01307,Python
AI01307,GCP
AI01307,Azure
AI01308,Git
AI01308,NLP
AI01308,TensorFlow
AI01308,R
AI01309,MLOps
AI01309,Statistics
AI01309,Data Visualization
AI01309,Python
AI01310,NLP
AI01310,Computer Vision
AI01310,Statistics
AI01310,Deep Learning
AI01310,Tableau
AI01311,Python
AI01311,AWS
AI01311,MLOps
AI01312,Deep Learning
AI01312,PyTorch
AI01312,Azure
AI01312,Tableau
AI01313,Scala
AI01313,NLP
AI01313,Data Visualization
AI01313,Java
AI01314,PyTorch
AI01314,R
AI01314,Java
AI01314,Data Visualization
AI01315,MLOps
AI01315,Linux
AI01315,Deep Learning
AI01315,TensorFlow
AI01315,PyTorch
AI01316,SQL
AI01316,Tableau
AI01316,PyTorch
AI01317,Tableau
AI01317,R
AI01317,AWS
AI01317,PyTorch
AI01318,SQL
AI01318,Kubernetes
AI01318,Linux
AI01318,MLOps
AI01318,Deep Learning
AI01319,Spark
AI01319,Hadoop
AI01319,Python
AI01319,NLP
AI01319,Git
AI01320,GCP
AI01320,Linux
AI01320,Kubernetes
AI01320,Scala
AI01320,Azure
AI01321,SQL
AI01321,PyTorch
AI01321,Linux
AI01322,GCP
AI01322,Azure
AI01322,Git
AI01323,Computer Vision
AI01323,SQL
AI01323,GCP
AI01324,Java
AI01324,Tableau
AI01324,Computer Vision
AI01324,TensorFlow
AI01324,Kubernetes
AI01325,SQL
AI01325,Docker
AI01325,Python
AI01325,Java
AI01326,Hadoop
AI01326,Mathematics
AI01326,GCP
AI01327,Computer Vision
AI01327,SQL
AI01327,Hadoop
AI01328,Scala
AI01328,Linux
AI01328,Hadoop
AI01328,Java
AI01328,Git
AI01329,AWS
AI01329,PyTorch
AI01329,TensorFlow
AI01329,Linux
AI01330,TensorFlow
AI01330,Data Visualization
AI01330,Azure
AI01331,Data Visualization
AI01331,SQL
AI01331,Git
AI01331,Mathematics
AI01332,Git
AI01332,Data Visualization
AI01332,Mathematics
AI01332,Python
AI01333,Linux
AI01333,R
AI01333,Azure
AI01334,Mathematics
AI01334,Hadoop
AI01334,Git
AI01334,Statistics
AI01334,Java
AI01335,Git
AI01335,Data Visualization
AI01335,Kubernetes
AI01336,Kubernetes
AI01336,Linux
AI01336,Data Visualization
AI01336,TensorFlow
AI01337,Java
AI01337,Python
AI01337,Spark
AI01337,SQL
AI01337,MLOps
AI01338,Hadoop
AI01338,Scala
AI01338,MLOps
AI01339,Tableau
AI01339,SQL
AI01339,Python
AI01339,TensorFlow
AI01340,Git
AI01340,Java
AI01340,Linux
AI01340,SQL
AI01340,Mathematics
AI01341,Kubernetes
AI01341,Azure
AI01341,Scala
AI01342,AWS
AI01342,TensorFlow
AI01342,Computer Vision
AI01343,Scala
AI01343,Java
AI01343,Mathematics
AI01344,Python
AI01344,TensorFlow
AI01344,NLP
AI01344,Scala
AI01344,Data Visualization
AI01345,AWS
AI01345,Kubernetes
AI01345,Statistics
AI01345,Tableau
AI01346,R
AI01346,Statistics
AI01346,SQL
AI01346,Kubernetes
AI01346,GCP
AI01347,Java
AI01347,Git
AI01347,Computer Vision
AI01347,Mathematics
AI01348,SQL
AI01348,PyTorch
AI01348,TensorFlow
AI01348,Hadoop
AI01349,Java
AI01349,AWS
AI01349,Git
AI01349,Spark
AI01350,Java
AI01350,Linux
AI01350,Azure
AI01351,PyTorch
AI01351,Statistics
AI01351,Linux
AI01352,SQL
AI01352,Computer Vision
AI01352,MLOps
AI01353,SQL
AI01353,Azure
AI01353,Data Visualization
AI01353,GCP
AI01354,R
AI01354,Azure
AI01354,Mathematics
AI01354,TensorFlow
AI01354,Python
AI01355,MLOps
AI01355,Hadoop
AI01355,TensorFlow
AI01356,Git
AI01356,Computer Vision
AI01356,MLOps
AI01356,Deep Learning
AI01357,Java
AI01357,NLP
AI01357,PyTorch
AI01357,SQL
AI01358,Scala
AI01358,Java
AI01358,R
AI01358,Docker
AI01358,Deep Learning
AI01359,SQL
AI01359,Tableau
AI01359,Python
AI01359,Data Visualization
AI01359,GCP
AI01360,Docker
AI01360,R
AI01360,Python
AI01361,Spark
AI01361,Kubernetes
AI01361,Scala
AI01362,Scala
AI01362,PyTorch
AI01362,Hadoop
AI01363,Git
AI01363,Data Visualization
AI01363,NLP
AI01364,MLOps
AI01364,SQL
AI01364,Deep Learning
AI01364,NLP
AI01365,MLOps
AI01365,GCP
AI01365,Kubernetes
AI01366,SQL
AI01366,MLOps
AI01366,Kubernetes
AI01366,Hadoop
AI01367,Java
AI01367,MLOps
AI01367,Scala
AI01367,Azure
AI01367,Deep Learning
AI01368,Deep Learning
AI01368,Linux
AI01368,Python
AI01368,Docker
AI01368,Git
AI01369,R
AI01369,AWS
AI01369,SQL
AI01370,R
AI01370,Docker
AI01370,Linux
AI01370,Python
AI01370,Data Visualization
AI01371,SQL
AI01371,Deep Learning
AI01371,Python
AI01372,Hadoop
AI01372,NLP
AI01372,Spark
AI01372,Data Visualization
AI01373,Spark
AI01373,Hadoop
AI01373,Kubernetes
AI01374,PyTorch
AI01374,NLP
AI01374,Tableau
AI01374,Computer Vision
AI01375,Linux
AI01375,AWS
AI01375,Azure
AI01376,Data Visualization
AI01376,Python
AI01376,TensorFlow
AI01377,Mathematics
AI01377,Linux
AI01377,Python
AI01378,Python
AI01378,Linux
AI01378,Statistics
AI01378,Kubernetes
AI01379,Python
AI01379,Linux
AI01379,TensorFlow
AI01379,Mathematics
AI01379,Hadoop
AI01380,Azure
AI01380,R
AI01380,Git
AI01380,MLOps
AI01381,PyTorch
AI01381,Scala
AI01381,Git
AI01382,Scala
AI01382,Data Visualization
AI01382,Kubernetes
AI01382,Python
AI01383,SQL
AI01383,Python
AI01383,Statistics
AI01383,GCP
AI01384,GCP
AI01384,Deep Learning
AI01384,AWS
AI01384,Spark
AI01384,Tableau
AI01385,SQL
AI01385,PyTorch
AI01385,AWS
AI01385,Java
AI01386,Computer Vision
AI01386,Python
AI01386,GCP
AI01387,AWS
AI01387,SQL
AI01387,Data Visualization
AI01387,PyTorch
AI01387,Docker
AI01388,Git
AI01388,Linux
AI01388,Azure
AI01388,Python
AI01389,Linux
AI01389,Kubernetes
AI01389,MLOps
AI01389,TensorFlow
AI01390,Python
AI01390,NLP
AI01390,MLOps
AI01390,SQL
AI01390,Statistics
AI01391,Tableau
AI01391,MLOps
AI01391,Deep Learning
AI01392,Linux
AI01392,Python
AI01392,Git
AI01392,Data Visualization
AI01393,AWS
AI01393,Tableau
AI01393,Computer Vision
AI01393,GCP
AI01394,Spark
AI01394,Python
AI01394,Mathematics
AI01394,Git
AI01395,R
AI01395,Git
AI01395,Mathematics
AI01395,Java
AI01395,Python
AI01396,Spark
AI01396,TensorFlow
AI01396,PyTorch
AI01396,Mathematics
AI01396,Git
AI01397,Data Visualization
AI01397,Linux
AI01397,Azure
AI01398,GCP
AI01398,Python
AI01398,Spark
AI01398,NLP
AI01398,Kubernetes
AI01399,Linux
AI01399,MLOps
AI01399,Spark
AI01399,SQL
AI01399,Azure
AI01400,Kubernetes
AI01400,Java
AI01400,Azure
AI01400,GCP
AI01401,Linux
AI01401,Kubernetes
AI01401,Data Visualization
AI01401,GCP
AI01401,Scala
AI01402,Hadoop
AI01402,GCP
AI01402,AWS
AI01403,Git
AI01403,Deep Learning
AI01403,MLOps
AI01403,Statistics
AI01403,PyTorch
AI01404,Python
AI01404,Computer Vision
AI01404,Git
AI01404,Kubernetes
AI01405,Deep Learning
AI01405,SQL
AI01405,PyTorch
AI01406,Scala
AI01406,Tableau
AI01406,NLP
AI01407,PyTorch
AI01407,Git
AI01407,Computer Vision
AI01407,Linux
AI01408,Scala
AI01408,Python
AI01408,Git
AI01408,Hadoop
AI01408,Tableau
AI01409,Mathematics
AI01409,Computer Vision
AI01409,NLP
AI01409,GCP
AI01409,Git
AI01410,AWS
AI01410,Java
AI01410,Azure
AI01410,Git
AI01411,Spark
AI01411,Java
AI01411,Data Visualization
AI01412,Python
AI01412,Scala
AI01412,Computer Vision
AI01412,Azure
AI01412,MLOps
AI01413,TensorFlow
AI01413,Tableau
AI01413,PyTorch
AI01413,Hadoop
AI01413,Python
AI01414,MLOps
AI01414,Linux
AI01414,Mathematics
AI01414,NLP
AI01415,Linux
AI01415,Azure
AI01415,Computer Vision
AI01415,R
AI01416,Python
AI01416,Azure
AI01416,R
AI01417,Git
AI01417,Kubernetes
AI01417,Statistics
AI01417,Azure
AI01417,Linux
AI01418,Python
AI01418,TensorFlow
AI01418,Spark
AI01419,Spark
AI01419,GCP
AI01419,Java
AI01420,Data Visualization
AI01420,Linux
AI01420,Computer Vision
AI01420,SQL
AI01421,Spark
AI01421,AWS
AI01421,Mathematics
AI01421,MLOps
AI01422,Git
AI01422,Mathematics
AI01422,Deep Learning
AI01422,Java
AI01422,SQL
AI01423,Java
AI01423,PyTorch
AI01423,R
AI01424,Python
AI01424,Spark
AI01424,PyTorch
AI01424,Scala
AI01424,Deep Learning
AI01425,SQL
AI01425,PyTorch
AI01425,Kubernetes
AI01425,R
AI01425,TensorFlow
AI01426,SQL
AI01426,Git
AI01426,Mathematics
AI01427,Deep Learning
AI01427,Spark
AI01427,Data Visualization
AI01428,Linux
AI01428,Git
AI01428,Deep Learning
AI01429,Kubernetes
AI01429,Linux
AI01429,Tableau
AI01429,Python
AI01429,TensorFlow
AI01430,GCP
AI01430,Python
AI01430,NLP
AI01430,Deep Learning
AI01431,Linux
AI01431,Docker
AI01431,Data Visualization
AI01431,Kubernetes
AI01431,Java
AI01432,R
AI01432,Tableau
AI01432,Kubernetes
AI01432,Computer Vision
AI01433,Statistics
AI01433,Python
AI01433,Computer Vision
AI01433,TensorFlow
AI01434,Python
AI01434,NLP
AI01434,Azure
AI01435,Azure
AI01435,SQL
AI01435,Statistics
AI01435,Tableau
AI01435,Computer Vision
AI01436,Deep Learning
AI01436,Java
AI01436,NLP
AI01437,SQL
AI01437,Azure
AI01437,Java
AI01437,TensorFlow
AI01437,Docker
AI01438,Mathematics
AI01438,SQL
AI01438,Python
AI01438,Java
AI01439,Docker
AI01439,Scala
AI01439,Git
AI01439,R
AI01439,MLOps
AI01440,Docker
AI01440,Java
AI01440,R
AI01440,SQL
AI01440,Tableau
AI01441,Linux
AI01441,SQL
AI01441,Computer Vision
AI01441,Python
AI01441,AWS
AI01442,AWS
AI01442,Tableau
AI01442,Kubernetes
AI01442,Spark
AI01442,Data Visualization
AI01443,GCP
AI01443,Git
AI01443,NLP
AI01443,Computer Vision
AI01443,Python
AI01444,NLP
AI01444,Hadoop
AI01444,Deep Learning
AI01444,Python
AI01444,Java
AI01445,Python
AI01445,TensorFlow
AI01445,Deep Learning
AI01445,Git
AI01446,SQL
AI01446,Kubernetes
AI01446,Tableau
AI01446,Linux
AI01447,Tableau
AI01447,Hadoop
AI01447,Statistics
AI01447,Mathematics
AI01448,SQL
AI01448,Linux
AI01448,Git
AI01448,Python
AI01449,SQL
AI01449,Scala
AI01449,GCP
AI01449,Computer Vision
AI01449,Data Visualization
AI01450,AWS
AI01450,Kubernetes
AI01450,NLP
AI01450,Scala
AI01450,Azure
AI01451,MLOps
AI01451,AWS
AI01451,Azure
AI01451,Deep Learning
AI01452,R
AI01452,Computer Vision
AI01452,Data Visualization
AI01453,Azure
AI01453,SQL
AI01453,Data Visualization
AI01454,Spark
AI01454,R
AI01454,Java
AI01454,Hadoop
AI01455,MLOps
AI01455,Git
AI01455,R
AI01456,Computer Vision
AI01456,R
AI01456,NLP
AI01456,Scala
AI01457,Tableau
AI01457,Kubernetes
AI01457,Spark
AI01457,PyTorch
AI01458,Kubernetes
AI01458,Hadoop
AI01458,Computer Vision
AI01459,SQL
AI01459,Data Visualization
AI01459,GCP
AI01459,Computer Vision
AI01459,Git
AI01460,SQL
AI01460,Linux
AI01460,Scala
AI01461,Git
AI01461,Python
AI01461,GCP
AI01462,Mathematics
AI01462,Tableau
AI01462,Scala
AI01463,Python
AI01463,R
AI01463,Linux
AI01463,GCP
AI01463,AWS
AI01464,Scala
AI01464,Data Visualization
AI01464,Hadoop
AI01465,Tableau
AI01465,PyTorch
AI01465,SQL
AI01465,Spark
AI01465,Hadoop
AI01466,Azure
AI01466,AWS
AI01466,Tableau
AI01467,Kubernetes
AI01467,Computer Vision
AI01467,Python
AI01467,TensorFlow
AI01467,Deep Learning
AI01468,Git
AI01468,PyTorch
AI01468,Computer Vision
AI01469,Deep Learning
AI01469,Python
AI01469,R
AI01469,Tableau
AI01469,MLOps
AI01470,R
AI01470,Git
AI01470,MLOps
AI01470,Python
AI01470,GCP
AI01471,SQL
AI01471,Java
AI01471,Docker
AI01471,GCP
AI01471,Linux
AI01472,Java
AI01472,NLP
AI01472,Tableau
AI01473,Python
AI01473,Spark
AI01473,Data Visualization
AI01473,GCP
AI01473,TensorFlow
AI01474,R
AI01474,Deep Learning
AI01474,Scala
AI01475,Deep Learning
AI01475,Linux
AI01475,SQL
AI01475,Azure
AI01476,SQL
AI01476,Linux
AI01476,Data Visualization
AI01476,Azure
AI01476,TensorFlow
AI01477,Spark
AI01477,TensorFlow
AI01477,R
AI01477,Scala
AI01477,AWS
AI01478,Mathematics
AI01478,MLOps
AI01478,Hadoop
AI01478,Docker
AI01479,Data Visualization
AI01479,Scala
AI01479,Docker
AI01479,Hadoop
AI01479,GCP
AI01480,R
AI01480,SQL
AI01480,MLOps
AI01480,PyTorch
AI01480,Computer Vision
AI01481,Git
AI01481,Mathematics
AI01481,SQL
AI01481,Deep Learning
AI01481,Python
AI01482,Git
AI01482,AWS
AI01482,Docker
AI01482,Deep Learning
AI01482,Statistics
AI01483,Git
AI01483,AWS
AI01483,TensorFlow
AI01484,Python
AI01484,Tableau
AI01484,Git
AI01485,Linux
AI01485,Kubernetes
AI01485,Git
AI01485,Computer Vision
AI01485,Azure
AI01486,Python
AI01486,Azure
AI01486,Statistics
AI01487,Computer Vision
AI01487,Statistics
AI01487,Tableau
AI01487,Data Visualization
AI01488,Java
AI01488,Kubernetes
AI01488,SQL
AI01488,AWS
AI01488,Docker
AI01489,Docker
AI01489,NLP
AI01489,Tableau
AI01489,Statistics
AI01490,Python
AI01490,Azure
AI01490,TensorFlow
AI01490,Deep Learning
AI01491,PyTorch
AI01491,Docker
AI01491,Linux
AI01491,Computer Vision
AI01492,Java
AI01492,Python
AI01492,Kubernetes
AI01493,Scala
AI01493,Java
AI01493,Linux
AI01494,Python
AI01494,TensorFlow
AI01494,PyTorch
AI01495,Computer Vision
AI01495,AWS
AI01495,Git
AI01495,PyTorch
AI01495,Data Visualization
AI01496,NLP
AI01496,Linux
AI01496,Kubernetes
AI01497,Spark
AI01497,Python
AI01497,Kubernetes
AI01498,Python
AI01498,Java
AI01498,Statistics
AI01498,Kubernetes
AI01499,SQL
AI01499,Deep Learning
AI01499,GCP
AI01500,Tableau
AI01500,Docker
AI01500,SQL
AI01500,NLP
AI01501,R
AI01501,Statistics
AI01501,SQL
AI01501,PyTorch
AI01502,PyTorch
AI01502,Git
AI01502,Statistics
AI01503,Tableau
AI01503,Python
AI01503,TensorFlow
AI01504,SQL
AI01504,Kubernetes
AI01504,Statistics
AI01504,Deep Learning
AI01505,Deep Learning
AI01505,Linux
AI01505,Data Visualization
AI01506,SQL
AI01506,Scala
AI01506,Mathematics
AI01506,Git
AI01506,GCP
AI01507,Docker
AI01507,Spark
AI01507,Tableau
AI01507,Scala
AI01507,Azure
AI01508,Python
AI01508,Kubernetes
AI01508,GCP
AI01509,Python
AI01509,TensorFlow
AI01509,Docker
AI01510,Scala
AI01510,Java
AI01510,Linux
AI01510,MLOps
AI01510,Statistics
AI01511,Spark
AI01511,Docker
AI01511,Java
AI01512,NLP
AI01512,PyTorch
AI01512,Java
AI01513,MLOps
AI01513,Kubernetes
AI01513,Python
AI01513,NLP
AI01514,Java
AI01514,Spark
AI01514,Scala
AI01515,Linux
AI01515,TensorFlow
AI01515,Python
AI01515,Azure
AI01516,Statistics
AI01516,NLP
AI01516,AWS
AI01516,Azure
AI01516,Mathematics
AI01517,PyTorch
AI01517,Linux
AI01517,Kubernetes
AI01517,AWS
AI01517,Docker
AI01518,SQL
AI01518,Hadoop
AI01518,PyTorch
AI01519,Hadoop
AI01519,Kubernetes
AI01519,Data Visualization
AI01520,Java
AI01520,SQL
AI01520,Git
AI01520,Scala
AI01520,NLP
AI01521,AWS
AI01521,Statistics
AI01521,Azure
AI01521,Computer Vision
AI01522,Kubernetes
AI01522,Java
AI01522,SQL
AI01522,Data Visualization
AI01522,Python
AI01523,Python
AI01523,Kubernetes
AI01523,Computer Vision
AI01523,Azure
AI01523,Linux
AI01524,Azure
AI01524,Deep Learning
AI01524,Tableau
AI01524,Kubernetes
AI01524,R
AI01525,Computer Vision
AI01525,Deep Learning
AI01525,Kubernetes
AI01526,GCP
AI01526,Spark
AI01526,Hadoop
AI01526,Git
AI01526,SQL
AI01527,Python
AI01527,Java
AI01527,GCP
AI01527,Azure
AI01528,Scala
AI01528,SQL
AI01528,GCP
AI01528,R
AI01528,Python
AI01529,TensorFlow
AI01529,Linux
AI01529,Tableau
AI01529,Data Visualization
AI01530,Scala
AI01530,Python
AI01530,Computer Vision
AI01531,Kubernetes
AI01531,Deep Learning
AI01531,GCP
AI01531,TensorFlow
AI01532,Java
AI01532,Kubernetes
AI01532,GCP
AI01532,MLOps
AI01532,Tableau
AI01533,Spark
AI01533,Azure
AI01533,Data Visualization
AI01533,PyTorch
AI01533,Docker
AI01534,Python
AI01534,Hadoop
AI01534,Docker
AI01534,NLP
AI01535,PyTorch
AI01535,NLP
AI01535,Spark
AI01536,Statistics
AI01536,Scala
AI01536,PyTorch
AI01536,Deep Learning
AI01537,Git
AI01537,Python
AI01537,SQL
AI01538,R
AI01538,PyTorch
AI01538,AWS
AI01538,Azure
AI01539,TensorFlow
AI01539,Azure
AI01539,Git
AI01540,Git
AI01540,Python
AI01540,TensorFlow
AI01540,Deep Learning
AI01541,Computer Vision
AI01541,Docker
AI01541,Tableau
AI01541,Linux
AI01542,Scala
AI01542,GCP
AI01542,SQL
AI01542,Python
AI01543,TensorFlow
AI01543,SQL
AI01543,Azure
AI01543,R
AI01544,Computer Vision
AI01544,Statistics
AI01544,Kubernetes
AI01545,AWS
AI01545,Python
AI01545,GCP
AI01546,Git
AI01546,AWS
AI01546,Mathematics
AI01547,GCP
AI01547,Deep Learning
AI01547,Computer Vision
AI01547,Scala
AI01547,NLP
AI01548,SQL
AI01548,PyTorch
AI01548,Scala
AI01549,Java
AI01549,NLP
AI01549,Python
AI01549,Azure
AI01549,Linux
AI01550,Statistics
AI01550,Deep Learning
AI01550,Tableau
AI01551,Hadoop
AI01551,Java
AI01551,R
AI01551,Statistics
AI01552,Mathematics
AI01552,Deep Learning
AI01552,Python
AI01552,Spark
AI01553,Scala
AI01553,Hadoop
AI01553,Data Visualization
AI01553,Spark
AI01553,Python
AI01554,MLOps
AI01554,Data Visualization
AI01554,Spark
AI01554,Mathematics
AI01555,R
AI01555,Scala
AI01555,Kubernetes
AI01556,Python
AI01556,TensorFlow
AI01556,Data Visualization
AI01557,Azure
AI01557,NLP
AI01557,TensorFlow
AI01557,Scala
AI01557,Statistics
AI01558,Kubernetes
AI01558,MLOps
AI01558,NLP
AI01559,AWS
AI01559,Kubernetes
AI01559,R
AI01559,Mathematics
AI01560,TensorFlow
AI01560,Linux
AI01560,PyTorch
AI01560,SQL
AI01560,Tableau
AI01561,Spark
AI01561,Hadoop
AI01561,Data Visualization
AI01562,Deep Learning
AI01562,Kubernetes
AI01562,TensorFlow
AI01563,TensorFlow
AI01563,Spark
AI01563,MLOps
AI01563,Computer Vision
AI01564,Docker
AI01564,PyTorch
AI01564,Data Visualization
AI01564,Statistics
AI01564,R
AI01565,Mathematics
AI01565,PyTorch
AI01565,Docker
AI01565,TensorFlow
AI01566,NLP
AI01566,Docker
AI01566,Tableau
AI01566,Spark
AI01566,Scala
AI01567,Hadoop
AI01567,GCP
AI01567,Computer Vision
AI01567,Kubernetes
AI01567,Spark
AI01568,Git
AI01568,Mathematics
AI01568,Computer Vision
AI01568,Deep Learning
AI01569,Statistics
AI01569,Python
AI01569,SQL
AI01569,Spark
AI01569,Computer Vision
AI01570,NLP
AI01570,Computer Vision
AI01570,Deep Learning
AI01571,Python
AI01571,Java
AI01571,GCP
AI01572,Deep Learning
AI01572,Spark
AI01572,NLP
AI01573,Git
AI01573,R
AI01573,Linux
AI01573,SQL
AI01573,Statistics
AI01574,AWS
AI01574,Python
AI01574,Java
AI01574,SQL
AI01574,Computer Vision
AI01575,TensorFlow
AI01575,Java
AI01575,Git
AI01575,Computer Vision
AI01576,Scala
AI01576,Docker
AI01576,Tableau
AI01577,SQL
AI01577,TensorFlow
AI01577,Tableau
AI01577,Linux
AI01577,Computer Vision
AI01578,TensorFlow
AI01578,SQL
AI01578,GCP
AI01578,Kubernetes
AI01579,TensorFlow
AI01579,Spark
AI01579,Git
AI01580,NLP
AI01580,SQL
AI01580,Spark
AI01580,PyTorch
AI01581,Python
AI01581,Kubernetes
AI01581,Tableau
AI01581,Azure
AI01581,Deep Learning
AI01582,Python
AI01582,Spark
AI01582,MLOps
AI01582,Linux
AI01583,Mathematics
AI01583,R
AI01583,Statistics
AI01584,Docker
AI01584,PyTorch
AI01584,Kubernetes
AI01585,Java
AI01585,Mathematics
AI01585,Linux
AI01585,Scala
AI01586,SQL
AI01586,Kubernetes
AI01586,PyTorch
AI01587,Python
AI01587,R
AI01587,Statistics
AI01587,Docker
AI01588,Tableau
AI01588,Docker
AI01588,Python
AI01588,Spark
AI01589,Python
AI01589,Linux
AI01589,Docker
AI01589,GCP
AI01589,Azure
AI01590,Python
AI01590,Java
AI01590,Computer Vision
AI01590,GCP
AI01591,Scala
AI01591,Java
AI01591,Kubernetes
AI01591,MLOps
AI01592,Scala
AI01592,Linux
AI01592,Python
AI01593,Spark
AI01593,Linux
AI01593,Scala
AI01593,Statistics
AI01594,PyTorch
AI01594,Docker
AI01594,Tableau
AI01594,Data Visualization
AI01595,Git
AI01595,GCP
AI01595,Tableau
AI01596,Mathematics
AI01596,Kubernetes
AI01596,Python
AI01597,R
AI01597,SQL
AI01597,Deep Learning
AI01597,Computer Vision
AI01598,Scala
AI01598,Docker
AI01598,Statistics
AI01598,Spark
AI01599,Mathematics
AI01599,AWS
AI01599,Computer Vision
AI01599,Tableau
AI01599,Spark
AI01600,Git
AI01600,Kubernetes
AI01600,Tableau
AI01600,Linux
AI01601,NLP
AI01601,Linux
AI01601,SQL
AI01602,Git
AI01602,Python
AI01602,NLP
AI01602,Mathematics
AI01602,Azure
AI01603,Tableau
AI01603,Git
AI01603,SQL
AI01603,Hadoop
AI01603,Spark
AI01604,Python
AI01604,Docker
AI01604,Statistics
AI01604,GCP
AI01604,AWS
AI01605,Linux
AI01605,Statistics
AI01605,MLOps
AI01605,Java
AI01605,Scala
AI01606,GCP
AI01606,SQL
AI01606,Python
AI01606,Mathematics
AI01606,Scala
AI01607,Azure
AI01607,Java
AI01607,Deep Learning
AI01607,Python
AI01608,Spark
AI01608,Python
AI01608,Mathematics
AI01608,Tableau
AI01609,SQL
AI01609,Scala
AI01609,Git
AI01610,Java
AI01610,Hadoop
AI01610,Tableau
AI01610,Python
AI01610,GCP
AI01611,Linux
AI01611,AWS
AI01611,Computer Vision
AI01612,Git
AI01612,Data Visualization
AI01612,Computer Vision
AI01613,SQL
AI01613,Spark
AI01613,Scala
AI01613,R
AI01613,Kubernetes
AI01614,MLOps
AI01614,SQL
AI01614,Hadoop
AI01614,PyTorch
AI01614,Kubernetes
AI01615,Mathematics
AI01615,Python
AI01615,Azure
AI01615,Statistics
AI01616,SQL
AI01616,GCP
AI01616,Computer Vision
AI01616,Linux
AI01617,PyTorch
AI01617,Git
AI01617,Statistics
AI01618,AWS
AI01618,SQL
AI01618,PyTorch
AI01619,NLP
AI01619,AWS
AI01619,Hadoop
AI01619,Computer Vision
AI01619,Kubernetes
AI01620,Python
AI01620,AWS
AI01620,Deep Learning
AI01620,Azure
AI01621,MLOps
AI01621,Java
AI01621,AWS
AI01621,R
AI01621,Git
AI01622,Tableau
AI01622,Scala
AI01622,PyTorch
AI01623,SQL
AI01623,NLP
AI01623,Docker
AI01624,R
AI01624,SQL
AI01624,Python
AI01624,Computer Vision
AI01625,Statistics
AI01625,Hadoop
AI01625,Mathematics
AI01625,R
AI01626,Python
AI01626,Git
AI01626,Docker
AI01627,Kubernetes
AI01627,Git
AI01627,Python
AI01627,AWS
AI01627,Spark
AI01628,Deep Learning
AI01628,Computer Vision
AI01628,Scala
AI01629,TensorFlow
AI01629,Java
AI01629,Data Visualization
AI01629,AWS
AI01630,Git
AI01630,PyTorch
AI01630,Scala
AI01631,Hadoop
AI01631,Docker
AI01631,SQL
AI01631,Deep Learning
AI01631,Spark
AI01632,Java
AI01632,Deep Learning
AI01632,MLOps
AI01632,SQL
AI01633,Linux
AI01633,Scala
AI01633,TensorFlow
AI01633,Spark
AI01634,Azure
AI01634,Scala
AI01634,Kubernetes
AI01634,Statistics
AI01635,Tableau
AI01635,Python
AI01635,Java
AI01635,Linux
AI01635,Data Visualization
AI01636,Scala
AI01636,Git
AI01636,SQL
AI01636,Statistics
AI01636,Computer Vision
AI01637,Linux
AI01637,Mathematics
AI01637,AWS
AI01638,AWS
AI01638,Python
AI01638,Computer Vision
AI01638,Kubernetes
AI01638,Data Visualization
AI01639,SQL
AI01639,TensorFlow
AI01639,Computer Vision
AI01639,Hadoop
AI01640,Python
AI01640,GCP
AI01640,Data Visualization
AI01640,Git
AI01640,Tableau
AI01641,Statistics
AI01641,Python
AI01641,PyTorch
AI01641,Linux
AI01642,Spark
AI01642,Scala
AI01642,Tableau
AI01643,Kubernetes
AI01643,Docker
AI01643,Tableau
AI01643,GCP
AI01643,AWS
AI01644,SQL
AI01644,NLP
AI01644,Python
AI01645,Python
AI01645,Linux
AI01645,Git
AI01645,Statistics
AI01646,Spark
AI01646,Statistics
AI01646,Hadoop
AI01646,SQL
AI01646,Linux
AI01647,GCP
AI01647,PyTorch
AI01647,MLOps
AI01647,Linux
AI01648,Docker
AI01648,NLP
AI01648,Azure
AI01649,MLOps
AI01649,Computer Vision
AI01649,Hadoop
AI01650,Azure
AI01650,Spark
AI01650,Java
AI01650,TensorFlow
AI01650,PyTorch
AI01651,Linux
AI01651,Tableau
AI01651,Docker
AI01651,GCP
AI01652,GCP
AI01652,Spark
AI01652,Statistics
AI01652,Python
AI01653,Deep Learning
AI01653,R
AI01653,Git
AI01654,Git
AI01654,Python
AI01654,Tableau
AI01654,GCP
AI01655,Tableau
AI01655,Deep Learning
AI01655,Scala
AI01655,MLOps
AI01655,SQL
AI01656,Linux
AI01656,TensorFlow
AI01656,GCP
AI01656,Scala
AI01657,GCP
AI01657,MLOps
AI01657,PyTorch
AI01658,Git
AI01658,Computer Vision
AI01658,Azure
AI01658,Java
AI01658,Tableau
AI01659,Java
AI01659,TensorFlow
AI01659,SQL
AI01659,Mathematics
AI01659,Tableau
AI01660,Computer Vision
AI01660,Git
AI01660,Tableau
AI01661,Scala
AI01661,MLOps
AI01661,GCP
AI01661,Statistics
AI01661,Java
AI01662,Java
AI01662,Data Visualization
AI01662,Mathematics
AI01662,R
AI01662,Docker
AI01663,Scala
AI01663,Python
AI01663,Linux
AI01663,GCP
AI01663,NLP
AI01664,Java
AI01664,Linux
AI01664,Deep Learning
AI01664,SQL
AI01664,Git
AI01665,Tableau
AI01665,Docker
AI01665,Hadoop
AI01665,Azure
AI01665,R
AI01666,Git
AI01666,Java
AI01666,PyTorch
AI01667,Deep Learning
AI01667,Scala
AI01667,Data Visualization
AI01668,Data Visualization
AI01668,Computer Vision
AI01668,R
AI01668,Tableau
AI01669,Statistics
AI01669,Hadoop
AI01669,GCP
AI01670,TensorFlow
AI01670,Docker
AI01670,GCP
AI01671,Python
AI01671,TensorFlow
AI01671,Statistics
AI01671,Deep Learning
AI01671,Data Visualization
AI01672,GCP
AI01672,Linux
AI01672,Computer Vision
AI01672,Tableau
AI01673,Spark
AI01673,Hadoop
AI01673,SQL
AI01673,Git
AI01673,Docker
AI01674,Linux
AI01674,SQL
AI01674,Computer Vision
AI01675,Java
AI01675,Data Visualization
AI01675,MLOps
AI01676,TensorFlow
AI01676,SQL
AI01676,Tableau
AI01676,NLP
AI01676,AWS
AI01677,PyTorch
AI01677,Linux
AI01677,Java
AI01678,MLOps
AI01678,PyTorch
AI01678,Azure
AI01679,R
AI01679,Azure
AI01679,PyTorch
AI01680,Spark
AI01680,Azure
AI01680,Data Visualization
AI01680,Scala
AI01680,Statistics
AI01681,Scala
AI01681,Deep Learning
AI01681,MLOps
AI01681,Linux
AI01681,Tableau
AI01682,Java
AI01682,Python
AI01682,TensorFlow
AI01682,AWS
AI01683,PyTorch
AI01683,Scala
AI01683,Data Visualization
AI01683,GCP
AI01684,Linux
AI01684,Data Visualization
AI01684,Java
AI01685,Kubernetes
AI01685,Linux
AI01685,TensorFlow
AI01685,Azure
AI01685,Scala
AI01686,AWS
AI01686,NLP
AI01686,R
AI01686,Computer Vision
AI01686,Spark
AI01687,PyTorch
AI01687,Java
AI01687,Kubernetes
AI01687,Statistics
AI01687,MLOps
AI01688,Kubernetes
AI01688,Statistics
AI01688,NLP
AI01689,Hadoop
AI01689,Data Visualization
AI01689,SQL
AI01689,Statistics
AI01689,NLP
AI01690,PyTorch
AI01690,Git
AI01690,Kubernetes
AI01690,Spark
AI01691,Python
AI01691,Java
AI01691,Data Visualization
AI01691,Tableau
AI01691,MLOps
AI01692,GCP
AI01692,Spark
AI01692,Computer Vision
AI01692,NLP
AI01692,Tableau
AI01693,Azure
AI01693,Python
AI01693,Data Visualization
AI01693,TensorFlow
AI01693,NLP
AI01694,Hadoop
AI01694,Python
AI01694,TensorFlow
AI01694,Scala
AI01694,Java
AI01695,R
AI01695,Mathematics
AI01695,Computer Vision
AI01695,Docker
AI01696,Python
AI01696,Spark
AI01696,NLP
AI01696,R
AI01697,Deep Learning
AI01697,Kubernetes
AI01697,Spark
AI01697,Scala
AI01698,PyTorch
AI01698,TensorFlow
AI01698,Deep Learning
AI01698,Tableau
AI01698,GCP
AI01699,AWS
AI01699,Hadoop
AI01699,Deep Learning
AI01699,Python
AI01699,MLOps
AI01700,Data Visualization
AI01700,SQL
AI01700,Statistics
AI01700,Scala
AI01701,Data Visualization
AI01701,Kubernetes
AI01701,SQL
AI01701,Hadoop
AI01701,Linux
AI01702,Tableau
AI01702,R
AI01702,Python
AI01702,Mathematics
AI01702,NLP
AI01703,Data Visualization
AI01703,Docker
AI01703,SQL
AI01703,GCP
AI01703,Java
AI01704,TensorFlow
AI01704,Computer Vision
AI01704,NLP
AI01704,Deep Learning
AI01705,Python
AI01705,TensorFlow
AI01705,AWS
AI01705,Scala
AI01705,Hadoop
AI01706,R
AI01706,SQL
AI01706,GCP
AI01706,Spark
AI01706,Python
AI01707,Data Visualization
AI01707,Python
AI01707,Linux
AI01707,GCP
AI01708,Tableau
AI01708,Linux
AI01708,Azure
AI01708,Data Visualization
AI01708,Java
AI01709,GCP
AI01709,Docker
AI01709,AWS
AI01709,Java
AI01709,Statistics
AI01710,Kubernetes
AI01710,Git
AI01710,GCP
AI01710,Python
AI01711,SQL
AI01711,Computer Vision
AI01711,Deep Learning
AI01712,PyTorch
AI01712,TensorFlow
AI01712,GCP
AI01712,Spark
AI01712,AWS
AI01713,Azure
AI01713,Kubernetes
AI01713,Mathematics
AI01713,Docker
AI01713,Tableau
AI01714,Mathematics
AI01714,MLOps
AI01714,GCP
AI01714,R
AI01715,GCP
AI01715,Spark
AI01715,Azure
AI01715,Python
AI01716,MLOps
AI01716,R
AI01716,Data Visualization
AI01716,Scala
AI01716,Docker
AI01717,TensorFlow
AI01717,Git
AI01717,MLOps
AI01717,Tableau
AI01718,TensorFlow
AI01718,SQL
AI01718,NLP
AI01719,Spark
AI01719,Python
AI01719,TensorFlow
AI01719,Docker
AI01720,Kubernetes
AI01720,Computer Vision
AI01720,Python
AI01721,PyTorch
AI01721,SQL
AI01721,Azure
AI01721,R
AI01722,Tableau
AI01722,SQL
AI01722,PyTorch
AI01722,Deep Learning
AI01722,Git
AI01723,Azure
AI01723,Data Visualization
AI01723,TensorFlow
AI01724,Hadoop
AI01724,PyTorch
AI01724,Docker
AI01725,Git
AI01725,Scala
AI01725,Python
AI01725,TensorFlow
AI01725,SQL
AI01726,Kubernetes
AI01726,GCP
AI01726,NLP
AI01726,MLOps
AI01727,R
AI01727,Python
AI01727,PyTorch
AI01727,AWS
AI01727,Kubernetes
AI01728,MLOps
AI01728,GCP
AI01728,Kubernetes
AI01728,Linux
AI01728,Hadoop
AI01729,Spark
AI01729,Statistics
AI01729,Java
AI01730,Statistics
AI01730,AWS
AI01730,Mathematics
AI01730,Azure
AI01730,TensorFlow
AI01731,Docker
AI01731,Mathematics
AI01731,Deep Learning
AI01731,Kubernetes
AI01731,TensorFlow
AI01732,Data Visualization
AI01732,SQL
AI01732,Docker
AI01732,R
AI01732,Deep Learning
AI01733,MLOps
AI01733,GCP
AI01733,Linux
AI01733,Java
AI01734,SQL
AI01734,Statistics
AI01734,R
AI01734,Linux
AI01734,Python
AI01735,Python
AI01735,NLP
AI01735,Docker
AI01735,Statistics
AI01736,R
AI01736,Linux
AI01736,Docker
AI01736,Kubernetes
AI01737,TensorFlow
AI01737,Linux
AI01737,Git
AI01737,Docker
AI01737,AWS
AI01738,Git
AI01738,R
AI01738,SQL
AI01738,Computer Vision
AI01739,R
AI01739,PyTorch
AI01739,GCP
AI01740,Python
AI01740,NLP
AI01740,Mathematics
AI01740,Kubernetes
AI01741,Hadoop
AI01741,Deep Learning
AI01741,Git
AI01741,Python
AI01741,Mathematics
AI01742,Tableau
AI01742,NLP
AI01742,PyTorch
AI01742,Data Visualization
AI01743,Linux
AI01743,Java
AI01743,GCP
AI01743,Computer Vision
AI01743,Tableau
AI01744,Statistics
AI01744,Python
AI01744,Kubernetes
AI01744,Azure
AI01744,AWS
AI01745,Java
AI01745,Python
AI01745,SQL
AI01745,Spark
AI01746,MLOps
AI01746,Hadoop
AI01746,Python
AI01746,AWS
AI01746,Tableau
AI01747,Statistics
AI01747,Git
AI01747,Scala
AI01747,Tableau
AI01748,Scala
AI01748,Computer Vision
AI01748,TensorFlow
AI01748,Tableau
AI01749,R
AI01749,SQL
AI01749,Kubernetes
AI01749,Statistics
AI01749,Mathematics
AI01750,Tableau
AI01750,Statistics
AI01750,Git
AI01750,AWS
AI01751,SQL
AI01751,AWS
AI01751,Scala
AI01751,Deep Learning
AI01751,TensorFlow
AI01752,Kubernetes
AI01752,Azure
AI01752,SQL
AI01752,AWS
AI01753,Hadoop
AI01753,Python
AI01753,Computer Vision
AI01753,TensorFlow
AI01753,GCP
AI01754,TensorFlow
AI01754,Hadoop
AI01754,Mathematics
AI01754,GCP
AI01755,PyTorch
AI01755,Deep Learning
AI01755,Data Visualization
AI01755,Kubernetes
AI01755,GCP
AI01756,Deep Learning
AI01756,Python
AI01756,TensorFlow
AI01757,R
AI01757,PyTorch
AI01757,Hadoop
AI01757,Mathematics
AI01758,SQL
AI01758,PyTorch
AI01758,Java
AI01758,Computer Vision
AI01758,R
AI01759,Tableau
AI01759,Python
AI01759,GCP
AI01759,Statistics
AI01759,Deep Learning
AI01760,SQL
AI01760,Azure
AI01760,TensorFlow
AI01760,Git
AI01761,Git
AI01761,PyTorch
AI01761,TensorFlow
AI01761,NLP
AI01762,Deep Learning
AI01762,Scala
AI01762,Azure
AI01762,TensorFlow
AI01762,Python
AI01763,Hadoop
AI01763,Docker
AI01763,Scala
AI01763,Mathematics
AI01763,Statistics
AI01764,GCP
AI01764,Python
AI01764,NLP
AI01765,NLP
AI01765,Linux
AI01765,Tableau
AI01766,PyTorch
AI01766,Deep Learning
AI01766,TensorFlow
AI01766,MLOps
AI01766,Kubernetes
AI01767,TensorFlow
AI01767,Linux
AI01767,Python
AI01768,Python
AI01768,Tableau
AI01768,Azure
AI01769,Data Visualization
AI01769,NLP
AI01769,Java
AI01769,Python
AI01769,Scala
AI01770,Java
AI01770,R
AI01770,Deep Learning
AI01771,Python
AI01771,Kubernetes
AI01771,Mathematics
AI01771,Tableau
AI01772,Linux
AI01772,NLP
AI01772,SQL
AI01772,R
AI01772,Scala
AI01773,Deep Learning
AI01773,Mathematics
AI01773,Python
AI01774,Mathematics
AI01774,Spark
AI01774,SQL
AI01775,R
AI01775,Spark
AI01775,Statistics
AI01776,GCP
AI01776,Linux
AI01776,Data Visualization
AI01777,Kubernetes
AI01777,AWS
AI01777,Computer Vision
AI01777,Deep Learning
AI01777,Docker
AI01778,Python
AI01778,AWS
AI01778,MLOps
AI01778,Docker
AI01778,Mathematics
AI01779,Kubernetes
AI01779,Python
AI01779,Data Visualization
AI01779,Deep Learning
AI01779,TensorFlow
AI01780,Java
AI01780,Computer Vision
AI01780,Deep Learning
AI01780,Scala
AI01781,Git
AI01781,R
AI01781,Hadoop
AI01782,PyTorch
AI01782,Spark
AI01782,Kubernetes
AI01782,Computer Vision
AI01783,Git
AI01783,SQL
AI01783,Data Visualization
AI01784,Hadoop
AI01784,Python
AI01784,Computer Vision
AI01784,NLP
AI01785,Data Visualization
AI01785,PyTorch
AI01785,Mathematics
AI01785,Computer Vision
AI01786,Scala
AI01786,Python
AI01786,GCP
AI01786,Docker
AI01787,AWS
AI01787,Java
AI01787,MLOps
AI01788,PyTorch
AI01788,TensorFlow
AI01788,Statistics
AI01788,Spark
AI01789,Kubernetes
AI01789,Spark
AI01789,MLOps
AI01790,Docker
AI01790,SQL
AI01790,Azure
AI01790,Hadoop
AI01790,Deep Learning
AI01791,TensorFlow
AI01791,GCP
AI01791,Linux
AI01792,AWS
AI01792,R
AI01792,Statistics
AI01792,Hadoop
AI01793,TensorFlow
AI01793,PyTorch
AI01793,Azure
AI01794,Kubernetes
AI01794,Python
AI01794,Mathematics
AI01794,Scala
AI01795,Java
AI01795,Mathematics
AI01795,Deep Learning
AI01796,Linux
AI01796,Hadoop
AI01796,Spark
AI01796,Statistics
AI01796,R
AI01797,Scala
AI01797,Java
AI01797,Data Visualization
AI01797,GCP
AI01797,R
AI01798,Mathematics
AI01798,Git
AI01798,NLP
AI01798,Computer Vision
AI01798,Deep Learning
AI01799,Tableau
AI01799,Mathematics
AI01799,Azure
AI01800,Data Visualization
AI01800,SQL
AI01800,Python
AI01801,Python
AI01801,GCP
AI01801,TensorFlow
AI01801,Java
AI01801,SQL
AI01802,Java
AI01802,PyTorch
AI01802,SQL
AI01802,NLP
AI01802,TensorFlow
AI01803,TensorFlow
AI01803,Python
AI01803,GCP
AI01804,Deep Learning
AI01804,Python
AI01804,TensorFlow
AI01804,GCP
AI01805,NLP
AI01805,TensorFlow
AI01805,AWS
AI01805,Python
AI01805,Scala
AI01806,Kubernetes
AI01806,Scala
AI01806,Deep Learning
AI01806,Mathematics
AI01806,Spark
AI01807,PyTorch
AI01807,TensorFlow
AI01807,R
AI01807,Computer Vision
AI01808,Java
AI01808,Python
AI01808,TensorFlow
AI01808,Scala
AI01808,PyTorch
AI01809,Python
AI01809,Spark
AI01809,Kubernetes
AI01810,Scala
AI01810,Linux
AI01810,MLOps
AI01811,Git
AI01811,SQL
AI01811,GCP
AI01812,Tableau
AI01812,Computer Vision
AI01812,Statistics
AI01812,MLOps
AI01813,Docker
AI01813,GCP
AI01813,PyTorch
AI01814,Linux
AI01814,Docker
AI01814,MLOps
AI01814,AWS
AI01814,Azure
AI01815,Python
AI01815,PyTorch
AI01815,MLOps
AI01815,SQL
AI01815,Data Visualization
AI01816,GCP
AI01816,MLOps
AI01816,TensorFlow
AI01817,TensorFlow
AI01817,Python
AI01817,Linux
AI01817,Mathematics
AI01818,Scala
AI01818,Docker
AI01818,AWS
AI01818,Kubernetes
AI01818,Python
AI01819,Linux
AI01819,GCP
AI01819,MLOps
AI01820,GCP
AI01820,Spark
AI01820,SQL
AI01821,Spark
AI01821,Docker
AI01821,Linux
AI01821,Tableau
AI01821,AWS
AI01822,R
AI01822,Hadoop
AI01822,Data Visualization
AI01823,Python
AI01823,Hadoop
AI01823,Scala
AI01823,Git
AI01824,Azure
AI01824,Linux
AI01824,Mathematics
AI01824,Tableau
AI01825,Hadoop
AI01825,Computer Vision
AI01825,Java
AI01825,Mathematics
AI01825,Deep Learning
AI01826,Python
AI01826,NLP
AI01826,SQL
AI01826,Linux
AI01827,GCP
AI01827,Spark
AI01827,Hadoop
AI01828,Data Visualization
AI01828,SQL
AI01828,Hadoop
AI01828,GCP
AI01828,Deep Learning
AI01829,SQL
AI01829,Statistics
AI01829,Kubernetes
AI01830,GCP
AI01830,Kubernetes
AI01830,Java
AI01831,Python
AI01831,MLOps
AI01831,NLP
AI01831,Java
AI01831,GCP
AI01832,Kubernetes
AI01832,MLOps
AI01832,Python
AI01833,Python
AI01833,TensorFlow
AI01833,Linux
AI01834,NLP
AI01834,SQL
AI01834,Python
AI01834,Deep Learning
AI01834,TensorFlow
AI01835,GCP
AI01835,Hadoop
AI01835,AWS
AI01835,Statistics
AI01835,SQL
AI01836,Deep Learning
AI01836,Mathematics
AI01836,TensorFlow
AI01836,Tableau
AI01836,Data Visualization
AI01837,Deep Learning
AI01837,AWS
AI01837,Computer Vision
AI01837,Hadoop
AI01837,R
AI01838,Azure
AI01838,Docker
AI01838,Linux
AI01838,Tableau
AI01839,Mathematics
AI01839,AWS
AI01839,Statistics
AI01839,PyTorch
AI01840,PyTorch
AI01840,TensorFlow
AI01840,Mathematics
AI01841,Deep Learning
AI01841,Python
AI01841,MLOps
AI01842,Python
AI01842,SQL
AI01842,Hadoop
AI01842,Kubernetes
AI01843,R
AI01843,Linux
AI01843,NLP
AI01843,Mathematics
AI01843,Statistics
AI01844,Linux
AI01844,SQL
AI01844,Deep Learning
AI01844,MLOps
AI01845,Linux
AI01845,Python
AI01845,SQL
AI01846,SQL
AI01846,AWS
AI01846,Deep Learning
AI01846,PyTorch
AI01846,Computer Vision
AI01847,Java
AI01847,Git
AI01847,NLP
AI01848,Data Visualization
AI01848,AWS
AI01848,Hadoop
AI01848,Linux
AI01848,Deep Learning
AI01849,Mathematics
AI01849,MLOps
AI01849,Computer Vision
AI01849,Linux
AI01849,NLP
AI01850,TensorFlow
AI01850,Hadoop
AI01850,Docker
AI01850,Mathematics
AI01851,AWS
AI01851,Python
AI01851,Mathematics
AI01851,TensorFlow
AI01852,Mathematics
AI01852,NLP
AI01852,Tableau
AI01852,Linux
AI01852,TensorFlow
AI01853,PyTorch
AI01853,Mathematics
AI01853,Tableau
AI01853,Data Visualization
AI01853,TensorFlow
AI01854,Azure
AI01854,TensorFlow
AI01854,SQL
AI01854,Tableau
AI01855,Hadoop
AI01855,PyTorch
AI01855,TensorFlow
AI01856,SQL
AI01856,TensorFlow
AI01856,R
AI01857,Data Visualization
AI01857,SQL
AI01857,Deep Learning
AI01858,Hadoop
AI01858,GCP
AI01858,NLP
AI01858,Linux
AI01858,SQL
AI01859,R
AI01859,Azure
AI01859,Python
AI01859,Spark
AI01859,Scala
AI01860,Deep Learning
AI01860,Spark
AI01860,Kubernetes
AI01860,Git
AI01860,Python
AI01861,Linux
AI01861,Tableau
AI01861,AWS
AI01861,Java
AI01861,PyTorch
AI01862,Tableau
AI01862,Python
AI01862,Docker
AI01863,Kubernetes
AI01863,Hadoop
AI01863,Data Visualization
AI01863,NLP
AI01864,Python
AI01864,TensorFlow
AI01864,PyTorch
AI01865,Hadoop
AI01865,AWS
AI01865,R
AI01866,Tableau
AI01866,Java
AI01866,Kubernetes
AI01866,Azure
AI01866,SQL
AI01867,Python
AI01867,Computer Vision
AI01867,NLP
AI01868,Docker
AI01868,Scala
AI01868,Deep Learning
AI01868,Python
AI01868,Spark
AI01869,PyTorch
AI01869,Hadoop
AI01869,SQL
AI01870,AWS
AI01870,R
AI01870,Statistics
AI01870,SQL
AI01871,R
AI01871,Linux
AI01871,Java
AI01871,Computer Vision
AI01872,Git
AI01872,Python
AI01872,MLOps
AI01872,Statistics
AI01872,Deep Learning
AI01873,Docker
AI01873,Data Visualization
AI01873,AWS
AI01873,MLOps
AI01874,Kubernetes
AI01874,SQL
AI01874,NLP
AI01874,AWS
AI01874,Deep Learning
AI01875,Java
AI01875,Kubernetes
AI01875,Linux
AI01875,Python
AI01875,Computer Vision
AI01876,Python
AI01876,Kubernetes
AI01876,Spark
AI01877,GCP
AI01877,Kubernetes
AI01877,Deep Learning
AI01878,Spark
AI01878,Hadoop
AI01878,Python
AI01878,Git
AI01878,NLP
AI01879,AWS
AI01879,Statistics
AI01879,SQL
AI01879,GCP
AI01880,SQL
AI01880,Deep Learning
AI01880,PyTorch
AI01881,NLP
AI01881,PyTorch
AI01881,TensorFlow
AI01882,Python
AI01882,Docker
AI01882,Computer Vision
AI01883,Tableau
AI01883,Python
AI01883,MLOps
AI01884,Mathematics
AI01884,Python
AI01884,Linux
AI01885,Kubernetes
AI01885,GCP
AI01885,R
AI01886,Docker
AI01886,Tableau
AI01886,Hadoop
AI01886,TensorFlow
AI01887,Mathematics
AI01887,Docker
AI01887,Kubernetes
AI01888,Data Visualization
AI01888,Scala
AI01888,GCP
AI01888,Python
AI01888,Docker
AI01889,Python
AI01889,Scala
AI01889,Linux
AI01889,SQL
AI01889,Git
AI01890,Spark
AI01890,Linux
AI01890,MLOps
AI01890,AWS
AI01891,SQL
AI01891,PyTorch
AI01891,Data Visualization
AI01891,MLOps
AI01891,NLP
AI01892,Linux
AI01892,GCP
AI01892,Scala
AI01892,Java
AI01892,NLP
AI01893,Computer Vision
AI01893,Kubernetes
AI01893,Scala
AI01893,Python
AI01893,Deep Learning
AI01894,Java
AI01894,Computer Vision
AI01894,NLP
AI01894,R
AI01895,Scala
AI01895,Linux
AI01895,Tableau
AI01895,MLOps
AI01895,NLP
AI01896,Java
AI01896,Git
AI01896,Deep Learning
AI01896,Azure
AI01896,MLOps
AI01897,Mathematics
AI01897,Statistics
AI01897,MLOps
AI01898,Spark
AI01898,TensorFlow
AI01898,MLOps
AI01898,Computer Vision
AI01899,Linux
AI01899,Python
AI01899,Tableau
AI01900,PyTorch
AI01900,SQL
AI01900,NLP
AI01900,Computer Vision
AI01900,Mathematics
AI01901,Tableau
AI01901,Linux
AI01901,MLOps
AI01901,Git
AI01902,PyTorch
AI01902,Python
AI01902,TensorFlow
AI01902,MLOps
AI01903,Mathematics
AI01903,AWS
AI01903,Computer Vision
AI01904,Linux
AI01904,Docker
AI01904,Deep Learning
AI01905,SQL
AI01905,Scala
AI01905,Mathematics
AI01905,Statistics
AI01905,PyTorch
AI01906,TensorFlow
AI01906,GCP
AI01906,Scala
AI01907,TensorFlow
AI01907,Kubernetes
AI01907,MLOps
AI01908,Azure
AI01908,R
AI01908,SQL
AI01908,GCP
AI01908,Hadoop
AI01909,Kubernetes
AI01909,Deep Learning
AI01909,PyTorch
AI01909,Azure
AI01910,SQL
AI01910,GCP
AI01910,TensorFlow
AI01910,Azure
AI01911,Azure
AI01911,Java
AI01911,Deep Learning
AI01911,Kubernetes
AI01912,Linux
AI01912,PyTorch
AI01912,Spark
AI01913,Python
AI01913,Git
AI01913,Linux
AI01913,Docker
AI01914,AWS
AI01914,Mathematics
AI01914,Azure
AI01914,Python
AI01914,Data Visualization
AI01915,Docker
AI01915,R
AI01915,GCP
AI01915,NLP
AI01916,Statistics
AI01916,PyTorch
AI01916,Deep Learning
AI01916,R
AI01916,Spark
AI01917,Linux
AI01917,NLP
AI01917,Tableau
AI01917,SQL
AI01917,Statistics
AI01918,Data Visualization
AI01918,Kubernetes
AI01918,Java
AI01918,MLOps
AI01919,R
AI01919,Git
AI01919,NLP
AI01919,Tableau
AI01919,Statistics
AI01920,NLP
AI01920,TensorFlow
AI01920,Scala
AI01920,Statistics
AI01920,Spark
AI01921,Azure
AI01921,PyTorch
AI01921,Data Visualization
AI01921,Tableau
AI01922,Statistics
AI01922,MLOps
AI01922,SQL
AI01922,Linux
AI01923,NLP
AI01923,SQL
AI01923,Spark
AI01923,Computer Vision
AI01923,Kubernetes
AI01924,Hadoop
AI01924,Python
AI01924,Linux
AI01925,Mathematics
AI01925,SQL
AI01925,TensorFlow
AI01925,Azure
AI01925,AWS
AI01926,Git
AI01926,TensorFlow
AI01926,Docker
AI01927,SQL
AI01927,Deep Learning
AI01927,Mathematics
AI01927,PyTorch
AI01928,Computer Vision
AI01928,Python
AI01928,Linux
AI01929,R
AI01929,Spark
AI01929,Git
AI01929,Hadoop
AI01929,Tableau
AI01930,Computer Vision
AI01930,PyTorch
AI01930,Docker
AI01930,TensorFlow
AI01931,Python
AI01931,Kubernetes
AI01931,Git
AI01931,Azure
AI01931,Statistics
AI01932,R
AI01932,Git
AI01932,MLOps
AI01932,Azure
AI01932,Python
AI01933,Java
AI01933,Scala
AI01933,Python
AI01933,PyTorch
AI01933,Deep Learning
AI01934,Deep Learning
AI01934,TensorFlow
AI01934,NLP
AI01934,Java
AI01934,Azure
AI01935,Python
AI01935,TensorFlow
AI01935,Data Visualization
AI01935,Kubernetes
AI01935,Deep Learning
AI01936,Mathematics
AI01936,Python
AI01936,Data Visualization
AI01936,TensorFlow
AI01936,Spark
AI01937,R
AI01937,Java
AI01937,Linux
AI01937,Python
AI01938,PyTorch
AI01938,Scala
AI01938,Java
AI01938,Deep Learning
AI01938,Kubernetes
AI01939,PyTorch
AI01939,Python
AI01939,R
AI01940,Kubernetes
AI01940,R
AI01940,AWS
AI01940,Scala
AI01941,Python
AI01941,Linux
AI01941,Scala
AI01941,Hadoop
AI01941,TensorFlow
AI01942,Statistics
AI01942,PyTorch
AI01942,AWS
AI01942,TensorFlow
AI01943,R
AI01943,Docker
AI01943,Deep Learning
AI01943,GCP
AI01943,Azure
AI01944,Python
AI01944,Hadoop
AI01944,Java
AI01945,Mathematics
AI01945,SQL
AI01945,Data Visualization
AI01946,AWS
AI01946,GCP
AI01946,Python
AI01947,Docker
AI01947,Python
AI01947,Java
AI01948,TensorFlow
AI01948,Linux
AI01948,Kubernetes
AI01948,Scala
AI01949,Docker
AI01949,SQL
AI01949,Azure
AI01949,Kubernetes
AI01950,SQL
AI01950,Data Visualization
AI01950,Scala
AI01951,Spark
AI01951,Linux
AI01951,AWS
AI01951,Mathematics
AI01952,Python
AI01952,Data Visualization
AI01952,Git
AI01952,TensorFlow
AI01952,Spark
AI01953,Data Visualization
AI01953,Computer Vision
AI01953,R
AI01954,Kubernetes
AI01954,Tableau
AI01954,Python
AI01954,NLP
AI01954,Mathematics
AI01955,Spark
AI01955,Mathematics
AI01955,Scala
AI01955,Hadoop
AI01956,Mathematics
AI01956,Statistics
AI01956,Tableau
AI01956,PyTorch
AI01956,Linux
AI01957,TensorFlow
AI01957,Scala
AI01957,Data Visualization
AI01957,Python
AI01958,Kubernetes
AI01958,Linux
AI01958,Mathematics
AI01958,Python
AI01958,Git
AI01959,Git
AI01959,AWS
AI01959,MLOps
AI01959,Python
AI01959,Computer Vision
AI01960,Python
AI01960,Git
AI01960,TensorFlow
AI01961,Git
AI01961,Mathematics
AI01961,MLOps
AI01961,Python
AI01961,Scala
AI01962,Java
AI01962,Kubernetes
AI01962,PyTorch
AI01962,Linux
AI01963,Docker
AI01963,SQL
AI01963,Deep Learning
AI01964,Azure
AI01964,SQL
AI01964,Data Visualization
AI01964,Scala
AI01965,SQL
AI01965,NLP
AI01965,Tableau
AI01966,SQL
AI01966,Git
AI01966,Java
AI01966,Mathematics
AI01966,Tableau
AI01967,Kubernetes
AI01967,SQL
AI01967,TensorFlow
AI01968,Java
AI01968,Tableau
AI01968,Computer Vision
AI01969,PyTorch
AI01969,TensorFlow
AI01969,Hadoop
AI01969,Deep Learning
AI01969,Docker
AI01970,Mathematics
AI01970,GCP
AI01970,Scala
AI01971,Hadoop
AI01971,Java
AI01971,Kubernetes
AI01972,R
AI01972,Tableau
AI01972,SQL
AI01972,Git
AI01972,Deep Learning
AI01973,Statistics
AI01973,Azure
AI01973,Deep Learning
AI01973,Mathematics
AI01973,Computer Vision
AI01974,Scala
AI01974,Hadoop
AI01974,Tableau
AI01975,Python
AI01975,Tableau
AI01975,Git
AI01975,Data Visualization
AI01976,TensorFlow
AI01976,Mathematics
AI01976,Deep Learning
AI01976,Azure
AI01976,Linux
AI01977,Git
AI01977,GCP
AI01977,Python
AI01977,Kubernetes
AI01978,SQL
AI01978,Linux
AI01978,PyTorch
AI01978,Tableau
AI01979,SQL
AI01979,NLP
AI01979,PyTorch
AI01979,Git
AI01980,Scala
AI01980,NLP
AI01980,Data Visualization
AI01981,Scala
AI01981,SQL
AI01981,Computer Vision
AI01981,Deep Learning
AI01981,Docker
AI01982,Scala
AI01982,Git
AI01982,Computer Vision
AI01982,Hadoop
AI01983,NLP
AI01983,PyTorch
AI01983,Tableau
AI01983,Spark
AI01983,Deep Learning
AI01984,Scala
AI01984,Azure
AI01984,Statistics
AI01984,Linux
AI01984,Computer Vision
AI01985,Data Visualization
AI01985,SQL
AI01985,Docker
AI01985,Mathematics
AI01986,SQL
AI01986,Java
AI01986,Computer Vision
AI01986,Kubernetes
AI01987,R
AI01987,Computer Vision
AI01987,SQL
AI01987,GCP
AI01988,TensorFlow
AI01988,Python
AI01988,Docker
AI01988,Statistics
AI01988,Deep Learning
AI01989,SQL
AI01989,Hadoop
AI01989,MLOps
AI01989,Deep Learning
AI01989,TensorFlow
AI01990,MLOps
AI01990,PyTorch
AI01990,Java
AI01990,Scala
AI01991,AWS
AI01991,Scala
AI01991,Kubernetes
AI01991,Deep Learning
AI01992,SQL
AI01992,Azure
AI01992,Tableau
AI01993,SQL
AI01993,MLOps
AI01993,Tableau
AI01993,Kubernetes
AI01994,Kubernetes
AI01994,Computer Vision
AI01994,Spark
AI01994,Statistics
AI01995,Python
AI01995,TensorFlow
AI01995,Mathematics
AI01996,Computer Vision
AI01996,Linux
AI01996,Scala
AI01997,Tableau
AI01997,GCP
AI01997,Statistics
AI01998,NLP
AI01998,Python
AI01998,GCP
AI01998,Tableau
AI01999,Kubernetes
AI01999,NLP
AI01999,Azure
AI02000,R
AI02000,PyTorch
AI02000,AWS
AI02001,AWS
AI02001,SQL
AI02001,Python
AI02001,TensorFlow
AI02002,Statistics
AI02002,AWS
AI02002,TensorFlow
AI02002,Python
AI02003,Python
AI02003,Tableau
AI02003,Data Visualization
AI02003,Scala
AI02004,Data Visualization
AI02004,Python
AI02004,Mathematics
AI02005,AWS
AI02005,Deep Learning
AI02005,Tableau
AI02006,Tableau
AI02006,Data Visualization
AI02006,Azure
AI02006,GCP
AI02006,Mathematics
AI02007,PyTorch
AI02007,SQL
AI02007,NLP
AI02007,Hadoop
AI02007,GCP
AI02008,Hadoop
AI02008,Linux
AI02008,Data Visualization
AI02009,SQL
AI02009,Scala
AI02009,Azure
AI02010,Linux
AI02010,Azure
AI02010,GCP
AI02011,Data Visualization
AI02011,Spark
AI02011,NLP
AI02011,Mathematics
AI02011,Deep Learning
AI02012,Python
AI02012,Scala
AI02012,Deep Learning
AI02012,Statistics
AI02012,Tableau
AI02013,TensorFlow
AI02013,Deep Learning
AI02013,Linux
AI02013,R
AI02014,NLP
AI02014,Computer Vision
AI02014,Tableau
AI02014,TensorFlow
AI02015,Azure
AI02015,Python
AI02015,Linux
AI02015,Statistics
AI02016,Docker
AI02016,Python
AI02016,TensorFlow
AI02017,Scala
AI02017,SQL
AI02017,Git
AI02018,Hadoop
AI02018,Tableau
AI02018,Deep Learning
AI02019,Python
AI02019,Git
AI02019,Java
AI02019,Hadoop
AI02020,NLP
AI02020,R
AI02020,Docker
AI02020,SQL
AI02021,Hadoop
AI02021,Scala
AI02021,GCP
AI02021,Docker
AI02022,PyTorch
AI02022,TensorFlow
AI02022,Python
AI02022,Java
AI02023,R
AI02023,Hadoop
AI02023,Python
AI02023,Azure
AI02023,Data Visualization
AI02024,Kubernetes
AI02024,Computer Vision
AI02024,Hadoop
AI02024,Statistics
AI02025,GCP
AI02025,Python
AI02025,Mathematics
AI02026,Tableau
AI02026,GCP
AI02026,Deep Learning
AI02026,SQL
AI02026,Python
AI02027,Tableau
AI02027,NLP
AI02027,Hadoop
AI02028,Deep Learning
AI02028,Git
AI02028,AWS
AI02029,Tableau
AI02029,MLOps
AI02029,Kubernetes
AI02029,SQL
AI02030,Spark
AI02030,Hadoop
AI02030,Python
AI02030,Kubernetes
AI02031,R
AI02031,Kubernetes
AI02031,Data Visualization
AI02032,SQL
AI02032,Scala
AI02032,Kubernetes
AI02033,Kubernetes
AI02033,PyTorch
AI02033,Hadoop
AI02033,Data Visualization
AI02034,Linux
AI02034,Hadoop
AI02034,Deep Learning
AI02034,Kubernetes
AI02034,GCP
AI02035,Git
AI02035,GCP
AI02035,SQL
AI02035,PyTorch
AI02035,Mathematics
AI02036,Kubernetes
AI02036,Java
AI02036,Mathematics
AI02036,Computer Vision
AI02036,Tableau
AI02037,SQL
AI02037,PyTorch
AI02037,Deep Learning
AI02037,AWS
AI02038,Python
AI02038,TensorFlow
AI02038,Tableau
AI02038,R
AI02038,Linux
AI02039,Python
AI02039,TensorFlow
AI02039,GCP
AI02039,PyTorch
AI02039,Linux
AI02040,Docker
AI02040,MLOps
AI02040,Mathematics
AI02040,Python
AI02041,Computer Vision
AI02041,MLOps
AI02041,AWS
AI02042,Java
AI02042,SQL
AI02042,Statistics
AI02043,PyTorch
AI02043,Spark
AI02043,SQL
AI02044,Tableau
AI02044,PyTorch
AI02044,TensorFlow
AI02045,Spark
AI02045,Python
AI02045,Git
AI02045,TensorFlow
AI02045,Tableau
AI02046,Java
AI02046,NLP
AI02046,MLOps
AI02046,Statistics
AI02046,Tableau
AI02047,Python
AI02047,Hadoop
AI02047,NLP
AI02048,GCP
AI02048,TensorFlow
AI02048,Linux
AI02048,Python
AI02049,Linux
AI02049,GCP
AI02049,R
AI02049,Computer Vision
AI02049,Mathematics
AI02050,Scala
AI02050,Docker
AI02050,Tableau
AI02051,Docker
AI02051,PyTorch
AI02051,SQL
AI02051,Linux
AI02052,Python
AI02052,MLOps
AI02052,Linux
AI02052,TensorFlow
AI02052,Deep Learning
AI02053,Python
AI02053,Statistics
AI02053,Kubernetes
AI02053,TensorFlow
AI02053,Mathematics
AI02054,Docker
AI02054,R
AI02054,Mathematics
AI02055,Linux
AI02055,Mathematics
AI02055,Python
AI02055,Git
AI02055,Statistics
AI02056,Kubernetes
AI02056,Java
AI02056,Scala
AI02056,Deep Learning
AI02056,NLP
AI02057,SQL
AI02057,Docker
AI02057,PyTorch
AI02057,AWS
AI02058,Data Visualization
AI02058,PyTorch
AI02058,Java
AI02058,Python
AI02058,GCP
AI02059,Spark
AI02059,Python
AI02059,Computer Vision
AI02059,Scala
AI02060,Java
AI02060,Statistics
AI02060,Python
AI02061,Python
AI02061,Data Visualization
AI02061,MLOps
AI02062,GCP
AI02062,PyTorch
AI02062,Deep Learning
AI02062,MLOps
AI02063,Java
AI02063,AWS
AI02063,Tableau
AI02063,Spark
AI02064,Git
AI02064,Hadoop
AI02064,Docker
AI02065,Kubernetes
AI02065,MLOps
AI02065,Deep Learning
AI02066,Python
AI02066,R
AI02066,MLOps
AI02067,Deep Learning
AI02067,Python
AI02067,Docker
AI02067,Linux
AI02067,MLOps
AI02068,Scala
AI02068,R
AI02068,Python
AI02068,AWS
AI02068,SQL
AI02069,Scala
AI02069,Python
AI02069,MLOps
AI02070,Python
AI02070,MLOps
AI02070,Scala
AI02070,Computer Vision
AI02070,TensorFlow
AI02071,Deep Learning
AI02071,Scala
AI02071,Azure
AI02071,Kubernetes
AI02071,Statistics
AI02072,Kubernetes
AI02072,Python
AI02072,TensorFlow
AI02072,Hadoop
AI02073,Python
AI02073,Spark
AI02073,Deep Learning
AI02073,Java
AI02073,Git
AI02074,Tableau
AI02074,GCP
AI02074,R
AI02074,Linux
AI02074,SQL
AI02075,Spark
AI02075,Azure
AI02075,Java
AI02076,Java
AI02076,Linux
AI02076,Hadoop
AI02077,Hadoop
AI02077,Computer Vision
AI02077,Data Visualization
AI02077,Python
AI02078,Kubernetes
AI02078,Deep Learning
AI02078,Computer Vision
AI02078,PyTorch
AI02078,GCP
AI02079,Spark
AI02079,Statistics
AI02079,SQL
AI02079,Python
AI02079,MLOps
AI02080,Deep Learning
AI02080,MLOps
AI02080,Kubernetes
AI02080,R
AI02081,R
AI02081,Python
AI02081,GCP
AI02081,SQL
AI02082,PyTorch
AI02082,Java
AI02082,SQL
AI02083,AWS
AI02083,Scala
AI02083,Java
AI02083,Git
AI02083,SQL
AI02084,Java
AI02084,R
AI02084,Scala
AI02085,Scala
AI02085,Tableau
AI02085,TensorFlow
AI02085,Mathematics
AI02086,AWS
AI02086,Linux
AI02086,SQL
AI02087,Hadoop
AI02087,Computer Vision
AI02087,Scala
AI02087,PyTorch
AI02087,MLOps
AI02088,Scala
AI02088,Computer Vision
AI02088,MLOps
AI02088,Linux
AI02088,Java
AI02089,Python
AI02089,Git
AI02089,Scala
AI02089,GCP
AI02089,Java
AI02090,Java
AI02090,Hadoop
AI02090,Computer Vision
AI02090,Kubernetes
AI02090,Git
AI02091,Deep Learning
AI02091,Docker
AI02091,PyTorch
AI02092,MLOps
AI02092,Kubernetes
AI02092,Docker
AI02093,SQL
AI02093,Mathematics
AI02093,PyTorch
AI02093,Computer Vision
AI02094,Java
AI02094,Git
AI02094,Scala
AI02095,Hadoop
AI02095,R
AI02095,NLP
AI02096,Git
AI02096,Kubernetes
AI02096,Java
AI02097,Git
AI02097,PyTorch
AI02097,AWS
AI02097,Mathematics
AI02097,Tableau
AI02098,Scala
AI02098,SQL
AI02098,NLP
AI02098,Docker
AI02098,Kubernetes
AI02099,Spark
AI02099,Kubernetes
AI02099,Scala
AI02099,MLOps
AI02099,Hadoop
AI02100,R
AI02100,Kubernetes
AI02100,Git
AI02100,Hadoop
AI02101,Mathematics
AI02101,Computer Vision
AI02101,MLOps
AI02102,TensorFlow
AI02102,Git
AI02102,PyTorch
AI02102,Docker
AI02102,NLP
AI02103,AWS
AI02103,TensorFlow
AI02103,Statistics
AI02104,Kubernetes
AI02104,Scala
AI02104,Tableau
AI02104,GCP
AI02105,Statistics
AI02105,TensorFlow
AI02105,SQL
AI02105,MLOps
AI02105,Computer Vision
AI02106,Java
AI02106,AWS
AI02106,Python
AI02107,Scala
AI02107,Python
AI02107,MLOps
AI02107,R
AI02107,Java
AI02108,Linux
AI02108,R
AI02108,Kubernetes
AI02109,Python
AI02109,R
AI02109,Kubernetes
AI02110,GCP
AI02110,Scala
AI02110,Hadoop
AI02111,AWS
AI02111,Docker
AI02111,GCP
AI02112,GCP
AI02112,MLOps
AI02112,Data Visualization
AI02112,SQL
AI02112,Mathematics
AI02113,Python
AI02113,NLP
AI02113,R
AI02113,Linux
AI02114,Docker
AI02114,NLP
AI02114,AWS
AI02114,Spark
AI02114,Kubernetes
AI02115,PyTorch
AI02115,TensorFlow
AI02115,MLOps
AI02115,SQL
AI02115,Azure
AI02116,Hadoop
AI02116,PyTorch
AI02116,Tableau
AI02117,Kubernetes
AI02117,Data Visualization
AI02117,MLOps
AI02118,SQL
AI02118,Hadoop
AI02118,Scala
AI02119,Python
AI02119,TensorFlow
AI02119,Computer Vision
AI02119,PyTorch
AI02119,NLP
AI02120,Computer Vision
AI02120,Docker
AI02120,NLP
AI02121,NLP
AI02121,PyTorch
AI02121,Azure
AI02121,TensorFlow
AI02122,SQL
AI02122,PyTorch
AI02122,Docker
AI02123,TensorFlow
AI02123,Tableau
AI02123,NLP
AI02123,PyTorch
AI02124,Kubernetes
AI02124,Docker
AI02124,TensorFlow
AI02124,PyTorch
AI02125,Hadoop
AI02125,AWS
AI02125,Python
AI02125,Spark
AI02126,MLOps
AI02126,TensorFlow
AI02126,Docker
AI02127,NLP
AI02127,Python
AI02127,Spark
AI02127,Data Visualization
AI02127,Kubernetes
AI02128,Tableau
AI02128,Docker
AI02128,GCP
AI02129,Linux
AI02129,Hadoop
AI02129,Spark
AI02130,Scala
AI02130,Data Visualization
AI02130,SQL
AI02130,MLOps
AI02131,Deep Learning
AI02131,AWS
AI02131,GCP
AI02131,Tableau
AI02132,GCP
AI02132,AWS
AI02132,NLP
AI02132,Scala
AI02133,PyTorch
AI02133,GCP
AI02133,Deep Learning
AI02134,Docker
AI02134,Tableau
AI02134,Java
AI02135,Data Visualization
AI02135,Azure
AI02135,PyTorch
AI02135,Linux
AI02136,Python
AI02136,TensorFlow
AI02136,MLOps
AI02137,Linux
AI02137,SQL
AI02137,TensorFlow
AI02137,R
AI02137,NLP
AI02138,NLP
AI02138,Git
AI02138,PyTorch
AI02139,Hadoop
AI02139,Tableau
AI02139,PyTorch
AI02139,Git
AI02140,Java
AI02140,SQL
AI02140,Azure
AI02140,Scala
AI02141,NLP
AI02141,PyTorch
AI02141,TensorFlow
AI02141,Azure
AI02141,Data Visualization
AI02142,TensorFlow
AI02142,Spark
AI02142,Python
AI02142,Kubernetes
AI02143,Spark
AI02143,Linux
AI02143,Computer Vision
AI02143,Python
AI02144,TensorFlow
AI02144,Hadoop
AI02144,Docker
AI02144,Tableau
AI02145,R
AI02145,Tableau
AI02145,Deep Learning
AI02145,Git
AI02146,GCP
AI02146,SQL
AI02146,R
AI02147,Scala
AI02147,GCP
AI02147,Python
AI02148,Python
AI02148,PyTorch
AI02148,Linux
AI02148,Statistics
AI02149,Python
AI02149,TensorFlow
AI02149,NLP
AI02149,Git
AI02149,GCP
AI02150,Python
AI02150,Data Visualization
AI02150,TensorFlow
AI02150,GCP
AI02150,Mathematics
AI02151,MLOps
AI02151,Spark
AI02151,Statistics
AI02151,SQL
AI02151,AWS
AI02152,Scala
AI02152,Deep Learning
AI02152,Python
AI02152,GCP
AI02153,PyTorch
AI02153,SQL
AI02153,Deep Learning
AI02153,Tableau
AI02153,Git
AI02154,Kubernetes
AI02154,Linux
AI02154,SQL
AI02154,Computer Vision
AI02155,Python
AI02155,Hadoop
AI02155,Git
AI02155,TensorFlow
AI02156,AWS
AI02156,Kubernetes
AI02156,Mathematics
AI02156,Computer Vision
AI02157,Python
AI02157,TensorFlow
AI02157,Scala
AI02158,Statistics
AI02158,Git
AI02158,Deep Learning
AI02158,Python
AI02159,Linux
AI02159,Python
AI02159,AWS
AI02159,NLP
AI02160,Java
AI02160,Azure
AI02160,R
AI02160,Data Visualization
AI02160,PyTorch
AI02161,PyTorch
AI02161,NLP
AI02161,Git
AI02161,Docker
AI02161,Spark
AI02162,Mathematics
AI02162,R
AI02162,AWS
AI02163,PyTorch
AI02163,Scala
AI02163,Computer Vision
AI02163,AWS
AI02163,Python
AI02164,TensorFlow
AI02164,Deep Learning
AI02164,Java
AI02164,Python
AI02165,MLOps
AI02165,Kubernetes
AI02165,NLP
AI02166,MLOps
AI02166,Java
AI02166,R
AI02166,SQL
AI02166,Mathematics
AI02167,SQL
AI02167,Azure
AI02167,Hadoop
AI02168,TensorFlow
AI02168,Docker
AI02168,Tableau
AI02168,Computer Vision
AI02169,Scala
AI02169,Git
AI02169,MLOps
AI02170,AWS
AI02170,R
AI02170,SQL
AI02170,Git
AI02171,SQL
AI02171,Hadoop
AI02171,GCP
AI02171,PyTorch
AI02172,Java
AI02172,Git
AI02172,NLP
AI02172,AWS
AI02172,PyTorch
AI02173,TensorFlow
AI02173,NLP
AI02173,Linux
AI02173,Data Visualization
AI02173,GCP
AI02174,Deep Learning
AI02174,Azure
AI02174,Statistics
AI02174,PyTorch
AI02175,GCP
AI02175,TensorFlow
AI02175,Scala
AI02175,Computer Vision
AI02175,R
AI02176,Tableau
AI02176,R
AI02176,SQL
AI02176,PyTorch
AI02177,Git
AI02177,Tableau
AI02177,Python
AI02177,Deep Learning
AI02178,NLP
AI02178,Java
AI02178,Kubernetes
AI02178,R
AI02178,Mathematics
AI02179,PyTorch
AI02179,Deep Learning
AI02179,Scala
AI02179,TensorFlow
AI02180,SQL
AI02180,Python
AI02180,Git
AI02180,Spark
AI02181,NLP
AI02181,Scala
AI02181,R
AI02182,Docker
AI02182,Kubernetes
AI02182,Java
AI02182,Computer Vision
AI02182,MLOps
AI02183,GCP
AI02183,Linux
AI02183,Docker
AI02183,Git
AI02184,Linux
AI02184,TensorFlow
AI02184,Data Visualization
AI02184,Spark
AI02185,R
AI02185,Kubernetes
AI02185,Hadoop
AI02185,Azure
AI02186,AWS
AI02186,Data Visualization
AI02186,PyTorch
AI02187,Computer Vision
AI02187,MLOps
AI02187,Hadoop
AI02188,NLP
AI02188,Scala
AI02188,Spark
AI02189,MLOps
AI02189,Docker
AI02189,Spark
AI02189,Python
AI02189,Linux
AI02190,Scala
AI02190,Git
AI02190,Spark
AI02191,NLP
AI02191,AWS
AI02191,MLOps
AI02192,Spark
AI02192,TensorFlow
AI02192,Java
AI02192,Docker
AI02192,NLP
AI02193,Kubernetes
AI02193,Statistics
AI02193,PyTorch
AI02194,Docker
AI02194,Hadoop
AI02194,Statistics
AI02195,Statistics
AI02195,SQL
AI02195,Linux
AI02196,Hadoop
AI02196,Computer Vision
AI02196,Data Visualization
AI02196,Statistics
AI02197,Computer Vision
AI02197,Git
AI02197,Kubernetes
AI02198,PyTorch
AI02198,Scala
AI02198,AWS
AI02199,Spark
AI02199,NLP
AI02199,Statistics
AI02199,R
AI02200,Mathematics
AI02200,Tableau
AI02200,Git
AI02201,Spark
AI02201,Linux
AI02201,Tableau
AI02201,NLP
AI02201,Scala
AI02202,PyTorch
AI02202,AWS
AI02202,Mathematics
AI02202,GCP
AI02203,Computer Vision
AI02203,Python
AI02203,TensorFlow
AI02204,Deep Learning
AI02204,R
AI02204,Java
AI02204,Computer Vision
AI02205,GCP
AI02205,TensorFlow
AI02205,Data Visualization
AI02205,Tableau
AI02205,MLOps
AI02206,Git
AI02206,GCP
AI02206,NLP
AI02206,PyTorch
AI02206,TensorFlow
AI02207,Java
AI02207,Data Visualization
AI02207,Scala
AI02207,Computer Vision
AI02207,MLOps
AI02208,Computer Vision
AI02208,GCP
AI02208,NLP
AI02209,NLP
AI02209,Python
AI02209,Data Visualization
AI02210,Linux
AI02210,Python
AI02210,Git
AI02211,R
AI02211,Scala
AI02211,Linux
AI02211,Git
AI02212,Git
AI02212,PyTorch
AI02212,Computer Vision
AI02212,Docker
AI02212,Kubernetes
AI02213,Git
AI02213,Deep Learning
AI02213,Computer Vision
AI02213,Linux
AI02214,Git
AI02214,Scala
AI02214,Kubernetes
AI02215,R
AI02215,Python
AI02215,Mathematics
AI02215,Tableau
AI02215,Kubernetes
AI02216,Java
AI02216,GCP
AI02216,Computer Vision
AI02217,Kubernetes
AI02217,GCP
AI02217,NLP
AI02217,Java
AI02217,Deep Learning
AI02218,Mathematics
AI02218,Python
AI02218,Data Visualization
AI02218,GCP
AI02218,TensorFlow
AI02219,Linux
AI02219,Kubernetes
AI02219,Computer Vision
AI02219,SQL
AI02219,Spark
AI02220,Azure
AI02220,R
AI02220,Computer Vision
AI02220,MLOps
AI02220,PyTorch
AI02221,Statistics
AI02221,Java
AI02221,SQL
AI02221,Python
AI02221,Data Visualization
AI02222,PyTorch
AI02222,TensorFlow
AI02222,GCP
AI02222,Git
AI02222,Azure
AI02223,Git
AI02223,Spark
AI02223,MLOps
AI02224,TensorFlow
AI02224,Deep Learning
AI02224,Hadoop
AI02224,MLOps
AI02225,R
AI02225,SQL
AI02225,Data Visualization
AI02225,Computer Vision
AI02226,GCP
AI02226,Linux
AI02226,Kubernetes
AI02226,Python
AI02227,Java
AI02227,Python
AI02227,GCP
AI02227,PyTorch
AI02228,PyTorch
AI02228,Java
AI02228,Azure
AI02228,NLP
AI02229,Spark
AI02229,Hadoop
AI02229,Java
AI02229,Scala
AI02230,Kubernetes
AI02230,Java
AI02230,Git
AI02230,GCP
AI02230,Tableau
AI02231,Mathematics
AI02231,Scala
AI02231,Deep Learning
AI02231,MLOps
AI02232,Linux
AI02232,Python
AI02232,Azure
AI02232,Java
AI02232,TensorFlow
AI02233,AWS
AI02233,SQL
AI02233,TensorFlow
AI02233,Data Visualization
AI02233,Docker
AI02234,GCP
AI02234,Spark
AI02234,Scala
AI02234,NLP
AI02235,TensorFlow
AI02235,GCP
AI02235,SQL
AI02235,Mathematics
AI02236,R
AI02236,SQL
AI02236,AWS
AI02237,Scala
AI02237,Python
AI02237,Mathematics
AI02237,Linux
AI02237,AWS
AI02238,GCP
AI02238,PyTorch
AI02238,Linux
AI02238,SQL
AI02238,R
AI02239,R
AI02239,Kubernetes
AI02239,AWS
AI02240,Computer Vision
AI02240,R
AI02240,TensorFlow
AI02240,GCP
AI02240,Git
AI02241,Java
AI02241,Data Visualization
AI02241,Python
AI02242,R
AI02242,Java
AI02242,Spark
AI02242,SQL
AI02243,Python
AI02243,Spark
AI02243,Mathematics
AI02244,R
AI02244,Java
AI02244,Hadoop
AI02244,Data Visualization
AI02244,Spark
AI02245,SQL
AI02245,MLOps
AI02245,Scala
AI02246,MLOps
AI02246,Git
AI02246,Linux
AI02246,Deep Learning
AI02247,Docker
AI02247,PyTorch
AI02247,GCP
AI02248,PyTorch
AI02248,Azure
AI02248,SQL
AI02249,Python
AI02249,Data Visualization
AI02249,GCP
AI02250,Linux
AI02250,R
AI02250,Scala
AI02251,Kubernetes
AI02251,Python
AI02251,Git
AI02251,Hadoop
AI02252,Spark
AI02252,R
AI02252,TensorFlow
AI02253,Statistics
AI02253,Linux
AI02253,Python
AI02254,Git
AI02254,Linux
AI02254,Hadoop
AI02254,Spark
AI02254,GCP
AI02255,Java
AI02255,R
AI02255,Computer Vision
AI02255,Git
AI02256,SQL
AI02256,Statistics
AI02256,Spark
AI02256,AWS
AI02256,GCP
AI02257,NLP
AI02257,Tableau
AI02257,GCP
AI02257,Kubernetes
AI02258,Git
AI02258,AWS
AI02258,Python
AI02258,Computer Vision
AI02258,TensorFlow
AI02259,Hadoop
AI02259,Scala
AI02259,NLP
AI02259,Python
AI02260,Java
AI02260,SQL
AI02260,Statistics
AI02260,MLOps
AI02260,TensorFlow
AI02261,TensorFlow
AI02261,Scala
AI02261,Git
AI02262,Scala
AI02262,NLP
AI02262,MLOps
AI02263,Linux
AI02263,Docker
AI02263,Scala
AI02263,SQL
AI02264,Mathematics
AI02264,GCP
AI02264,AWS
AI02264,Git
AI02264,Python
AI02265,Hadoop
AI02265,AWS
AI02265,Azure
AI02266,Python
AI02266,Azure
AI02266,TensorFlow
AI02266,NLP
AI02266,MLOps
AI02267,Azure
AI02267,Java
AI02267,Linux
AI02267,Scala
AI02268,Linux
AI02268,MLOps
AI02268,Java
AI02269,Linux
AI02269,Hadoop
AI02269,Computer Vision
AI02269,PyTorch
AI02270,Mathematics
AI02270,Python
AI02270,Docker
AI02270,Linux
AI02270,TensorFlow
AI02271,Scala
AI02271,AWS
AI02271,Computer Vision
AI02272,MLOps
AI02272,AWS
AI02272,Deep Learning
AI02273,Statistics
AI02273,R
AI02273,Tableau
AI02273,Data Visualization
AI02274,GCP
AI02274,MLOps
AI02274,R
AI02274,Computer Vision
AI02275,MLOps
AI02275,Azure
AI02275,Data Visualization
AI02275,Python
AI02275,NLP
AI02276,Statistics
AI02276,GCP
AI02276,Python
AI02276,Tableau
AI02277,Spark
AI02277,TensorFlow
AI02277,PyTorch
AI02277,Mathematics
AI02278,Linux
AI02278,Azure
AI02278,Docker
AI02278,Mathematics
AI02278,Python
AI02279,R
AI02279,PyTorch
AI02279,NLP
AI02280,Statistics
AI02280,Linux
AI02280,Python
AI02280,Deep Learning
AI02280,Docker
AI02281,Python
AI02281,R
AI02281,Docker
AI02281,Mathematics
AI02282,Scala
AI02282,Python
AI02282,Azure
AI02283,TensorFlow
AI02283,Mathematics
AI02283,SQL
AI02283,GCP
AI02284,Data Visualization
AI02284,R
AI02284,Git
AI02284,AWS
AI02284,Computer Vision
AI02285,AWS
AI02285,NLP
AI02285,Azure
AI02286,R
AI02286,PyTorch
AI02286,GCP
AI02286,Hadoop
AI02286,MLOps
AI02287,R
AI02287,Azure
AI02287,SQL
AI02287,AWS
AI02288,Statistics
AI02288,Hadoop
AI02288,NLP
AI02289,AWS
AI02289,Git
AI02289,Kubernetes
AI02289,TensorFlow
AI02290,MLOps
AI02290,Java
AI02290,TensorFlow
AI02291,Hadoop
AI02291,Mathematics
AI02291,Python
AI02291,Git
AI02291,Statistics
AI02292,Docker
AI02292,NLP
AI02292,Azure
AI02292,GCP
AI02292,PyTorch
AI02293,SQL
AI02293,Computer Vision
AI02293,Linux
AI02293,Statistics
AI02294,MLOps
AI02294,PyTorch
AI02294,Linux
AI02294,NLP
AI02295,Scala
AI02295,Java
AI02295,SQL
AI02295,Deep Learning
AI02295,PyTorch
AI02296,SQL
AI02296,Spark
AI02296,PyTorch
AI02296,GCP
AI02297,Statistics
AI02297,Mathematics
AI02297,TensorFlow
AI02298,SQL
AI02298,GCP
AI02298,AWS
AI02298,Data Visualization
AI02298,MLOps
AI02299,Docker
AI02299,GCP
AI02299,Python
AI02299,Statistics
AI02300,R
AI02300,SQL
AI02300,Scala
AI02300,Git
AI02301,Data Visualization
AI02301,Git
AI02301,NLP
AI02301,Kubernetes
AI02301,SQL
AI02302,MLOps
AI02302,Python
AI02302,Statistics
AI02303,Statistics
AI02303,SQL
AI02303,Python
AI02303,PyTorch
AI02303,TensorFlow
AI02304,NLP
AI02304,Linux
AI02304,SQL
AI02304,PyTorch
AI02304,GCP
AI02305,TensorFlow
AI02305,R
AI02305,NLP
AI02306,GCP
AI02306,MLOps
AI02306,Python
AI02306,Statistics
AI02307,Docker
AI02307,AWS
AI02307,PyTorch
AI02308,Hadoop
AI02308,AWS
AI02308,PyTorch
AI02309,R
AI02309,SQL
AI02309,Git
AI02309,AWS
AI02310,Python
AI02310,Linux
AI02310,Tableau
AI02310,TensorFlow
AI02311,Deep Learning
AI02311,Git
AI02311,Computer Vision
AI02312,Spark
AI02312,TensorFlow
AI02312,Scala
AI02312,PyTorch
AI02313,Linux
AI02313,Mathematics
AI02313,Data Visualization
AI02314,AWS
AI02314,Java
AI02314,MLOps
AI02314,GCP
AI02315,Data Visualization
AI02315,Scala
AI02315,Linux
AI02316,Tableau
AI02316,Python
AI02316,Statistics
AI02316,Linux
AI02317,Azure
AI02317,Tableau
AI02317,GCP
AI02318,Computer Vision
AI02318,R
AI02318,Git
AI02318,PyTorch
AI02319,Kubernetes
AI02319,R
AI02319,Python
AI02319,TensorFlow
AI02319,NLP
AI02320,Python
AI02320,SQL
AI02320,Deep Learning
AI02321,Kubernetes
AI02321,Git
AI02321,Statistics
AI02321,Deep Learning
AI02321,Python
AI02322,R
AI02322,TensorFlow
AI02322,Data Visualization
AI02323,Python
AI02323,Tableau
AI02323,Scala
AI02324,Python
AI02324,MLOps
AI02324,Computer Vision
AI02324,Git
AI02325,Data Visualization
AI02325,Kubernetes
AI02325,NLP
AI02325,Scala
AI02325,Git
AI02326,MLOps
AI02326,GCP
AI02326,PyTorch
AI02327,PyTorch
AI02327,Tableau
AI02327,Linux
AI02328,Linux
AI02328,SQL
AI02328,R
AI02328,GCP
AI02328,Java
AI02329,Mathematics
AI02329,Git
AI02329,NLP
AI02329,Docker
AI02330,AWS
AI02330,Scala
AI02330,R
AI02331,NLP
AI02331,Hadoop
AI02331,Data Visualization
AI02332,Linux
AI02332,Scala
AI02332,Hadoop
AI02332,Kubernetes
AI02332,Git
AI02333,Python
AI02333,Hadoop
AI02333,Computer Vision
AI02334,Tableau
AI02334,Spark
AI02334,MLOps
AI02334,Linux
AI02334,SQL
AI02335,Java
AI02335,SQL
AI02335,Mathematics
AI02335,NLP
AI02335,Git
AI02336,Hadoop
AI02336,Python
AI02336,Tableau
AI02336,GCP
AI02336,Mathematics
AI02337,Kubernetes
AI02337,SQL
AI02337,Deep Learning
AI02337,AWS
AI02338,Python
AI02338,TensorFlow
AI02338,Java
AI02338,Azure
AI02338,PyTorch
AI02339,Docker
AI02339,Python
AI02339,Statistics
AI02339,TensorFlow
AI02339,Linux
AI02340,Computer Vision
AI02340,Java
AI02340,Data Visualization
AI02340,Deep Learning
AI02340,R
AI02341,Java
AI02341,SQL
AI02341,R
AI02341,NLP
AI02341,AWS
AI02342,Data Visualization
AI02342,Python
AI02342,TensorFlow
AI02343,R
AI02343,GCP
AI02343,Deep Learning
AI02343,Docker
AI02343,Computer Vision
AI02344,Scala
AI02344,GCP
AI02344,Docker
AI02344,Computer Vision
AI02344,AWS
AI02345,Docker
AI02345,Spark
AI02345,Python
AI02345,Deep Learning
AI02346,MLOps
AI02346,Statistics
AI02346,SQL
AI02347,Git
AI02347,MLOps
AI02347,NLP
AI02348,GCP
AI02348,Spark
AI02348,Tableau
AI02348,Hadoop
AI02348,Linux
AI02349,Scala
AI02349,Data Visualization
AI02349,Java
AI02349,Linux
AI02350,Docker
AI02350,Git
AI02350,Python
AI02350,Hadoop
AI02351,Kubernetes
AI02351,Python
AI02351,Statistics
AI02352,Python
AI02352,TensorFlow
AI02352,NLP
AI02352,Linux
AI02353,R
AI02353,Spark
AI02353,Tableau
AI02353,Python
AI02354,Git
AI02354,Python
AI02354,NLP
AI02354,Kubernetes
AI02354,TensorFlow
AI02355,Tableau
AI02355,Linux
AI02355,GCP
AI02356,NLP
AI02356,Python
AI02356,TensorFlow
AI02357,Azure
AI02357,Python
AI02357,TensorFlow
AI02358,Java
AI02358,Kubernetes
AI02358,Azure
AI02359,Docker
AI02359,Scala
AI02359,Python
AI02359,Spark
AI02359,Mathematics
AI02360,Docker
AI02360,Python
AI02360,Deep Learning
AI02361,Azure
AI02361,SQL
AI02361,Data Visualization
AI02361,MLOps
AI02361,Spark
AI02362,Linux
AI02362,Spark
AI02362,TensorFlow
AI02363,Azure
AI02363,Hadoop
AI02363,SQL
AI02363,TensorFlow
AI02364,Deep Learning
AI02364,Azure
AI02364,Python
AI02365,Azure
AI02365,Python
AI02365,GCP
AI02365,Git
AI02365,Computer Vision
AI02366,Hadoop
AI02366,SQL
AI02366,Java
AI02366,AWS
AI02366,Deep Learning
AI02367,MLOps
AI02367,Kubernetes
AI02367,Data Visualization
AI02367,Python
AI02368,GCP
AI02368,TensorFlow
AI02368,Computer Vision
AI02368,SQL
AI02368,Java
AI02369,Scala
AI02369,Kubernetes
AI02369,Linux
AI02369,Java
AI02369,R
AI02370,Git
AI02370,SQL
AI02370,PyTorch
AI02371,Python
AI02371,Mathematics
AI02371,Kubernetes
AI02371,Deep Learning
AI02371,Spark
AI02372,Spark
AI02372,Scala
AI02372,Data Visualization
AI02372,TensorFlow
AI02372,Java
AI02373,R
AI02373,Hadoop
AI02373,GCP
AI02373,Scala
AI02374,Git
AI02374,Linux
AI02374,Statistics
AI02375,R
AI02375,Scala
AI02375,SQL
AI02376,GCP
AI02376,Kubernetes
AI02376,Mathematics
AI02376,PyTorch
AI02376,TensorFlow
AI02377,MLOps
AI02377,Scala
AI02377,Kubernetes
AI02377,AWS
AI02377,Computer Vision
AI02378,Docker
AI02378,Git
AI02378,MLOps
AI02378,Kubernetes
AI02379,PyTorch
AI02379,Kubernetes
AI02379,NLP
AI02379,R
AI02380,GCP
AI02380,Deep Learning
AI02380,Java
AI02381,MLOps
AI02381,Azure
AI02381,Git
AI02381,Spark
AI02382,Python
AI02382,NLP
AI02382,AWS
AI02382,TensorFlow
AI02382,Linux
AI02383,Tableau
AI02383,Kubernetes
AI02383,SQL
AI02384,GCP
AI02384,SQL
AI02384,Spark
AI02384,Azure
AI02385,PyTorch
AI02385,Azure
AI02385,TensorFlow
AI02385,Mathematics
AI02386,Java
AI02386,Linux
AI02386,AWS
AI02386,MLOps
AI02386,NLP
AI02387,Scala
AI02387,SQL
AI02387,Docker
AI02387,PyTorch
AI02387,Kubernetes
AI02388,Tableau
AI02388,Azure
AI02388,Scala
AI02388,Java
AI02389,Java
AI02389,Scala
AI02389,Spark
AI02390,Linux
AI02390,Scala
AI02390,TensorFlow
AI02390,Docker
AI02391,Linux
AI02391,Scala
AI02391,Mathematics
AI02391,Deep Learning
AI02391,TensorFlow
AI02392,NLP
AI02392,SQL
AI02392,Spark
AI02393,SQL
AI02393,PyTorch
AI02393,TensorFlow
AI02394,Java
AI02394,Data Visualization
AI02394,Azure
AI02395,Kubernetes
AI02395,Python
AI02395,Hadoop
AI02396,SQL
AI02396,R
AI02396,GCP
AI02396,Azure
AI02397,SQL
AI02397,Scala
AI02397,Azure
AI02398,Hadoop
AI02398,Azure
AI02398,Tableau
AI02399,MLOps
AI02399,R
AI02399,SQL
AI02399,Kubernetes
AI02399,Git
AI02400,Linux
AI02400,SQL
AI02400,PyTorch
AI02400,NLP
AI02401,Hadoop
AI02401,GCP
AI02401,Python
AI02401,SQL
AI02401,Mathematics
AI02402,Hadoop
AI02402,MLOps
AI02402,Git
AI02403,Deep Learning
AI02403,Azure
AI02403,AWS
AI02403,TensorFlow
AI02403,Java
AI02404,SQL
AI02404,Kubernetes
AI02404,GCP
AI02404,Spark
AI02404,MLOps
AI02405,Python
AI02405,Kubernetes
AI02405,NLP
AI02405,Data Visualization
AI02406,Python
AI02406,Docker
AI02406,Spark
AI02407,Java
AI02407,Azure
AI02407,PyTorch
AI02408,Deep Learning
AI02408,Data Visualization
AI02408,Tableau
AI02408,TensorFlow
AI02408,SQL
AI02409,Data Visualization
AI02409,Tableau
AI02409,Java
AI02409,Spark
AI02410,Kubernetes
AI02410,Linux
AI02410,Data Visualization
AI02410,Hadoop
AI02410,Statistics
AI02411,Scala
AI02411,Azure
AI02411,Data Visualization
AI02412,Computer Vision
AI02412,Spark
AI02412,NLP
AI02412,R
AI02412,AWS
AI02413,MLOps
AI02413,Linux
AI02413,Git
AI02413,Scala
AI02413,Data Visualization
AI02414,Azure
AI02414,Spark
AI02414,R
AI02414,Python
AI02415,Computer Vision
AI02415,Python
AI02415,Tableau
AI02415,NLP
AI02416,Mathematics
AI02416,Azure
AI02416,Hadoop
AI02416,Git
AI02416,Kubernetes
AI02417,Deep Learning
AI02417,Data Visualization
AI02417,Scala
AI02417,PyTorch
AI02417,MLOps
AI02418,MLOps
AI02418,Docker
AI02418,TensorFlow
AI02418,Tableau
AI02418,Spark
AI02419,Computer Vision
AI02419,Statistics
AI02419,Azure
AI02420,Tableau
AI02420,TensorFlow
AI02420,Python
AI02420,SQL
AI02420,NLP
AI02421,AWS
AI02421,SQL
AI02421,Linux
AI02421,Deep Learning
AI02422,Java
AI02422,Scala
AI02422,PyTorch
AI02422,Mathematics
AI02422,Statistics
AI02423,SQL
AI02423,AWS
AI02423,MLOps
AI02424,Git
AI02424,Computer Vision
AI02424,Python
AI02424,Kubernetes
AI02424,Docker
AI02425,GCP
AI02425,Git
AI02425,Tableau
AI02425,Python
AI02426,GCP
AI02426,Hadoop
AI02426,Deep Learning
AI02426,Kubernetes
AI02427,Azure
AI02427,GCP
AI02427,MLOps
AI02427,NLP
AI02427,Mathematics
AI02428,Linux
AI02428,PyTorch
AI02428,Computer Vision
AI02428,TensorFlow
AI02428,R
AI02429,Statistics
AI02429,MLOps
AI02429,Kubernetes
AI02429,Linux
AI02430,Java
AI02430,R
AI02430,NLP
AI02430,Docker
AI02430,Computer Vision
AI02431,NLP
AI02431,Deep Learning
AI02431,Scala
AI02431,Azure
AI02431,PyTorch
AI02432,Mathematics
AI02432,Azure
AI02432,GCP
AI02432,AWS
AI02433,Git
AI02433,Linux
AI02433,Tableau
AI02433,MLOps
AI02434,PyTorch
AI02434,Data Visualization
AI02434,TensorFlow
AI02434,Mathematics
AI02435,PyTorch
AI02435,GCP
AI02435,Spark
AI02435,Kubernetes
AI02436,Tableau
AI02436,Kubernetes
AI02436,PyTorch
AI02436,Git
AI02436,AWS
AI02437,PyTorch
AI02437,TensorFlow
AI02437,Spark
AI02437,Azure
AI02437,Git
AI02438,Docker
AI02438,Computer Vision
AI02438,Data Visualization
AI02438,SQL
AI02438,Git
AI02439,Computer Vision
AI02439,MLOps
AI02439,Hadoop
AI02440,Deep Learning
AI02440,Git
AI02440,Docker
AI02441,Hadoop
AI02441,Python
AI02441,Spark
AI02441,SQL
AI02441,Kubernetes
AI02442,Computer Vision
AI02442,Kubernetes
AI02442,AWS
AI02443,SQL
AI02443,Azure
AI02443,Statistics
AI02443,MLOps
AI02444,Python
AI02444,Hadoop
AI02444,Deep Learning
AI02444,Kubernetes
AI02445,TensorFlow
AI02445,Mathematics
AI02445,Scala
AI02446,Hadoop
AI02446,GCP
AI02446,Azure
AI02446,Scala
AI02447,Statistics
AI02447,Computer Vision
AI02447,Deep Learning
AI02448,Kubernetes
AI02448,Python
AI02448,NLP
AI02448,GCP
AI02448,Azure
AI02449,Tableau
AI02449,PyTorch
AI02449,Linux
AI02450,Hadoop
AI02450,Linux
AI02450,MLOps
AI02450,Statistics
AI02451,TensorFlow
AI02451,Git
AI02451,SQL
AI02452,MLOps
AI02452,Python
AI02452,Scala
AI02452,Docker
AI02453,Computer Vision
AI02453,Mathematics
AI02453,Scala
AI02453,Java
AI02454,Computer Vision
AI02454,Scala
AI02454,Python
AI02455,PyTorch
AI02455,Git
AI02455,Computer Vision
AI02455,Spark
AI02456,Computer Vision
AI02456,Linux
AI02456,MLOps
AI02456,Git
AI02457,R
AI02457,MLOps
AI02457,Tableau
AI02457,SQL
AI02458,Git
AI02458,Tableau
AI02458,Mathematics
AI02459,Deep Learning
AI02459,Azure
AI02459,Python
AI02459,GCP
AI02460,Git
AI02460,Scala
AI02460,Kubernetes
AI02460,R
AI02460,Statistics
AI02461,Git
AI02461,PyTorch
AI02461,Statistics
AI02461,Deep Learning
AI02461,TensorFlow
AI02462,Kubernetes
AI02462,Spark
AI02462,Scala
AI02462,Java
AI02463,AWS
AI02463,SQL
AI02463,Git
AI02463,Data Visualization
AI02464,NLP
AI02464,Kubernetes
AI02464,Linux
AI02464,Deep Learning
AI02465,Python
AI02465,Java
AI02465,Deep Learning
AI02466,Java
AI02466,R
AI02466,Docker
AI02467,Computer Vision
AI02467,Docker
AI02467,Mathematics
AI02467,Deep Learning
AI02467,Java
AI02468,Spark
AI02468,Scala
AI02468,Kubernetes
AI02469,SQL
AI02469,MLOps
AI02469,TensorFlow
AI02470,NLP
AI02470,Azure
AI02470,Spark
AI02470,GCP
AI02471,TensorFlow
AI02471,Computer Vision
AI02471,Python
AI02471,Java
AI02472,PyTorch
AI02472,Git
AI02472,Mathematics
AI02472,Scala
AI02472,Hadoop
AI02473,Python
AI02473,Tableau
AI02473,Linux
AI02473,TensorFlow
AI02474,Hadoop
AI02474,Docker
AI02474,Tableau
AI02474,MLOps
AI02475,AWS
AI02475,Spark
AI02475,Hadoop
AI02475,SQL
AI02476,AWS
AI02476,Statistics
AI02476,SQL
AI02476,Computer Vision
AI02476,Tableau
AI02477,AWS
AI02477,Hadoop
AI02477,Tableau
AI02478,Docker
AI02478,NLP
AI02478,Scala
AI02478,Python
AI02479,Statistics
AI02479,Java
AI02479,R
AI02479,Spark
AI02480,Docker
AI02480,Spark
AI02480,Computer Vision
AI02481,Deep Learning
AI02481,Azure
AI02481,R
AI02481,Linux
AI02482,Java
AI02482,SQL
AI02482,Mathematics
AI02482,Docker
AI02482,Computer Vision
AI02483,Hadoop
AI02483,NLP
AI02483,Docker
AI02483,Tableau
AI02483,Scala
AI02484,Kubernetes
AI02484,GCP
AI02484,NLP
AI02485,Python
AI02485,Git
AI02485,PyTorch
AI02486,Computer Vision
AI02486,MLOps
AI02486,Scala
AI02486,Java
AI02486,R
AI02487,Hadoop
AI02487,Git
AI02487,Data Visualization
AI02487,Spark
AI02488,Hadoop
AI02488,Azure
AI02488,Python
AI02488,Linux
AI02489,MLOps
AI02489,Git
AI02489,Linux
AI02489,GCP
AI02490,Java
AI02490,Linux
AI02490,Spark
AI02490,Python
AI02491,Data Visualization
AI02491,MLOps
AI02491,TensorFlow
AI02491,Kubernetes
AI02492,Computer Vision
AI02492,Tableau
AI02492,Linux
AI02493,Spark
AI02493,SQL
AI02493,Tableau
AI02494,GCP
AI02494,Git
AI02494,Spark
AI02495,Computer Vision
AI02495,Scala
AI02495,Kubernetes
AI02495,Python
AI02496,Kubernetes
AI02496,TensorFlow
AI02496,Computer Vision
AI02497,Scala
AI02497,TensorFlow
AI02497,SQL
AI02498,SQL
AI02498,MLOps
AI02498,Java
AI02498,NLP
AI02499,NLP
AI02499,Python
AI02499,Linux
AI02499,Kubernetes
AI02500,SQL
AI02500,Azure
AI02500,TensorFlow
AI02501,Mathematics
AI02501,MLOps
AI02501,Python
AI02501,GCP
AI02502,Kubernetes
AI02502,TensorFlow
AI02502,Java
AI02502,Python
AI02502,Statistics
AI02503,PyTorch
AI02503,Git
AI02503,Data Visualization
AI02503,Linux
AI02503,Deep Learning
AI02504,Kubernetes
AI02504,R
AI02504,Data Visualization
AI02504,Statistics
AI02504,Scala
AI02505,Scala
AI02505,SQL
AI02505,Tableau
AI02505,Spark
AI02506,Python
AI02506,GCP
AI02506,Data Visualization
AI02506,Kubernetes
AI02507,Data Visualization
AI02507,Hadoop
AI02507,Kubernetes
AI02507,Spark
AI02508,Git
AI02508,Python
AI02508,GCP
AI02508,Computer Vision
AI02508,TensorFlow
AI02509,Linux
AI02509,Computer Vision
AI02509,Git
AI02509,Kubernetes
AI02509,Scala
AI02510,Docker
AI02510,Kubernetes
AI02510,Hadoop
AI02510,Scala
AI02511,Python
AI02511,Scala
AI02511,Kubernetes
AI02512,Git
AI02512,AWS
AI02512,Statistics
AI02513,Scala
AI02513,Python
AI02513,AWS
AI02513,Mathematics
AI02514,SQL
AI02514,Computer Vision
AI02514,AWS
AI02514,PyTorch
AI02515,Data Visualization
AI02515,Python
AI02515,TensorFlow
AI02515,Git
AI02515,Docker
AI02516,Linux
AI02516,Python
AI02516,Deep Learning
AI02516,Computer Vision
AI02517,PyTorch
AI02517,Git
AI02517,Tableau
AI02518,TensorFlow
AI02518,NLP
AI02518,SQL
AI02518,R
AI02518,Deep Learning
AI02519,Python
AI02519,Git
AI02519,Data Visualization
AI02519,Docker
AI02519,AWS
AI02520,R
AI02520,AWS
AI02520,Linux
AI02520,Tableau
AI02521,Python
AI02521,GCP
AI02521,Spark
AI02521,Deep Learning
AI02522,Linux
AI02522,Statistics
AI02522,Scala
AI02522,Computer Vision
AI02523,NLP
AI02523,Scala
AI02523,TensorFlow
AI02523,GCP
AI02524,Azure
AI02524,Spark
AI02524,Hadoop
AI02524,Mathematics
AI02525,SQL
AI02525,Mathematics
AI02525,Git
AI02525,Python
AI02526,Hadoop
AI02526,Linux
AI02526,Git
AI02527,Git
AI02527,NLP
AI02527,Scala
AI02527,Statistics
AI02528,Hadoop
AI02528,SQL
AI02528,Kubernetes
AI02529,GCP
AI02529,TensorFlow
AI02529,Azure
AI02529,Java
AI02529,Python
AI02530,MLOps
AI02530,TensorFlow
AI02530,Deep Learning
AI02531,Python
AI02531,SQL
AI02531,Computer Vision
AI02532,Scala
AI02532,Tableau
AI02532,Spark
AI02532,SQL
AI02532,Data Visualization
AI02533,Java
AI02533,Linux
AI02533,Kubernetes
AI02534,TensorFlow
AI02534,PyTorch
AI02534,Hadoop
AI02534,Mathematics
AI02535,Kubernetes
AI02535,Python
AI02535,Java
AI02536,PyTorch
AI02536,SQL
AI02536,Statistics
AI02536,R
AI02536,Azure
AI02537,PyTorch
AI02537,Python
AI02537,Kubernetes
AI02538,Kubernetes
AI02538,PyTorch
AI02538,Azure
AI02539,GCP
AI02539,Docker
AI02539,MLOps
AI02539,SQL
AI02540,Git
AI02540,Kubernetes
AI02540,PyTorch
AI02541,Computer Vision
AI02541,Scala
AI02541,PyTorch
AI02541,SQL
AI02541,R
AI02542,Statistics
AI02542,Java
AI02542,PyTorch
AI02542,Kubernetes
AI02542,Linux
AI02543,Data Visualization
AI02543,Scala
AI02543,Mathematics
AI02543,GCP
AI02543,Kubernetes
AI02544,Statistics
AI02544,Scala
AI02544,Python
AI02544,Java
AI02545,Statistics
AI02545,TensorFlow
AI02545,Python
AI02546,Docker
AI02546,AWS
AI02546,R
AI02546,Scala
AI02547,Deep Learning
AI02547,GCP
AI02547,Java
AI02547,Statistics
AI02548,Azure
AI02548,TensorFlow
AI02548,Docker
AI02549,Docker
AI02549,Computer Vision
AI02549,MLOps
AI02550,Data Visualization
AI02550,PyTorch
AI02550,NLP
AI02550,Docker
AI02551,Azure
AI02551,GCP
AI02551,Python
AI02552,GCP
AI02552,NLP
AI02552,Python
AI02552,Git
AI02553,AWS
AI02553,GCP
AI02553,TensorFlow
AI02554,Python
AI02554,Git
AI02554,AWS
AI02555,Hadoop
AI02555,Python
AI02555,GCP
AI02556,Tableau
AI02556,Docker
AI02556,Computer Vision
AI02556,Scala
AI02557,Azure
AI02557,Docker
AI02557,SQL
AI02558,MLOps
AI02558,Azure
AI02558,Linux
AI02558,Deep Learning
AI02558,Python
AI02559,Computer Vision
AI02559,NLP
AI02559,Tableau
AI02559,Hadoop
AI02559,Scala
AI02560,Azure
AI02560,Kubernetes
AI02560,SQL
AI02560,AWS
AI02560,Git
AI02561,Hadoop
AI02561,Azure
AI02561,NLP
AI02561,Mathematics
AI02561,GCP
AI02562,Docker
AI02562,NLP
AI02562,Computer Vision
AI02562,MLOps
AI02563,Python
AI02563,Hadoop
AI02563,R
AI02563,MLOps
AI02563,Tableau
AI02564,Tableau
AI02564,Git
AI02564,SQL
AI02564,PyTorch
AI02564,Python
AI02565,Python
AI02565,Mathematics
AI02565,Scala
AI02566,R
AI02566,Statistics
AI02566,Hadoop
AI02567,Docker
AI02567,Deep Learning
AI02567,Python
AI02567,AWS
AI02568,Python
AI02568,Kubernetes
AI02568,Spark
AI02569,GCP
AI02569,Kubernetes
AI02569,R
AI02570,Data Visualization
AI02570,Deep Learning
AI02570,Tableau
AI02570,Java
AI02570,Computer Vision
AI02571,Computer Vision
AI02571,R
AI02571,Statistics
AI02571,SQL
AI02572,Docker
AI02572,Kubernetes
AI02572,Scala
AI02572,MLOps
AI02572,Java
AI02573,MLOps
AI02573,Scala
AI02573,Deep Learning
AI02573,GCP
AI02573,NLP
AI02574,AWS
AI02574,Scala
AI02574,Tableau
AI02574,Deep Learning
AI02574,Computer Vision
AI02575,SQL
AI02575,Spark
AI02575,PyTorch
AI02576,Tableau
AI02576,PyTorch
AI02576,Scala
AI02576,Data Visualization
AI02577,Deep Learning
AI02577,SQL
AI02577,Mathematics
AI02577,Azure
AI02578,Spark
AI02578,Git
AI02578,Tableau
AI02578,Docker
AI02578,Linux
AI02579,Deep Learning
AI02579,Python
AI02579,R
AI02579,Mathematics
AI02579,GCP
AI02580,Tableau
AI02580,AWS
AI02580,Java
AI02581,Scala
AI02581,Java
AI02581,Spark
AI02582,PyTorch
AI02582,Deep Learning
AI02582,NLP
AI02583,Hadoop
AI02583,Kubernetes
AI02583,Java
AI02584,Python
AI02584,Docker
AI02584,Hadoop
AI02584,Linux
AI02584,TensorFlow
AI02585,Kubernetes
AI02585,Scala
AI02585,Data Visualization
AI02585,Git
AI02585,Python
AI02586,Python
AI02586,Spark
AI02586,Tableau
AI02586,Linux
AI02586,TensorFlow
AI02587,Hadoop
AI02587,Java
AI02587,TensorFlow
AI02587,Git
AI02587,Python
AI02588,Java
AI02588,Scala
AI02588,Hadoop
AI02589,Python
AI02589,AWS
AI02589,Statistics
AI02589,Linux
AI02590,Docker
AI02590,Hadoop
AI02590,Tableau
AI02590,Computer Vision
AI02591,TensorFlow
AI02591,Hadoop
AI02591,Git
AI02591,Linux
AI02591,SQL
AI02592,Linux
AI02592,Deep Learning
AI02592,Kubernetes
AI02592,Git
AI02592,GCP
AI02593,Linux
AI02593,SQL
AI02593,NLP
AI02594,Kubernetes
AI02594,Python
AI02594,TensorFlow
AI02594,AWS
AI02594,Azure
AI02595,Mathematics
AI02595,Docker
AI02595,MLOps
AI02596,Python
AI02596,TensorFlow
AI02596,PyTorch
AI02596,Hadoop
AI02596,Scala
AI02597,Tableau
AI02597,Git
AI02597,R
AI02597,Data Visualization
AI02598,Spark
AI02598,Docker
AI02598,Scala
AI02599,Tableau
AI02599,AWS
AI02599,Hadoop
AI02600,Tableau
AI02600,Spark
AI02600,Scala
AI02601,Java
AI02601,Python
AI02601,Hadoop
AI02601,Azure
AI02602,Scala
AI02602,Linux
AI02602,Spark
AI02602,Git
AI02603,Git
AI02603,AWS
AI02603,Tableau
AI02604,R
AI02604,PyTorch
AI02604,Mathematics
AI02605,PyTorch
AI02605,SQL
AI02605,GCP
AI02606,Deep Learning
AI02606,Python
AI02606,R
AI02606,Statistics
AI02607,Azure
AI02607,Deep Learning
AI02607,Python
AI02607,Tableau
AI02607,Statistics
AI02608,PyTorch
AI02608,TensorFlow
AI02608,Linux
AI02608,Python
AI02609,Spark
AI02609,R
AI02609,Python
AI02609,Docker
AI02610,SQL
AI02610,Git
AI02610,Data Visualization
AI02611,Scala
AI02611,Data Visualization
AI02611,Java
AI02612,Python
AI02612,Kubernetes
AI02612,Computer Vision
AI02612,Azure
AI02612,TensorFlow
AI02613,GCP
AI02613,Python
AI02613,Deep Learning
AI02613,PyTorch
AI02614,R
AI02614,SQL
AI02614,Java
AI02614,Hadoop
AI02615,Java
AI02615,Git
AI02615,NLP
AI02615,SQL
AI02616,Kubernetes
AI02616,Python
AI02616,MLOps
AI02616,TensorFlow
AI02616,Deep Learning
AI02617,SQL
AI02617,Python
AI02617,Deep Learning
AI02617,TensorFlow
AI02618,Java
AI02618,NLP
AI02618,Azure
AI02619,Hadoop
AI02619,Mathematics
AI02619,R
AI02619,Git
AI02619,Python
AI02620,Docker
AI02620,AWS
AI02620,Data Visualization
AI02620,MLOps
AI02621,SQL
AI02621,NLP
AI02621,Data Visualization
AI02622,Computer Vision
AI02622,SQL
AI02622,Hadoop
AI02622,AWS
AI02623,Scala
AI02623,GCP
AI02623,Computer Vision
AI02623,R
AI02623,Tableau
AI02624,Computer Vision
AI02624,Spark
AI02624,Linux
AI02624,GCP
AI02624,Python
AI02625,Linux
AI02625,Tableau
AI02625,Deep Learning
AI02626,Kubernetes
AI02626,R
AI02626,Data Visualization
AI02627,TensorFlow
AI02627,Linux
AI02627,Scala
AI02627,Statistics
AI02627,Mathematics
AI02628,MLOps
AI02628,GCP
AI02628,Scala
AI02628,PyTorch
AI02628,Azure
AI02629,Mathematics
AI02629,Data Visualization
AI02629,TensorFlow
AI02629,Kubernetes
AI02629,GCP
AI02630,TensorFlow
AI02630,GCP
AI02630,Deep Learning
AI02630,Docker
AI02631,R
AI02631,Tableau
AI02631,Linux
AI02631,AWS
AI02632,Azure
AI02632,Linux
AI02632,Spark
AI02633,Data Visualization
AI02633,GCP
AI02633,PyTorch
AI02633,Statistics
AI02634,SQL
AI02634,Linux
AI02634,Scala
AI02634,AWS
AI02635,Hadoop
AI02635,Scala
AI02635,Computer Vision
AI02636,Git
AI02636,Kubernetes
AI02636,Scala
AI02636,SQL
AI02636,Data Visualization
AI02637,Kubernetes
AI02637,Tableau
AI02637,Azure
AI02637,Hadoop
AI02638,Python
AI02638,SQL
AI02638,TensorFlow
AI02639,Data Visualization
AI02639,Mathematics
AI02639,PyTorch
AI02639,Computer Vision
AI02640,R
AI02640,TensorFlow
AI02640,Spark
AI02640,Docker
AI02641,Spark
AI02641,NLP
AI02641,R
AI02641,AWS
AI02641,Hadoop
AI02642,GCP
AI02642,Python
AI02642,Spark
AI02642,TensorFlow
AI02642,Statistics
AI02643,GCP
AI02643,SQL
AI02643,Scala
AI02643,NLP
AI02644,AWS
AI02644,Tableau
AI02644,Linux
AI02644,Data Visualization
AI02644,Azure
AI02645,Azure
AI02645,Linux
AI02645,PyTorch
AI02646,Linux
AI02646,R
AI02646,Tableau
AI02646,NLP
AI02647,PyTorch
AI02647,SQL
AI02647,Tableau
AI02648,Java
AI02648,Python
AI02648,Deep Learning
AI02648,Azure
AI02649,NLP
AI02649,Kubernetes
AI02649,SQL
AI02650,Computer Vision
AI02650,Spark
AI02650,TensorFlow
AI02651,Java
AI02651,MLOps
AI02651,PyTorch
AI02651,Hadoop
AI02651,AWS
AI02652,Git
AI02652,Data Visualization
AI02652,Scala
AI02653,Java
AI02653,MLOps
AI02653,R
AI02653,Computer Vision
AI02654,Git
AI02654,Docker
AI02654,NLP
AI02654,Mathematics
AI02655,Linux
AI02655,Java
AI02655,Azure
AI02655,Statistics
AI02655,Python
AI02656,Git
AI02656,R
AI02656,Computer Vision
AI02657,NLP
AI02657,Linux
AI02657,Azure
AI02658,Java
AI02658,R
AI02658,Computer Vision
AI02658,Git
AI02658,GCP
AI02659,GCP
AI02659,TensorFlow
AI02659,Python
AI02659,Linux
AI02660,Statistics
AI02660,SQL
AI02660,PyTorch
AI02660,Data Visualization
AI02660,Computer Vision
AI02661,Python
AI02661,TensorFlow
AI02661,NLP
AI02662,AWS
AI02662,SQL
AI02662,MLOps
AI02663,PyTorch
AI02663,MLOps
AI02663,Hadoop
AI02664,Mathematics
AI02664,Python
AI02664,MLOps
AI02664,TensorFlow
AI02664,Spark
AI02665,Azure
AI02665,Python
AI02665,Kubernetes
AI02665,AWS
AI02666,Kubernetes
AI02666,Python
AI02666,Computer Vision
AI02666,Git
AI02666,Linux
AI02667,GCP
AI02667,PyTorch
AI02667,Python
AI02668,Mathematics
AI02668,Git
AI02668,Tableau
AI02669,Data Visualization
AI02669,Docker
AI02669,Python
AI02670,R
AI02670,Mathematics
AI02670,MLOps
AI02671,TensorFlow
AI02671,Mathematics
AI02671,Data Visualization
AI02672,SQL
AI02672,Deep Learning
AI02672,Spark
AI02673,Git
AI02673,GCP
AI02673,SQL
AI02673,Docker
AI02674,Git
AI02674,Python
AI02674,MLOps
AI02674,Deep Learning
AI02675,Linux
AI02675,MLOps
AI02675,Docker
AI02675,Python
AI02675,AWS
AI02676,Tableau
AI02676,TensorFlow
AI02676,Java
AI02676,Hadoop
AI02676,Scala
AI02677,Python
AI02677,TensorFlow
AI02677,Deep Learning
AI02678,PyTorch
AI02678,Scala
AI02678,AWS
AI02678,Docker
AI02679,Deep Learning
AI02679,Statistics
AI02679,Kubernetes
AI02680,Hadoop
AI02680,MLOps
AI02680,SQL
AI02680,Statistics
AI02681,Hadoop
AI02681,SQL
AI02681,AWS
AI02682,SQL
AI02682,TensorFlow
AI02682,Tableau
AI02682,Computer Vision
AI02683,Tableau
AI02683,Linux
AI02683,Mathematics
AI02684,Git
AI02684,Linux
AI02684,Hadoop
AI02684,Statistics
AI02684,SQL
AI02685,Kubernetes
AI02685,PyTorch
AI02685,Git
AI02685,GCP
AI02685,SQL
AI02686,PyTorch
AI02686,Linux
AI02686,Java
AI02687,AWS
AI02687,Git
AI02687,Tableau
AI02687,Deep Learning
AI02688,Tableau
AI02688,Hadoop
AI02688,PyTorch
AI02689,Python
AI02689,Mathematics
AI02689,Spark
AI02689,Data Visualization
AI02689,GCP
AI02690,AWS
AI02690,Linux
AI02690,Azure
AI02690,Mathematics
AI02690,Statistics
AI02691,R
AI02691,NLP
AI02691,Git
AI02692,Azure
AI02692,Scala
AI02692,NLP
AI02692,Spark
AI02692,GCP
AI02693,SQL
AI02693,PyTorch
AI02693,Scala
AI02693,TensorFlow
AI02693,R
AI02694,MLOps
AI02694,R
AI02694,Data Visualization
AI02695,SQL
AI02695,Hadoop
AI02695,Kubernetes
AI02695,Data Visualization
AI02695,NLP
AI02696,Scala
AI02696,Mathematics
AI02696,Tableau
AI02697,PyTorch
AI02697,SQL
AI02697,NLP
AI02697,Azure
AI02697,Java
AI02698,GCP
AI02698,Git
AI02698,R
AI02698,Kubernetes
AI02698,Data Visualization
AI02699,Spark
AI02699,Kubernetes
AI02699,Statistics
AI02700,Java
AI02700,Statistics
AI02700,Kubernetes
AI02700,SQL
AI02700,Linux
AI02701,Tableau
AI02701,Scala
AI02701,TensorFlow
AI02701,Deep Learning
AI02701,AWS
AI02702,Python
AI02702,Linux
AI02702,Data Visualization
AI02703,Git
AI02703,SQL
AI02703,NLP
AI02704,PyTorch
AI02704,Deep Learning
AI02704,MLOps
AI02704,AWS
AI02705,R
AI02705,Computer Vision
AI02705,Tableau
AI02705,Git
AI02706,PyTorch
AI02706,GCP
AI02706,Spark
AI02706,SQL
AI02707,Python
AI02707,Scala
AI02707,NLP
AI02707,Deep Learning
AI02708,PyTorch
AI02708,Spark
AI02708,Kubernetes
AI02708,SQL
AI02709,Kubernetes
AI02709,Computer Vision
AI02709,Java
AI02710,TensorFlow
AI02710,MLOps
AI02710,Python
AI02711,Scala
AI02711,AWS
AI02711,Python
AI02712,SQL
AI02712,PyTorch
AI02712,AWS
AI02712,Deep Learning
AI02713,NLP
AI02713,SQL
AI02713,Mathematics
AI02713,Git
AI02713,Spark
AI02714,Linux
AI02714,R
AI02714,PyTorch
AI02714,Scala
AI02714,Hadoop
AI02715,Kubernetes
AI02715,Tableau
AI02715,TensorFlow
AI02716,AWS
AI02716,Tableau
AI02716,Python
AI02716,Computer Vision
AI02717,Git
AI02717,Linux
AI02717,Tableau
AI02717,Statistics
AI02717,Azure
AI02718,AWS
AI02718,Data Visualization
AI02718,Mathematics
AI02718,TensorFlow
AI02718,Azure
AI02719,R
AI02719,Java
AI02719,Statistics
AI02719,MLOps
AI02719,AWS
AI02720,Python
AI02720,Git
AI02720,Mathematics
AI02721,Linux
AI02721,Hadoop
AI02721,NLP
AI02721,Mathematics
AI02722,R
AI02722,Java
AI02722,Python
AI02722,Data Visualization
AI02722,TensorFlow
AI02723,GCP
AI02723,Scala
AI02723,Spark
AI02724,Kubernetes
AI02724,Linux
AI02724,Tableau
AI02724,PyTorch
AI02725,Tableau
AI02725,R
AI02725,Statistics
AI02725,Python
AI02726,R
AI02726,MLOps
AI02726,Linux
AI02726,Hadoop
AI02726,Python
AI02727,SQL
AI02727,Deep Learning
AI02727,Scala
AI02728,Java
AI02728,Scala
AI02728,Mathematics
AI02728,Python
AI02728,SQL
AI02729,Hadoop
AI02729,Deep Learning
AI02729,TensorFlow
AI02729,Statistics
AI02729,Python
AI02730,Python
AI02730,MLOps
AI02730,TensorFlow
AI02731,AWS
AI02731,Mathematics
AI02731,NLP
AI02731,MLOps
AI02732,Tableau
AI02732,Deep Learning
AI02732,NLP
AI02732,Python
AI02733,AWS
AI02733,Hadoop
AI02733,GCP
AI02733,Mathematics
AI02734,Python
AI02734,TensorFlow
AI02734,Data Visualization
AI02735,MLOps
AI02735,Tableau
AI02735,Python
AI02736,SQL
AI02736,Spark
AI02736,Data Visualization
AI02736,Python
AI02736,Docker
AI02737,Data Visualization
AI02737,Mathematics
AI02737,Kubernetes
AI02737,Statistics
AI02737,Java
AI02738,Mathematics
AI02738,Python
AI02738,MLOps
AI02738,Scala
AI02739,Python
AI02739,Kubernetes
AI02739,SQL
AI02739,Deep Learning
AI02740,Mathematics
AI02740,Java
AI02740,Deep Learning
AI02740,GCP
AI02741,SQL
AI02741,Kubernetes
AI02741,Tableau
AI02742,R
AI02742,Statistics
AI02742,Tableau
AI02742,Mathematics
AI02743,Python
AI02743,Kubernetes
AI02743,NLP
AI02743,Computer Vision
AI02744,Computer Vision
AI02744,Deep Learning
AI02744,TensorFlow
AI02745,MLOps
AI02745,R
AI02745,Scala
AI02745,Azure
AI02746,GCP
AI02746,R
AI02746,Tableau
AI02746,Kubernetes
AI02747,Kubernetes
AI02747,Scala
AI02747,Linux
AI02747,GCP
AI02748,GCP
AI02748,Hadoop
AI02748,Deep Learning
AI02748,Statistics
AI02748,MLOps
AI02749,Computer Vision
AI02749,TensorFlow
AI02749,Deep Learning
AI02749,Azure
AI02750,SQL
AI02750,Python
AI02750,Hadoop
AI02750,Linux
AI02750,Java
AI02751,PyTorch
AI02751,MLOps
AI02751,SQL
AI02752,Python
AI02752,PyTorch
AI02752,MLOps
AI02752,Hadoop
AI02753,Deep Learning
AI02753,Computer Vision
AI02753,Python
AI02753,SQL
AI02753,Data Visualization
AI02754,PyTorch
AI02754,GCP
AI02754,Docker
AI02754,Data Visualization
AI02755,MLOps
AI02755,Git
AI02755,R
AI02755,SQL
AI02756,PyTorch
AI02756,Scala
AI02756,Kubernetes
AI02757,Python
AI02757,Tableau
AI02757,Spark
AI02758,Hadoop
AI02758,Statistics
AI02758,R
AI02758,Mathematics
AI02758,Git
AI02759,MLOps
AI02759,Java
AI02759,SQL
AI02760,SQL
AI02760,Data Visualization
AI02760,PyTorch
AI02761,Tableau
AI02761,Deep Learning
AI02761,Python
AI02761,Data Visualization
AI02762,SQL
AI02762,R
AI02762,Statistics
AI02762,Tableau
AI02763,Statistics
AI02763,SQL
AI02763,PyTorch
AI02764,GCP
AI02764,Statistics
AI02764,PyTorch
AI02765,Azure
AI02765,Python
AI02765,SQL
AI02766,R
AI02766,SQL
AI02766,AWS
AI02766,Java
AI02767,Python
AI02767,GCP
AI02767,TensorFlow
AI02767,Kubernetes
AI02767,Hadoop
AI02768,Deep Learning
AI02768,Python
AI02768,TensorFlow
AI02769,Java
AI02769,R
AI02769,Statistics
AI02769,SQL
AI02770,Java
AI02770,Deep Learning
AI02770,MLOps
AI02771,SQL
AI02771,R
AI02771,Computer Vision
AI02771,Spark
AI02771,Deep Learning
AI02772,Java
AI02772,Python
AI02772,MLOps
AI02773,Spark
AI02773,NLP
AI02773,MLOps
AI02774,SQL
AI02774,PyTorch
AI02774,Data Visualization
AI02774,GCP
AI02775,SQL
AI02775,PyTorch
AI02775,TensorFlow
AI02776,Linux
AI02776,Scala
AI02776,Hadoop
AI02777,Java
AI02777,Scala
AI02777,Azure
AI02777,Mathematics
AI02777,AWS
AI02778,Java
AI02778,Python
AI02778,Statistics
AI02778,Kubernetes
AI02778,Scala
AI02779,Scala
AI02779,Spark
AI02779,Java
AI02779,GCP
AI02779,Python
AI02780,Kubernetes
AI02780,Statistics
AI02780,MLOps
AI02780,Linux
AI02780,Docker
AI02781,Python
AI02781,Mathematics
AI02781,Kubernetes
AI02782,TensorFlow
AI02782,R
AI02782,Computer Vision
AI02782,Docker
AI02782,Python
AI02783,Computer Vision
AI02783,TensorFlow
AI02783,Mathematics
AI02783,SQL
AI02783,Deep Learning
AI02784,Tableau
AI02784,GCP
AI02784,Python
AI02785,Spark
AI02785,Tableau
AI02785,Python
AI02785,TensorFlow
AI02785,Computer Vision
AI02786,Git
AI02786,Tableau
AI02786,Python
AI02786,PyTorch
AI02787,Mathematics
AI02787,Hadoop
AI02787,Java
AI02787,TensorFlow
AI02787,PyTorch
AI02788,TensorFlow
AI02788,Python
AI02788,Spark
AI02789,Computer Vision
AI02789,Python
AI02789,Linux
AI02789,Scala
AI02789,Mathematics
AI02790,Data Visualization
AI02790,AWS
AI02790,Kubernetes
AI02790,SQL
AI02791,PyTorch
AI02791,Scala
AI02791,Kubernetes
AI02792,SQL
AI02792,TensorFlow
AI02792,Data Visualization
AI02792,Docker
AI02792,Mathematics
AI02793,SQL
AI02793,GCP
AI02793,Tableau
AI02794,Spark
AI02794,Mathematics
AI02794,MLOps
AI02795,Mathematics
AI02795,Java
AI02795,Azure
AI02795,Statistics
AI02796,Hadoop
AI02796,Git
AI02796,Computer Vision
AI02796,MLOps
AI02796,TensorFlow
AI02797,SQL
AI02797,PyTorch
AI02797,Data Visualization
AI02798,Python
AI02798,Scala
AI02798,Data Visualization
AI02799,TensorFlow
AI02799,SQL
AI02799,Linux
AI02799,Scala
AI02800,Statistics
AI02800,MLOps
AI02800,Deep Learning
AI02800,Mathematics
AI02800,Docker
AI02801,Linux
AI02801,TensorFlow
AI02801,Python
AI02802,Deep Learning
AI02802,Python
AI02802,Java
AI02802,Data Visualization
AI02803,Kubernetes
AI02803,Deep Learning
AI02803,MLOps
AI02804,Git
AI02804,Spark
AI02804,SQL
AI02805,Python
AI02805,Linux
AI02805,Deep Learning
AI02806,Scala
AI02806,Java
AI02806,Hadoop
AI02807,Scala
AI02807,Docker
AI02807,MLOps
AI02807,Kubernetes
AI02807,R
AI02808,Python
AI02808,Tableau
AI02808,Azure
AI02809,GCP
AI02809,Statistics
AI02809,TensorFlow
AI02809,Spark
AI02809,PyTorch
AI02810,TensorFlow
AI02810,SQL
AI02810,Tableau
AI02810,Java
AI02811,Docker
AI02811,Computer Vision
AI02811,Data Visualization
AI02812,SQL
AI02812,Python
AI02812,TensorFlow
AI02813,Python
AI02813,R
AI02813,Java
AI02813,Git
AI02814,Data Visualization
AI02814,SQL
AI02814,Statistics
AI02815,Linux
AI02815,SQL
AI02815,NLP
AI02816,Java
AI02816,PyTorch
AI02816,GCP
AI02817,Python
AI02817,Git
AI02817,TensorFlow
AI02818,Kubernetes
AI02818,Python
AI02818,Computer Vision
AI02818,TensorFlow
AI02819,NLP
AI02819,Scala
AI02819,TensorFlow
AI02819,Git
AI02820,Scala
AI02820,Python
AI02820,Deep Learning
AI02821,Python
AI02821,TensorFlow
AI02821,PyTorch
AI02821,Linux
AI02821,R
AI02822,Mathematics
AI02822,Scala
AI02822,Linux
AI02823,AWS
AI02823,Hadoop
AI02823,Data Visualization
AI02823,Scala
AI02824,Hadoop
AI02824,Git
AI02824,Tableau
AI02824,Statistics
AI02824,Azure
AI02825,SQL
AI02825,NLP
AI02825,Kubernetes
AI02826,NLP
AI02826,Docker
AI02826,Data Visualization
AI02826,MLOps
AI02827,PyTorch
AI02827,Data Visualization
AI02827,Linux
AI02827,MLOps
AI02827,AWS
AI02828,Python
AI02828,Computer Vision
AI02828,AWS
AI02828,Scala
AI02829,Tableau
AI02829,PyTorch
AI02829,NLP
AI02829,MLOps
AI02829,Spark
AI02830,Git
AI02830,Mathematics
AI02830,SQL
AI02830,Python
AI02830,Statistics
AI02831,R
AI02831,Python
AI02831,Git
AI02832,GCP
AI02832,Spark
AI02832,Scala
AI02832,TensorFlow
AI02833,Docker
AI02833,Linux
AI02833,Mathematics
AI02833,Deep Learning
AI02834,Azure
AI02834,SQL
AI02834,PyTorch
AI02835,SQL
AI02835,Kubernetes
AI02835,Scala
AI02836,TensorFlow
AI02836,Git
AI02836,Python
AI02837,Kubernetes
AI02837,Scala
AI02837,MLOps
AI02837,Tableau
AI02837,NLP
AI02838,SQL
AI02838,AWS
AI02838,NLP
AI02838,Python
AI02838,TensorFlow
AI02839,MLOps
AI02839,Deep Learning
AI02839,Java
AI02840,Hadoop
AI02840,Linux
AI02840,Data Visualization
AI02841,Computer Vision
AI02841,Scala
AI02841,R
AI02841,Statistics
AI02842,Tableau
AI02842,Kubernetes
AI02842,NLP
AI02843,Computer Vision
AI02843,Azure
AI02843,NLP
AI02843,SQL
AI02843,Linux
AI02844,Computer Vision
AI02844,Kubernetes
AI02844,NLP
AI02845,Scala
AI02845,Hadoop
AI02845,R
AI02846,Hadoop
AI02846,Docker
AI02846,Kubernetes
AI02846,Computer Vision
AI02846,Statistics
AI02847,MLOps
AI02847,SQL
AI02847,Python
AI02848,PyTorch
AI02848,Scala
AI02848,NLP
AI02849,Java
AI02849,AWS
AI02849,R
AI02850,Azure
AI02850,Kubernetes
AI02850,Computer Vision
AI02851,NLP
AI02851,MLOps
AI02851,Scala
AI02851,GCP
AI02852,MLOps
AI02852,Hadoop
AI02852,Tableau
AI02853,Azure
AI02853,Scala
AI02853,Git
AI02853,NLP
AI02854,SQL
AI02854,GCP
AI02854,PyTorch
AI02854,Mathematics
AI02854,TensorFlow
AI02855,Statistics
AI02855,Scala
AI02855,Linux
AI02856,Docker
AI02856,GCP
AI02856,Git
AI02856,AWS
AI02856,Azure
AI02857,Spark
AI02857,SQL
AI02857,NLP
AI02857,R
AI02858,Git
AI02858,SQL
AI02858,Java
AI02858,PyTorch
AI02859,AWS
AI02859,SQL
AI02859,Linux
AI02860,PyTorch
AI02860,Azure
AI02860,TensorFlow
AI02860,Git
AI02861,Hadoop
AI02861,TensorFlow
AI02861,R
AI02862,Python
AI02862,AWS
AI02862,Tableau
AI02862,Linux
AI02863,AWS
AI02863,Python
AI02863,Hadoop
AI02864,Hadoop
AI02864,AWS
AI02864,TensorFlow
AI02864,MLOps
AI02864,Python
AI02865,Hadoop
AI02865,PyTorch
AI02865,Data Visualization
AI02865,Deep Learning
AI02866,Kubernetes
AI02866,Linux
AI02866,Python
AI02867,Git
AI02867,Hadoop
AI02867,PyTorch
AI02868,Statistics
AI02868,Linux
AI02868,Git
AI02869,Deep Learning
AI02869,Scala
AI02869,R
AI02870,Spark
AI02870,AWS
AI02870,Python
AI02870,TensorFlow
AI02871,Java
AI02871,Spark
AI02871,Deep Learning
AI02872,Tableau
AI02872,Scala
AI02872,Python
AI02873,SQL
AI02873,Python
AI02873,Azure
AI02873,Hadoop
AI02874,NLP
AI02874,Linux
AI02874,MLOps
AI02874,Tableau
AI02875,TensorFlow
AI02875,R
AI02875,Git
AI02875,PyTorch
AI02876,Scala
AI02876,Kubernetes
AI02876,Deep Learning
AI02877,Hadoop
AI02877,Computer Vision
AI02877,Data Visualization
AI02877,Python
AI02877,NLP
AI02878,Mathematics
AI02878,PyTorch
AI02878,AWS
AI02878,R
AI02878,Spark
AI02879,Computer Vision
AI02879,Git
AI02879,Linux
AI02880,Tableau
AI02880,PyTorch
AI02880,SQL
AI02880,Azure
AI02880,AWS
AI02881,SQL
AI02881,Tableau
AI02881,TensorFlow
AI02882,Scala
AI02882,NLP
AI02882,Java
AI02883,Linux
AI02883,GCP
AI02883,Mathematics
AI02883,Git
AI02884,Python
AI02884,TensorFlow
AI02884,Tableau
AI02884,MLOps
AI02884,R
AI02885,Scala
AI02885,Mathematics
AI02885,Deep Learning
AI02885,MLOps
AI02885,Java
AI02886,Computer Vision
AI02886,MLOps
AI02886,AWS
AI02886,Tableau
AI02886,Spark
AI02887,PyTorch
AI02887,SQL
AI02887,GCP
AI02887,Linux
AI02888,Azure
AI02888,Linux
AI02888,R
AI02888,Deep Learning
AI02889,Deep Learning
AI02889,SQL
AI02889,Computer Vision
AI02889,TensorFlow
AI02889,Tableau
AI02890,Kubernetes
AI02890,Data Visualization
AI02890,PyTorch
AI02890,Spark
AI02890,Linux
AI02891,Java
AI02891,Scala
AI02891,Mathematics
AI02891,Kubernetes
AI02892,AWS
AI02892,SQL
AI02892,Data Visualization
AI02892,NLP
AI02893,SQL
AI02893,Tableau
AI02893,Kubernetes
AI02893,Python
AI02893,Data Visualization
AI02894,Java
AI02894,PyTorch
AI02894,Linux
AI02894,TensorFlow
AI02895,AWS
AI02895,SQL
AI02895,Statistics
AI02896,Hadoop
AI02896,Python
AI02896,Tableau
AI02897,Spark
AI02897,PyTorch
AI02897,SQL
AI02898,Linux
AI02898,Docker
AI02898,Kubernetes
AI02898,Computer Vision
AI02899,Deep Learning
AI02899,Statistics
AI02899,Git
AI02899,Java
AI02900,SQL
AI02900,Scala
AI02900,Tableau
AI02900,Docker
AI02901,Docker
AI02901,Mathematics
AI02901,Data Visualization
AI02901,MLOps
AI02901,Git
AI02902,Linux
AI02902,PyTorch
AI02902,MLOps
AI02903,Deep Learning
AI02903,Python
AI02903,NLP
AI02903,GCP
AI02903,MLOps
AI02904,GCP
AI02904,Docker
AI02904,Kubernetes
AI02904,MLOps
AI02905,Hadoop
AI02905,R
AI02905,SQL
AI02905,Data Visualization
AI02906,Statistics
AI02906,Java
AI02906,Computer Vision
AI02907,AWS
AI02907,Azure
AI02907,Java
AI02908,Linux
AI02908,Tableau
AI02908,MLOps
AI02908,Data Visualization
AI02909,Python
AI02909,Scala
AI02909,Deep Learning
AI02910,GCP
AI02910,Linux
AI02910,Python
AI02910,TensorFlow
AI02911,Mathematics
AI02911,SQL
AI02911,NLP
AI02911,Spark
AI02911,Python
AI02912,R
AI02912,TensorFlow
AI02912,Tableau
AI02912,Spark
AI02912,Kubernetes
AI02913,R
AI02913,Python
AI02913,Data Visualization
AI02914,Scala
AI02914,Deep Learning
AI02914,Kubernetes
AI02914,Python
AI02915,TensorFlow
AI02915,R
AI02915,NLP
AI02915,Azure
AI02916,Statistics
AI02916,Git
AI02916,Scala
AI02916,Data Visualization
AI02916,Spark
AI02917,Python
AI02917,PyTorch
AI02917,SQL
AI02918,Git
AI02918,Scala
AI02918,Tableau
AI02918,Hadoop
AI02918,R
AI02919,Python
AI02919,Spark
AI02919,Deep Learning
AI02919,Linux
AI02919,TensorFlow
AI02920,MLOps
AI02920,Docker
AI02920,Kubernetes
AI02921,Python
AI02921,Linux
AI02921,TensorFlow
AI02921,PyTorch
AI02921,Deep Learning
AI02922,Scala
AI02922,Git
AI02922,MLOps
AI02923,Linux
AI02923,PyTorch
AI02923,Computer Vision
AI02923,TensorFlow
AI02923,R
AI02924,Java
AI02924,R
AI02924,SQL
AI02924,Azure
AI02924,PyTorch
AI02925,Data Visualization
AI02925,GCP
AI02925,PyTorch
AI02925,Git
AI02926,SQL
AI02926,Scala
AI02926,Git
AI02927,SQL
AI02927,Scala
AI02927,Git
AI02927,AWS
AI02927,Computer Vision
AI02928,Azure
AI02928,GCP
AI02928,Linux
AI02929,Java
AI02929,Tableau
AI02929,SQL
AI02929,Deep Learning
AI02929,Mathematics
AI02930,Tableau
AI02930,SQL
AI02930,Kubernetes
AI02930,Linux
AI02931,Java
AI02931,R
AI02931,Docker
AI02931,SQL
AI02931,GCP
AI02932,Kubernetes
AI02932,Linux
AI02932,Data Visualization
AI02932,MLOps
AI02933,TensorFlow
AI02933,Git
AI02933,MLOps
AI02933,Data Visualization
AI02933,Java
AI02934,Azure
AI02934,PyTorch
AI02934,Deep Learning
AI02934,Kubernetes
AI02935,Git
AI02935,Hadoop
AI02935,SQL
AI02935,Deep Learning
AI02935,Azure
AI02936,Python
AI02936,Mathematics
AI02936,MLOps
AI02936,Scala
AI02936,AWS
AI02937,Hadoop
AI02937,SQL
AI02937,Tableau
AI02938,Kubernetes
AI02938,GCP
AI02938,Computer Vision
AI02938,Mathematics
AI02939,Hadoop
AI02939,SQL
AI02939,Mathematics
AI02940,Azure
AI02940,PyTorch
AI02940,Tableau
AI02940,Spark
AI02940,Statistics
AI02941,SQL
AI02941,Git
AI02941,MLOps
AI02941,PyTorch
AI02941,Python
AI02942,Kubernetes
AI02942,Java
AI02942,Docker
AI02942,AWS
AI02943,GCP
AI02943,Computer Vision
AI02943,MLOps
AI02943,Python
AI02944,Tableau
AI02944,TensorFlow
AI02944,Linux
AI02944,NLP
AI02944,Java
AI02945,SQL
AI02945,Kubernetes
AI02945,Java
AI02945,R
AI02946,Kubernetes
AI02946,SQL
AI02946,Tableau
AI02946,Statistics
AI02946,PyTorch
AI02947,Python
AI02947,R
AI02947,Spark
AI02947,Scala
AI02947,Deep Learning
AI02948,Scala
AI02948,MLOps
AI02948,GCP
AI02948,TensorFlow
AI02948,Java
AI02949,Python
AI02949,Computer Vision
AI02949,Kubernetes
AI02950,Kubernetes
AI02950,Scala
AI02950,Linux
AI02950,Statistics
AI02950,R
AI02951,Scala
AI02951,Spark
AI02951,Hadoop
AI02951,Python
AI02952,Java
AI02952,AWS
AI02952,Git
AI02953,Azure
AI02953,Git
AI02953,Scala
AI02953,R
AI02954,Scala
AI02954,Computer Vision
AI02954,NLP
AI02955,Statistics
AI02955,Kubernetes
AI02955,Computer Vision
AI02955,AWS
AI02956,Spark
AI02956,Kubernetes
AI02956,SQL
AI02956,Deep Learning
AI02957,Linux
AI02957,AWS
AI02957,Azure
AI02958,R
AI02958,TensorFlow
AI02958,Hadoop
AI02958,AWS
AI02958,Docker
AI02959,GCP
AI02959,Python
AI02959,Tableau
AI02959,TensorFlow
AI02960,Tableau
AI02960,Computer Vision
AI02960,GCP
AI02961,MLOps
AI02961,TensorFlow
AI02961,Python
AI02961,SQL
AI02961,AWS
AI02962,Statistics
AI02962,TensorFlow
AI02962,Hadoop
AI02962,GCP
AI02963,Linux
AI02963,Hadoop
AI02963,NLP
AI02963,SQL
AI02963,Data Visualization
AI02964,Computer Vision
AI02964,Deep Learning
AI02964,Azure
AI02965,Python
AI02965,Docker
AI02965,MLOps
AI02965,Java
AI02965,TensorFlow
AI02966,Kubernetes
AI02966,Python
AI02966,Tableau
AI02966,Linux
AI02967,Docker
AI02967,Computer Vision
AI02967,Spark
AI02968,TensorFlow
AI02968,Deep Learning
AI02968,Hadoop
AI02968,Azure
AI02968,MLOps
AI02969,Spark
AI02969,Scala
AI02969,Statistics
AI02969,Java
AI02969,GCP
AI02970,Java
AI02970,Docker
AI02970,GCP
AI02971,NLP
AI02971,Azure
AI02971,GCP
AI02972,AWS
AI02972,Java
AI02972,Git
AI02972,Tableau
AI02972,R
AI02973,Git
AI02973,Azure
AI02973,Python
AI02973,Computer Vision
AI02974,AWS
AI02974,Hadoop
AI02974,Tableau
AI02975,Linux
AI02975,Tableau
AI02975,Python
AI02975,TensorFlow
AI02975,Docker
AI02976,Azure
AI02976,GCP
AI02976,Computer Vision
AI02976,Data Visualization
AI02977,Linux
AI02977,Docker
AI02977,TensorFlow
AI02977,Git
AI02978,R
AI02978,Python
AI02978,Computer Vision
AI02979,R
AI02979,Hadoop
AI02979,Deep Learning
AI02979,Mathematics
AI02979,SQL
AI02980,Data Visualization
AI02980,Linux
AI02980,Python
AI02980,Hadoop
AI02981,Python
AI02981,SQL
AI02981,Kubernetes
AI02981,R
AI02981,TensorFlow
AI02982,AWS
AI02982,PyTorch
AI02982,Statistics
AI02982,NLP
AI02983,Kubernetes
AI02983,Scala
AI02983,R
AI02984,Scala
AI02984,Azure
AI02984,Java
AI02985,Tableau
AI02985,Statistics
AI02985,Git
AI02985,Linux
AI02986,SQL
AI02986,Scala
AI02986,MLOps
AI02986,Python
AI02987,Linux
AI02987,GCP
AI02987,Tableau
AI02987,Computer Vision
AI02988,Docker
AI02988,Spark
AI02988,Hadoop
AI02988,Mathematics
AI02989,Python
AI02989,GCP
AI02989,TensorFlow
AI02990,Hadoop
AI02990,MLOps
AI02990,Docker
AI02990,Data Visualization
AI02991,SQL
AI02991,Mathematics
AI02991,PyTorch
AI02992,Spark
AI02992,SQL
AI02992,Deep Learning
AI02992,Hadoop
AI02992,Data Visualization
AI02993,Mathematics
AI02993,PyTorch
AI02993,Java
AI02993,TensorFlow
AI02993,Linux
AI02994,Linux
AI02994,GCP
AI02994,Azure
AI02994,Scala
AI02994,Git
AI02995,Hadoop
AI02995,MLOps
AI02995,Python
AI02995,TensorFlow
AI02996,GCP
AI02996,Spark
AI02996,Data Visualization
AI02996,NLP
AI02997,Docker
AI02997,Kubernetes
AI02997,AWS
AI02998,Java
AI02998,Tableau
AI02998,R
AI02998,Python
AI02999,Statistics
AI02999,Computer Vision
AI02999,R
AI03000,Linux
AI03000,R
AI03000,TensorFlow
AI03000,NLP
AI03000,Statistics
AI03001,Python
AI03001,Hadoop
AI03001,Tableau
AI03001,R
AI03002,Tableau
AI03002,Python
AI03002,Java
AI03003,Statistics
AI03003,MLOps
AI03003,Deep Learning
AI03003,TensorFlow
AI03004,SQL
AI03004,Linux
AI03004,Kubernetes
AI03004,Python
AI03005,Python
AI03005,Scala
AI03005,Mathematics
AI03005,R
AI03005,Java
AI03006,R
AI03006,Data Visualization
AI03006,Scala
AI03007,Kubernetes
AI03007,Scala
AI03007,SQL
AI03007,PyTorch
AI03007,TensorFlow
AI03008,AWS
AI03008,Spark
AI03008,Kubernetes
AI03008,Scala
AI03009,Git
AI03009,PyTorch
AI03009,NLP
AI03009,Tableau
AI03009,Docker
AI03010,TensorFlow
AI03010,Docker
AI03010,Tableau
AI03011,Azure
AI03011,GCP
AI03011,Python
AI03011,Deep Learning
AI03011,Linux
AI03012,Statistics
AI03012,Python
AI03012,Kubernetes
AI03012,Tableau
AI03012,Azure
AI03013,PyTorch
AI03013,SQL
AI03013,Kubernetes
AI03013,Mathematics
AI03013,Hadoop
AI03014,Java
AI03014,Scala
AI03014,AWS
AI03014,NLP
AI03015,PyTorch
AI03015,TensorFlow
AI03015,GCP
AI03016,R
AI03016,Git
AI03016,NLP
AI03016,GCP
AI03016,Docker
AI03017,MLOps
AI03017,GCP
AI03017,Docker
AI03018,Python
AI03018,Spark
AI03018,MLOps
AI03019,PyTorch
AI03019,MLOps
AI03019,R
AI03020,Spark
AI03020,R
AI03020,MLOps
AI03020,AWS
AI03021,PyTorch
AI03021,Kubernetes
AI03021,TensorFlow
AI03021,Java
AI03022,AWS
AI03022,Git
AI03022,Python
AI03022,Spark
AI03022,NLP
AI03023,Linux
AI03023,Azure
AI03023,Hadoop
AI03024,NLP
AI03024,Hadoop
AI03024,Statistics
AI03024,Linux
AI03025,Mathematics
AI03025,GCP
AI03025,Scala
AI03026,Java
AI03026,Tableau
AI03026,SQL
AI03027,AWS
AI03027,GCP
AI03027,SQL
AI03027,TensorFlow
AI03027,Tableau
AI03028,Deep Learning
AI03028,Hadoop
AI03028,Azure
AI03029,Hadoop
AI03029,Linux
AI03029,GCP
AI03029,NLP
AI03030,Deep Learning
AI03030,Python
AI03030,TensorFlow
AI03030,MLOps
AI03031,GCP
AI03031,Scala
AI03031,Java
AI03032,Java
AI03032,GCP
AI03032,Git
AI03032,SQL
AI03033,Python
AI03033,Spark
AI03033,PyTorch
AI03033,Linux
AI03033,Docker
AI03034,Git
AI03034,GCP
AI03034,Hadoop
AI03034,NLP
AI03035,Spark
AI03035,Python
AI03035,SQL
AI03036,AWS
AI03036,Kubernetes
AI03036,Python
AI03036,Scala
AI03036,Mathematics
AI03037,NLP
AI03037,Computer Vision
AI03037,MLOps
AI03037,Azure
AI03038,PyTorch
AI03038,Docker
AI03038,Computer Vision
AI03038,Kubernetes
AI03039,Hadoop
AI03039,SQL
AI03039,Computer Vision
AI03040,Hadoop
AI03040,Kubernetes
AI03040,Python
AI03041,Azure
AI03041,Scala
AI03041,NLP
AI03041,TensorFlow
AI03041,PyTorch
AI03042,Docker
AI03042,Java
AI03042,Statistics
AI03042,TensorFlow
AI03042,NLP
AI03043,Java
AI03043,Azure
AI03043,Computer Vision
AI03043,MLOps
AI03044,R
AI03044,SQL
AI03044,AWS
AI03045,Git
AI03045,Python
AI03045,MLOps
AI03046,Git
AI03046,Hadoop
AI03046,Python
AI03047,Spark
AI03047,Java
AI03047,Kubernetes
AI03047,PyTorch
AI03047,Hadoop
AI03048,Git
AI03048,Linux
AI03048,Hadoop
AI03048,GCP
AI03048,MLOps
AI03049,Kubernetes
AI03049,Scala
AI03049,GCP
AI03049,Deep Learning
AI03050,Kubernetes
AI03050,R
AI03050,GCP
AI03050,Git
AI03050,Azure
AI03051,SQL
AI03051,GCP
AI03051,PyTorch
AI03052,Hadoop
AI03052,GCP
AI03052,SQL
AI03052,Deep Learning
AI03052,Git
AI03053,R
AI03053,SQL
AI03053,Spark
AI03054,Data Visualization
AI03054,Statistics
AI03054,AWS
AI03054,Computer Vision
AI03055,TensorFlow
AI03055,Linux
AI03055,SQL
AI03056,Hadoop
AI03056,Git
AI03056,NLP
AI03056,Spark
AI03057,Data Visualization
AI03057,Spark
AI03057,Deep Learning
AI03058,Java
AI03058,PyTorch
AI03058,AWS
AI03058,Docker
AI03058,R
AI03059,Linux
AI03059,MLOps
AI03059,SQL
AI03060,Azure
AI03060,Python
AI03060,MLOps
AI03060,Statistics
AI03061,Azure
AI03061,Statistics
AI03061,Python
AI03061,Hadoop
AI03062,R
AI03062,Hadoop
AI03062,AWS
AI03063,Docker
AI03063,NLP
AI03063,Spark
AI03064,NLP
AI03064,Linux
AI03064,GCP
AI03064,Statistics
AI03065,Python
AI03065,SQL
AI03065,MLOps
AI03066,Spark
AI03066,Docker
AI03066,Java
AI03067,Mathematics
AI03067,Kubernetes
AI03067,Tableau
AI03068,Python
AI03068,GCP
AI03068,Java
AI03068,Linux
AI03068,Spark
AI03069,MLOps
AI03069,TensorFlow
AI03069,PyTorch
AI03070,SQL
AI03070,Computer Vision
AI03070,Python
AI03070,Spark
AI03071,PyTorch
AI03071,Scala
AI03071,Azure
AI03072,MLOps
AI03072,R
AI03072,Docker
AI03073,R
AI03073,TensorFlow
AI03073,Kubernetes
AI03074,Java
AI03074,Tableau
AI03074,NLP
AI03074,Kubernetes
AI03074,Azure
AI03075,Git
AI03075,Kubernetes
AI03075,Linux
AI03075,SQL
AI03075,GCP
AI03076,GCP
AI03076,Mathematics
AI03076,Hadoop
AI03076,Docker
AI03076,Python
AI03077,Python
AI03077,Azure
AI03077,Deep Learning
AI03077,SQL
AI03078,Docker
AI03078,Kubernetes
AI03078,Statistics
AI03079,Python
AI03079,TensorFlow
AI03079,GCP
AI03080,Python
AI03080,Data Visualization
AI03080,MLOps
AI03080,SQL
AI03080,Mathematics
AI03081,TensorFlow
AI03081,Kubernetes
AI03081,Tableau
AI03081,GCP
AI03081,Docker
AI03082,Docker
AI03082,Azure
AI03082,Computer Vision
AI03082,Deep Learning
AI03083,PyTorch
AI03083,Linux
AI03083,Statistics
AI03084,Computer Vision
AI03084,Python
AI03084,Data Visualization
AI03084,NLP
AI03084,GCP
AI03085,Linux
AI03085,AWS
AI03085,Azure
AI03085,Data Visualization
AI03086,Java
AI03086,Azure
AI03086,Tableau
AI03086,Python
AI03087,Scala
AI03087,Spark
AI03087,Tableau
AI03087,Azure
AI03088,Linux
AI03088,NLP
AI03088,SQL
AI03088,Git
AI03089,Python
AI03089,SQL
AI03089,Spark
AI03089,Hadoop
AI03089,NLP
AI03090,GCP
AI03090,PyTorch
AI03090,Deep Learning
AI03090,Hadoop
AI03090,MLOps
AI03091,SQL
AI03091,Git
AI03091,Deep Learning
AI03091,PyTorch
AI03091,Mathematics
AI03092,NLP
AI03092,Computer Vision
AI03092,Hadoop
AI03092,Docker
AI03092,Java
AI03093,Python
AI03093,SQL
AI03093,Java
AI03093,Mathematics
AI03093,Hadoop
AI03094,Tableau
AI03094,Computer Vision
AI03094,Scala
AI03094,Kubernetes
AI03095,NLP
AI03095,Linux
AI03095,TensorFlow
AI03096,MLOps
AI03096,Java
AI03096,NLP
AI03096,GCP
AI03096,Mathematics
AI03097,Mathematics
AI03097,Python
AI03097,R
AI03097,MLOps
AI03098,Kubernetes
AI03098,AWS
AI03098,Python
AI03098,Scala
AI03099,PyTorch
AI03099,Scala
AI03099,Computer Vision
AI03099,GCP
AI03099,Spark
AI03100,Python
AI03100,NLP
AI03100,Linux
AI03101,Java
AI03101,GCP
AI03101,Mathematics
AI03101,Deep Learning
AI03102,SQL
AI03102,R
AI03102,PyTorch
AI03102,Linux
AI03103,Python
AI03103,Linux
AI03103,Kubernetes
AI03103,Hadoop
AI03104,Deep Learning
AI03104,NLP
AI03104,Linux
AI03105,Python
AI03105,Kubernetes
AI03105,AWS
AI03105,Git
AI03105,Spark
AI03106,Computer Vision
AI03106,Deep Learning
AI03106,Azure
AI03106,Tableau
AI03106,GCP
AI03107,R
AI03107,Hadoop
AI03107,Data Visualization
AI03108,R
AI03108,Linux
AI03108,PyTorch
AI03108,Mathematics
AI03108,Deep Learning
AI03109,Data Visualization
AI03109,Statistics
AI03109,Python
AI03110,GCP
AI03110,Linux
AI03110,Java
AI03111,Git
AI03111,R
AI03111,Java
AI03111,GCP
AI03112,Python
AI03112,Hadoop
AI03112,Spark
AI03113,Data Visualization
AI03113,AWS
AI03113,SQL
AI03114,Data Visualization
AI03114,Scala
AI03114,AWS
AI03114,Statistics
AI03115,Kubernetes
AI03115,Java
AI03115,Tableau
AI03115,Linux
AI03115,Deep Learning
AI03116,Linux
AI03116,SQL
AI03116,Git
AI03116,Statistics
AI03117,Tableau
AI03117,Git
AI03117,MLOps
AI03117,Linux
AI03117,NLP
AI03118,Scala
AI03118,Docker
AI03118,Kubernetes
AI03118,R
AI03119,R
AI03119,Kubernetes
AI03119,Docker
AI03119,SQL
AI03119,PyTorch
AI03120,TensorFlow
AI03120,Kubernetes
AI03120,Docker
AI03120,Java
AI03120,Python
AI03121,Git
AI03121,AWS
AI03121,Tableau
AI03121,Deep Learning
AI03122,GCP
AI03122,Azure
AI03122,Data Visualization
AI03122,Python
AI03122,Scala
AI03123,Tableau
AI03123,Mathematics
AI03123,Kubernetes
AI03124,Python
AI03124,Deep Learning
AI03124,TensorFlow
AI03124,Data Visualization
AI03124,Azure
AI03125,TensorFlow
AI03125,Git
AI03125,Mathematics
AI03125,Deep Learning
AI03125,Tableau
AI03126,GCP
AI03126,Statistics
AI03126,Data Visualization
AI03126,Kubernetes
AI03127,R
AI03127,Spark
AI03127,Python
AI03127,Mathematics
AI03127,Docker
AI03128,Azure
AI03128,Data Visualization
AI03128,Python
AI03128,PyTorch
AI03128,Java
AI03129,NLP
AI03129,Azure
AI03129,SQL
AI03129,Mathematics
AI03130,GCP
AI03130,Python
AI03130,PyTorch
AI03130,AWS
AI03130,NLP
AI03131,Python
AI03131,Hadoop
AI03131,Tableau
AI03132,Docker
AI03132,Kubernetes
AI03132,Computer Vision
AI03133,Java
AI03133,Deep Learning
AI03133,SQL
AI03133,AWS
AI03134,Statistics
AI03134,MLOps
AI03134,Kubernetes
AI03134,Hadoop
AI03135,TensorFlow
AI03135,Spark
AI03135,SQL
AI03135,Kubernetes
AI03136,Python
AI03136,Scala
AI03136,Linux
AI03136,Computer Vision
AI03136,Kubernetes
AI03137,MLOps
AI03137,Linux
AI03137,SQL
AI03137,Python
AI03137,AWS
AI03138,SQL
AI03138,Python
AI03138,Docker
AI03139,R
AI03139,Deep Learning
AI03139,Tableau
AI03139,Docker
AI03139,Hadoop
AI03140,Computer Vision
AI03140,AWS
AI03140,TensorFlow
AI03141,Mathematics
AI03141,Kubernetes
AI03141,Azure
AI03141,Git
AI03141,NLP
AI03142,Mathematics
AI03142,Kubernetes
AI03142,Tableau
AI03142,TensorFlow
AI03142,Data Visualization
AI03143,Scala
AI03143,Java
AI03143,Statistics
AI03143,R
AI03144,SQL
AI03144,Hadoop
AI03144,NLP
AI03145,Linux
AI03145,SQL
AI03145,PyTorch
AI03146,GCP
AI03146,Linux
AI03146,MLOps
AI03146,Docker
AI03147,Tableau
AI03147,Kubernetes
AI03147,GCP
AI03148,R
AI03148,Deep Learning
AI03148,Kubernetes
AI03148,Linux
AI03148,NLP
AI03149,Scala
AI03149,Data Visualization
AI03149,MLOps
AI03150,Linux
AI03150,Python
AI03150,TensorFlow
AI03151,Python
AI03151,TensorFlow
AI03151,PyTorch
AI03151,Docker
AI03152,Git
AI03152,Tableau
AI03152,Hadoop
AI03152,SQL
AI03153,Git
AI03153,Scala
AI03153,Tableau
AI03153,Azure
AI03153,Hadoop
AI03154,PyTorch
AI03154,TensorFlow
AI03154,Data Visualization
AI03155,Docker
AI03155,Data Visualization
AI03155,Tableau
AI03155,Deep Learning
AI03155,GCP
AI03156,R
AI03156,Python
AI03156,GCP
AI03156,Computer Vision
AI03157,Python
AI03157,TensorFlow
AI03157,Computer Vision
AI03157,Java
AI03158,PyTorch
AI03158,R
AI03158,Statistics
AI03158,Java
AI03158,Docker
AI03159,Python
AI03159,Linux
AI03159,TensorFlow
AI03159,AWS
AI03159,MLOps
AI03160,R
AI03160,Azure
AI03160,Git
AI03161,Python
AI03161,Azure
AI03161,Docker
AI03161,Linux
AI03161,NLP
AI03162,MLOps
AI03162,Kubernetes
AI03162,R
AI03162,PyTorch
AI03163,PyTorch
AI03163,TensorFlow
AI03163,MLOps
AI03164,PyTorch
AI03164,NLP
AI03164,Tableau
AI03165,Tableau
AI03165,Java
AI03165,R
AI03166,Git
AI03166,Azure
AI03166,Linux
AI03166,TensorFlow
AI03166,R
AI03167,R
AI03167,Git
AI03167,Data Visualization
AI03168,Statistics
AI03168,R
AI03168,MLOps
AI03168,Tableau
AI03168,Computer Vision
AI03169,Hadoop
AI03169,Docker
AI03169,GCP
AI03169,NLP
AI03170,Java
AI03170,PyTorch
AI03170,TensorFlow
AI03170,Hadoop
AI03171,Data Visualization
AI03171,R
AI03171,Python
AI03171,Azure
AI03172,Java
AI03172,Linux
AI03172,Kubernetes
AI03172,Azure
AI03172,PyTorch
AI03173,Deep Learning
AI03173,R
AI03173,Python
AI03173,Computer Vision
AI03174,AWS
AI03174,Java
AI03174,GCP
AI03174,R
AI03175,MLOps
AI03175,Java
AI03175,PyTorch
AI03175,Python
AI03176,Scala
AI03176,NLP
AI03176,Java
AI03177,R
AI03177,Kubernetes
AI03177,TensorFlow
AI03177,Tableau
AI03177,MLOps
AI03178,GCP
AI03178,Statistics
AI03178,Linux
AI03179,GCP
AI03179,TensorFlow
AI03179,Mathematics
AI03179,Java
AI03179,Python
AI03180,Mathematics
AI03180,Statistics
AI03180,Computer Vision
AI03180,Java
AI03181,Python
AI03181,Git
AI03181,Scala
AI03181,R
AI03181,Spark
AI03182,Python
AI03182,Docker
AI03182,AWS
AI03182,Git
AI03183,SQL
AI03183,PyTorch
AI03183,GCP
AI03183,Kubernetes
AI03184,Azure
AI03184,Data Visualization
AI03184,Computer Vision
AI03184,Linux
AI03184,AWS
AI03185,TensorFlow
AI03185,Scala
AI03185,Azure
AI03185,SQL
AI03185,NLP
AI03186,SQL
AI03186,Python
AI03186,Hadoop
AI03186,Scala
AI03187,MLOps
AI03187,SQL
AI03187,Kubernetes
AI03187,Scala
AI03187,PyTorch
AI03188,Deep Learning
AI03188,Spark
AI03188,Tableau
AI03188,NLP
AI03188,Python
AI03189,Linux
AI03189,SQL
AI03189,Docker
AI03189,Java
AI03190,Mathematics
AI03190,MLOps
AI03190,Java
AI03191,Docker
AI03191,Spark
AI03191,Hadoop
AI03192,Statistics
AI03192,R
AI03192,Scala
AI03192,Kubernetes
AI03192,NLP
AI03193,Computer Vision
AI03193,PyTorch
AI03193,TensorFlow
AI03193,Azure
AI03193,Linux
AI03194,Spark
AI03194,SQL
AI03194,Kubernetes
AI03194,Tableau
AI03194,Scala
AI03195,Hadoop
AI03195,MLOps
AI03195,PyTorch
AI03195,Scala
AI03195,Tableau
AI03196,Java
AI03196,Data Visualization
AI03196,Mathematics
AI03196,Hadoop
AI03197,Spark
AI03197,Computer Vision
AI03197,SQL
AI03197,Python
AI03197,TensorFlow
AI03198,Scala
AI03198,Statistics
AI03198,Kubernetes
AI03199,R
AI03199,Hadoop
AI03199,TensorFlow
AI03199,Python
AI03200,SQL
AI03200,Linux
AI03200,Java
AI03201,R
AI03201,TensorFlow
AI03201,Computer Vision
AI03201,PyTorch
AI03202,MLOps
AI03202,Kubernetes
AI03202,Statistics
AI03203,Deep Learning
AI03203,Hadoop
AI03203,SQL
AI03203,Git
AI03203,Docker
AI03204,R
AI03204,Deep Learning
AI03204,Statistics
AI03204,Kubernetes
AI03205,Data Visualization
AI03205,Deep Learning
AI03205,Statistics
AI03206,Azure
AI03206,PyTorch
AI03206,MLOps
AI03206,Git
AI03207,Java
AI03207,Docker
AI03207,Git
AI03207,AWS
AI03208,Java
AI03208,Docker
AI03208,MLOps
AI03208,Scala
AI03209,Mathematics
AI03209,TensorFlow
AI03209,Python
AI03209,Spark
AI03210,Linux
AI03210,Python
AI03210,R
AI03210,GCP
AI03211,MLOps
AI03211,Python
AI03211,Git
AI03211,R
AI03212,Kubernetes
AI03212,Python
AI03212,Linux
AI03213,PyTorch
AI03213,Statistics
AI03213,Tableau
AI03213,TensorFlow
AI03213,Computer Vision
AI03214,Java
AI03214,Tableau
AI03214,Data Visualization
AI03214,NLP
AI03215,Git
AI03215,Java
AI03215,Kubernetes
AI03215,Azure
AI03216,Git
AI03216,Data Visualization
AI03216,Python
AI03216,Mathematics
AI03217,Azure
AI03217,AWS
AI03217,Linux
AI03217,Deep Learning
AI03217,Data Visualization
AI03218,Java
AI03218,PyTorch
AI03218,Tableau
AI03218,GCP
AI03218,MLOps
AI03219,Linux
AI03219,SQL
AI03219,Deep Learning
AI03220,PyTorch
AI03220,Spark
AI03220,MLOps
AI03220,GCP
AI03220,NLP
AI03221,AWS
AI03221,Spark
AI03221,Mathematics
AI03221,Computer Vision
AI03222,GCP
AI03222,Scala
AI03222,SQL
AI03222,Hadoop
AI03222,Linux
AI03223,Python
AI03223,Git
AI03223,Mathematics
AI03223,TensorFlow
AI03223,AWS
AI03224,GCP
AI03224,Azure
AI03224,Kubernetes
AI03224,Linux
AI03225,Git
AI03225,Statistics
AI03225,Data Visualization
AI03225,Deep Learning
AI03226,Git
AI03226,NLP
AI03226,Spark
AI03226,Deep Learning
AI03226,GCP
AI03227,Tableau
AI03227,TensorFlow
AI03227,Computer Vision
AI03227,Statistics
AI03228,Spark
AI03228,AWS
AI03228,Tableau
AI03228,Scala
AI03229,Mathematics
AI03229,NLP
AI03229,MLOps
AI03230,TensorFlow
AI03230,Scala
AI03230,Statistics
AI03230,GCP
AI03231,SQL
AI03231,Linux
AI03231,Git
AI03232,Python
AI03232,AWS
AI03232,Statistics
AI03232,Hadoop
AI03232,TensorFlow
AI03233,PyTorch
AI03233,Statistics
AI03233,Tableau
AI03234,Kubernetes
AI03234,Scala
AI03234,Git
AI03234,MLOps
AI03235,Kubernetes
AI03235,Statistics
AI03235,Git
AI03236,Spark
AI03236,Docker
AI03236,Mathematics
AI03236,Kubernetes
AI03236,NLP
AI03237,Data Visualization
AI03237,Python
AI03237,TensorFlow
AI03238,TensorFlow
AI03238,Tableau
AI03238,Docker
AI03239,Mathematics
AI03239,Deep Learning
AI03239,Git
AI03239,MLOps
AI03240,NLP
AI03240,Python
AI03240,SQL
AI03241,Computer Vision
AI03241,SQL
AI03241,NLP
AI03241,Hadoop
AI03242,Spark
AI03242,MLOps
AI03242,Scala
AI03243,MLOps
AI03243,PyTorch
AI03243,TensorFlow
AI03243,Tableau
AI03244,TensorFlow
AI03244,SQL
AI03244,R
AI03245,AWS
AI03245,Docker
AI03245,NLP
AI03246,GCP
AI03246,TensorFlow
AI03246,PyTorch
AI03247,GCP
AI03247,Azure
AI03247,Kubernetes
AI03247,Python
AI03248,Scala
AI03248,Kubernetes
AI03248,MLOps
AI03249,Scala
AI03249,Azure
AI03249,MLOps
AI03249,Deep Learning
AI03250,Java
AI03250,Data Visualization
AI03250,Kubernetes
AI03250,Linux
AI03251,Kubernetes
AI03251,Computer Vision
AI03251,Spark
AI03251,Git
AI03251,Linux
AI03252,Scala
AI03252,SQL
AI03252,Computer Vision
AI03252,GCP
AI03252,Statistics
AI03253,TensorFlow
AI03253,Java
AI03253,Statistics
AI03253,NLP
AI03253,PyTorch
AI03254,Python
AI03254,Mathematics
AI03254,R
AI03254,Computer Vision
AI03254,Linux
AI03255,Kubernetes
AI03255,Linux
AI03255,Tableau
AI03256,Git
AI03256,Deep Learning
AI03256,NLP
AI03257,PyTorch
AI03257,Scala
AI03257,GCP
AI03258,Data Visualization
AI03258,GCP
AI03258,Linux
AI03259,Kubernetes
AI03259,Java
AI03259,R
AI03260,Statistics
AI03260,AWS
AI03260,Deep Learning
AI03260,TensorFlow
AI03261,Git
AI03261,Linux
AI03261,MLOps
AI03261,Deep Learning
AI03262,Java
AI03262,Linux
AI03262,MLOps
AI03262,Kubernetes
AI03263,Python
AI03263,SQL
AI03263,PyTorch
AI03264,Data Visualization
AI03264,Mathematics
AI03264,Python
AI03264,MLOps
AI03265,Python
AI03265,SQL
AI03265,R
AI03266,Spark
AI03266,Kubernetes
AI03266,Tableau
AI03267,Python
AI03267,GCP
AI03267,AWS
AI03267,TensorFlow
AI03268,Data Visualization
AI03268,Kubernetes
AI03268,Java
AI03268,GCP
AI03268,Computer Vision
AI03269,Scala
AI03269,NLP
AI03269,GCP
AI03269,Mathematics
AI03270,GCP
AI03270,Hadoop
AI03270,Python
AI03270,Deep Learning
AI03271,Spark
AI03271,TensorFlow
AI03271,Computer Vision
AI03271,GCP
AI03271,Java
AI03272,Kubernetes
AI03272,Linux
AI03272,Scala
AI03272,Spark
AI03272,TensorFlow
AI03273,Data Visualization
AI03273,MLOps
AI03273,Statistics
AI03273,Azure
AI03274,TensorFlow
AI03274,NLP
AI03274,SQL
AI03274,Statistics
AI03275,Python
AI03275,AWS
AI03275,Mathematics
AI03275,SQL
AI03275,Data Visualization
AI03276,Mathematics
AI03276,Linux
AI03276,AWS
AI03277,GCP
AI03277,Python
AI03277,Statistics
AI03277,TensorFlow
AI03277,Docker
AI03278,Linux
AI03278,Scala
AI03278,Python
AI03278,Mathematics
AI03279,Deep Learning
AI03279,Git
AI03279,Computer Vision
AI03279,Java
AI03280,Git
AI03280,Kubernetes
AI03280,Tableau
AI03281,Java
AI03281,Python
AI03281,Data Visualization
AI03281,Kubernetes
AI03282,Git
AI03282,SQL
AI03282,Java
AI03283,Hadoop
AI03283,Statistics
AI03283,Python
AI03283,Azure
AI03283,Git
AI03284,SQL
AI03284,R
AI03284,Data Visualization
AI03284,Java
AI03285,Scala
AI03285,SQL
AI03285,Linux
AI03286,R
AI03286,Azure
AI03286,Hadoop
AI03286,Python
AI03287,Deep Learning
AI03287,Java
AI03287,R
AI03287,Linux
AI03287,Azure
AI03288,Scala
AI03288,SQL
AI03288,Computer Vision
AI03289,Tableau
AI03289,Statistics
AI03289,NLP
AI03290,Git
AI03290,Python
AI03290,Scala
AI03290,TensorFlow
AI03291,PyTorch
AI03291,Java
AI03291,TensorFlow
AI03292,PyTorch
AI03292,TensorFlow
AI03292,MLOps
AI03292,NLP
AI03292,Python
AI03293,Statistics
AI03293,PyTorch
AI03293,TensorFlow
AI03294,Python
AI03294,Java
AI03294,Kubernetes
AI03294,Azure
AI03295,Python
AI03295,AWS
AI03295,TensorFlow
AI03295,Kubernetes
AI03295,Spark
AI03296,Docker
AI03296,Java
AI03296,Linux
AI03296,Computer Vision
AI03297,R
AI03297,SQL
AI03297,Azure
AI03297,MLOps
AI03297,PyTorch
AI03298,Hadoop
AI03298,Python
AI03298,Kubernetes
AI03299,Linux
AI03299,Mathematics
AI03299,Statistics
AI03300,Linux
AI03300,R
AI03300,Hadoop
AI03301,SQL
AI03301,TensorFlow
AI03301,Azure
AI03302,SQL
AI03302,Tableau
AI03302,Python
AI03303,Tableau
AI03303,Spark
AI03303,GCP
AI03303,SQL
AI03304,Linux
AI03304,SQL
AI03304,R
AI03305,NLP
AI03305,Scala
AI03305,Computer Vision
AI03305,Python
AI03306,Spark
AI03306,GCP
AI03306,MLOps
AI03306,PyTorch
AI03307,TensorFlow
AI03307,Hadoop
AI03307,Data Visualization
AI03307,Git
AI03307,Computer Vision
AI03308,Scala
AI03308,SQL
AI03308,AWS
AI03308,Spark
AI03309,PyTorch
AI03309,TensorFlow
AI03309,Git
AI03310,Docker
AI03310,Java
AI03310,Computer Vision
AI03310,Statistics
AI03310,Git
AI03311,AWS
AI03311,Kubernetes
AI03311,Spark
AI03312,Scala
AI03312,NLP
AI03312,PyTorch
AI03312,Statistics
AI03313,PyTorch
AI03313,Hadoop
AI03313,Computer Vision
AI03313,Deep Learning
AI03314,PyTorch
AI03314,Python
AI03314,Mathematics
AI03314,Scala
AI03315,Deep Learning
AI03315,Data Visualization
AI03315,GCP
AI03315,TensorFlow
AI03315,PyTorch
AI03316,AWS
AI03316,Scala
AI03316,NLP
AI03316,Computer Vision
AI03316,TensorFlow
AI03317,Spark
AI03317,Python
AI03317,TensorFlow
AI03317,MLOps
AI03318,NLP
AI03318,Scala
AI03318,TensorFlow
AI03319,Git
AI03319,Docker
AI03319,R
AI03319,TensorFlow
AI03319,Tableau
AI03320,Deep Learning
AI03320,Hadoop
AI03320,GCP
AI03320,Kubernetes
AI03320,Docker
AI03321,Git
AI03321,Scala
AI03321,Data Visualization
AI03321,Java
AI03322,SQL
AI03322,TensorFlow
AI03322,Linux
AI03322,Docker
AI03323,NLP
AI03323,Tableau
AI03323,Computer Vision
AI03323,MLOps
AI03324,Git
AI03324,R
AI03324,Tableau
AI03324,Azure
AI03324,Deep Learning
AI03325,SQL
AI03325,NLP
AI03325,Java
AI03325,Scala
AI03326,Data Visualization
AI03326,Computer Vision
AI03326,Deep Learning
AI03327,SQL
AI03327,NLP
AI03327,Tableau
AI03327,PyTorch
AI03328,Azure
AI03328,PyTorch
AI03328,Tableau
AI03328,Docker
AI03328,NLP
AI03329,Kubernetes
AI03329,Python
AI03329,Linux
AI03329,Mathematics
AI03329,R
AI03330,Linux
AI03330,PyTorch
AI03330,SQL
AI03330,Statistics
AI03331,Hadoop
AI03331,AWS
AI03331,Scala
AI03331,Deep Learning
AI03332,R
AI03332,Scala
AI03332,Git
AI03332,GCP
AI03332,Tableau
AI03333,Python
AI03333,Git
AI03333,Tableau
AI03333,TensorFlow
AI03334,Deep Learning
AI03334,Kubernetes
AI03334,PyTorch
AI03334,Scala
AI03334,Hadoop
AI03335,Kubernetes
AI03335,PyTorch
AI03335,SQL
AI03335,Hadoop
AI03335,Linux
AI03336,Kubernetes
AI03336,Linux
AI03336,Tableau
AI03336,AWS
AI03336,Computer Vision
AI03337,Data Visualization
AI03337,Git
AI03337,Python
AI03338,Git
AI03338,R
AI03338,GCP
AI03338,SQL
AI03338,Spark
AI03339,Computer Vision
AI03339,Scala
AI03339,Tableau
AI03340,PyTorch
AI03340,AWS
AI03340,Deep Learning
AI03341,Python
AI03341,Mathematics
AI03341,TensorFlow
AI03341,Tableau
AI03342,GCP
AI03342,R
AI03342,Spark
AI03343,SQL
AI03343,Kubernetes
AI03343,Data Visualization
AI03343,Statistics
AI03344,NLP
AI03344,Spark
AI03344,Scala
AI03344,Git
AI03345,Linux
AI03345,Tableau
AI03345,PyTorch
AI03345,GCP
AI03346,PyTorch
AI03346,Java
AI03346,Mathematics
AI03347,Linux
AI03347,Statistics
AI03347,Data Visualization
AI03347,R
AI03347,NLP
AI03348,SQL
AI03348,Hadoop
AI03348,Python
AI03349,Python
AI03349,R
AI03349,Scala
AI03349,Deep Learning
AI03350,R
AI03350,SQL
AI03350,Kubernetes
AI03350,Java
AI03350,Hadoop
AI03351,MLOps
AI03351,Scala
AI03351,AWS
AI03351,Kubernetes
AI03351,Docker
AI03352,Linux
AI03352,Spark
AI03352,PyTorch
AI03352,SQL
AI03353,GCP
AI03353,Java
AI03353,PyTorch
AI03354,R
AI03354,SQL
AI03354,MLOps
AI03354,Kubernetes
AI03355,PyTorch
AI03355,Azure
AI03355,GCP
AI03355,Docker
AI03356,Linux
AI03356,Python
AI03356,Data Visualization
AI03356,Scala
AI03357,PyTorch
AI03357,Computer Vision
AI03357,Statistics
AI03357,Hadoop
AI03358,Hadoop
AI03358,Docker
AI03358,Mathematics
AI03358,Computer Vision
AI03358,Python
AI03359,Python
AI03359,SQL
AI03359,MLOps
AI03359,Scala
AI03359,Statistics
AI03360,Data Visualization
AI03360,Scala
AI03360,PyTorch
AI03360,Docker
AI03360,Hadoop
AI03361,AWS
AI03361,Python
AI03361,Tableau
AI03361,Azure
AI03362,NLP
AI03362,PyTorch
AI03362,Tableau
AI03362,Mathematics
AI03363,Python
AI03363,TensorFlow
AI03363,Data Visualization
AI03364,Scala
AI03364,GCP
AI03364,PyTorch
AI03365,Java
AI03365,GCP
AI03365,Spark
AI03365,PyTorch
AI03365,NLP
AI03366,Git
AI03366,Linux
AI03366,PyTorch
AI03367,Python
AI03367,SQL
AI03367,NLP
AI03368,PyTorch
AI03368,Kubernetes
AI03368,Statistics
AI03369,Kubernetes
AI03369,Data Visualization
AI03369,SQL
AI03369,Computer Vision
AI03370,Mathematics
AI03370,Tableau
AI03370,AWS
AI03370,Scala
AI03371,TensorFlow
AI03371,R
AI03371,Mathematics
AI03372,Computer Vision
AI03372,Spark
AI03372,Python
AI03372,Scala
AI03372,Hadoop
AI03373,PyTorch
AI03373,SQL
AI03373,Data Visualization
AI03374,R
AI03374,GCP
AI03374,SQL
AI03374,Mathematics
AI03374,Hadoop
AI03375,Kubernetes
AI03375,Scala
AI03375,MLOps
AI03376,Git
AI03376,GCP
AI03376,Python
AI03376,Scala
AI03377,Python
AI03377,TensorFlow
AI03377,Scala
AI03378,Scala
AI03378,AWS
AI03378,MLOps
AI03378,Python
AI03378,Tableau
AI03379,Python
AI03379,SQL
AI03379,Linux
AI03379,Java
AI03380,Kubernetes
AI03380,Data Visualization
AI03380,Spark
AI03380,Scala
AI03381,Hadoop
AI03381,TensorFlow
AI03381,Java
AI03382,Python
AI03382,Git
AI03382,SQL
AI03382,Spark
AI03383,Python
AI03383,TensorFlow
AI03383,Tableau
AI03384,Python
AI03384,Scala
AI03384,Git
AI03385,PyTorch
AI03385,MLOps
AI03385,Azure
AI03386,Java
AI03386,Kubernetes
AI03386,Linux
AI03386,Statistics
AI03386,Mathematics
AI03387,R
AI03387,NLP
AI03387,Python
AI03388,Hadoop
AI03388,Python
AI03388,TensorFlow
AI03388,AWS
AI03389,GCP
AI03389,Tableau
AI03389,PyTorch
AI03390,R
AI03390,SQL
AI03390,Data Visualization
AI03391,Data Visualization
AI03391,Computer Vision
AI03391,Kubernetes
AI03391,NLP
AI03392,Spark
AI03392,R
AI03392,Python
AI03393,Deep Learning
AI03393,NLP
AI03393,Data Visualization
AI03394,Git
AI03394,Mathematics
AI03394,R
AI03394,AWS
AI03395,Hadoop
AI03395,Kubernetes
AI03395,R
AI03395,Mathematics
AI03395,TensorFlow
AI03396,R
AI03396,TensorFlow
AI03396,NLP
AI03396,GCP
AI03397,Azure
AI03397,AWS
AI03397,Mathematics
AI03397,Data Visualization
AI03398,GCP
AI03398,R
AI03398,Data Visualization
AI03398,NLP
AI03398,Git
AI03399,Python
AI03399,Hadoop
AI03399,Git
AI03399,Scala
AI03400,Linux
AI03400,Docker
AI03400,NLP
AI03401,Java
AI03401,Scala
AI03401,MLOps
AI03401,TensorFlow
AI03402,Tableau
AI03402,SQL
AI03402,Data Visualization
AI03402,Linux
AI03403,Python
AI03403,Spark
AI03403,Docker
AI03404,Git
AI03404,Linux
AI03404,SQL
AI03404,Computer Vision
AI03405,TensorFlow
AI03405,Tableau
AI03405,NLP
AI03405,Scala
AI03406,Spark
AI03406,Linux
AI03406,MLOps
AI03406,Mathematics
AI03407,Mathematics
AI03407,GCP
AI03407,Computer Vision
AI03408,MLOps
AI03408,R
AI03408,Git
AI03408,SQL
AI03408,Docker
AI03409,Spark
AI03409,Data Visualization
AI03409,Statistics
AI03410,Scala
AI03410,MLOps
AI03410,PyTorch
AI03410,NLP
AI03410,Data Visualization
AI03411,Deep Learning
AI03411,PyTorch
AI03411,Docker
AI03411,Hadoop
AI03412,Scala
AI03412,Azure
AI03412,R
AI03412,Computer Vision
AI03413,Python
AI03413,Deep Learning
AI03413,TensorFlow
AI03413,Mathematics
AI03414,Python
AI03414,TensorFlow
AI03414,Kubernetes
AI03415,Tableau
AI03415,Kubernetes
AI03415,SQL
AI03415,GCP
AI03415,Statistics
AI03416,Computer Vision
AI03416,PyTorch
AI03416,Linux
AI03416,R
AI03417,Python
AI03417,Statistics
AI03417,Computer Vision
AI03418,Linux
AI03418,Kubernetes
AI03418,SQL
AI03418,Azure
AI03418,Scala
AI03419,Computer Vision
AI03419,Kubernetes
AI03419,Linux
AI03420,MLOps
AI03420,Scala
AI03420,Hadoop
AI03421,Computer Vision
AI03421,Python
AI03421,Scala
AI03421,Hadoop
AI03421,SQL
AI03422,Hadoop
AI03422,SQL
AI03422,Mathematics
AI03422,Data Visualization
AI03422,Git
AI03423,SQL
AI03423,Java
AI03423,Data Visualization
AI03423,Deep Learning
AI03423,Azure
AI03424,Docker
AI03424,Python
AI03424,NLP
AI03424,Git
AI03425,Spark
AI03425,Linux
AI03425,Data Visualization
AI03425,GCP
AI03426,Deep Learning
AI03426,Python
AI03426,Linux
AI03426,Git
AI03427,Tableau
AI03427,Python
AI03427,TensorFlow
AI03427,Linux
AI03427,AWS
AI03428,Mathematics
AI03428,Azure
AI03428,Java
AI03428,Scala
AI03428,SQL
AI03429,Linux
AI03429,Java
AI03429,Kubernetes
AI03429,Mathematics
AI03429,PyTorch
AI03430,PyTorch
AI03430,Deep Learning
AI03430,Scala
AI03430,Java
AI03430,Git
AI03431,R
AI03431,NLP
AI03431,Git
AI03431,Scala
AI03432,Java
AI03432,Git
AI03432,Kubernetes
AI03433,Linux
AI03433,GCP
AI03433,Java
AI03433,Scala
AI03433,Python
AI03434,GCP
AI03434,R
AI03434,PyTorch
AI03434,Deep Learning
AI03434,Mathematics
AI03435,Tableau
AI03435,Scala
AI03435,Java
AI03435,NLP
AI03436,PyTorch
AI03436,Java
AI03436,Deep Learning
AI03437,SQL
AI03437,Statistics
AI03437,TensorFlow
AI03437,Hadoop
AI03437,Deep Learning
AI03438,Java
AI03438,Linux
AI03438,MLOps
AI03438,Git
AI03438,R
AI03439,PyTorch
AI03439,Spark
AI03439,Azure
AI03439,GCP
AI03440,Scala
AI03440,Statistics
AI03440,Python
AI03440,Deep Learning
AI03441,MLOps
AI03441,Python
AI03441,Mathematics
AI03441,Computer Vision
AI03441,Docker
AI03442,Kubernetes
AI03442,Python
AI03442,Java
AI03443,R
AI03443,Scala
AI03443,AWS
AI03443,SQL
AI03444,Linux
AI03444,R
AI03444,Data Visualization
AI03444,Tableau
AI03444,Scala
AI03445,Scala
AI03445,GCP
AI03445,Linux
AI03445,Azure
AI03445,Mathematics
AI03446,Mathematics
AI03446,R
AI03446,Kubernetes
AI03446,GCP
AI03446,Statistics
AI03447,Kubernetes
AI03447,SQL
AI03447,Hadoop
AI03447,Scala
AI03448,Scala
AI03448,Docker
AI03448,Data Visualization
AI03448,Kubernetes
AI03449,SQL
AI03449,TensorFlow
AI03449,Deep Learning
AI03449,Git
AI03450,Spark
AI03450,AWS
AI03450,Linux
AI03450,Tableau
AI03450,Statistics
AI03451,TensorFlow
AI03451,Azure
AI03451,Computer Vision
AI03452,Spark
AI03452,PyTorch
AI03452,TensorFlow
AI03452,Kubernetes
AI03452,Hadoop
AI03453,Python
AI03453,Statistics
AI03453,MLOps
AI03454,MLOps
AI03454,Hadoop
AI03454,Python
AI03454,R
AI03455,Spark
AI03455,Azure
AI03455,PyTorch
AI03455,Scala
AI03456,Git
AI03456,Deep Learning
AI03456,NLP
AI03456,Scala
AI03457,Scala
AI03457,SQL
AI03457,Docker
AI03457,GCP
AI03458,SQL
AI03458,Scala
AI03458,Java
AI03459,Java
AI03459,Python
AI03459,Computer Vision
AI03460,Hadoop
AI03460,TensorFlow
AI03460,MLOps
AI03460,Computer Vision
AI03460,Spark
AI03461,Azure
AI03461,R
AI03461,AWS
AI03461,Docker
AI03462,Docker
AI03462,Mathematics
AI03462,SQL
AI03463,PyTorch
AI03463,Data Visualization
AI03463,TensorFlow
AI03463,Python
AI03464,AWS
AI03464,Mathematics
AI03464,Scala
AI03465,Scala
AI03465,Java
AI03465,Data Visualization
AI03466,Tableau
AI03466,R
AI03466,Java
AI03466,GCP
AI03466,Data Visualization
AI03467,Linux
AI03467,Mathematics
AI03467,Docker
AI03468,Python
AI03468,TensorFlow
AI03468,MLOps
AI03468,NLP
AI03469,R
AI03469,SQL
AI03469,NLP
AI03470,TensorFlow
AI03470,R
AI03470,MLOps
AI03470,PyTorch
AI03471,Computer Vision
AI03471,SQL
AI03471,Python
AI03472,Python
AI03472,Data Visualization
AI03472,SQL
AI03472,Statistics
AI03472,Hadoop
AI03473,Linux
AI03473,Java
AI03473,Deep Learning
AI03473,PyTorch
AI03473,Hadoop
AI03474,GCP
AI03474,MLOps
AI03474,Statistics
AI03474,SQL
AI03475,Git
AI03475,Python
AI03475,NLP
AI03476,Hadoop
AI03476,Git
AI03476,Computer Vision
AI03476,SQL
AI03476,Spark
AI03477,AWS
AI03477,Git
AI03477,MLOps
AI03478,Kubernetes
AI03478,Spark
AI03478,Deep Learning
AI03478,Scala
AI03478,Azure
AI03479,Data Visualization
AI03479,TensorFlow
AI03479,R
AI03479,Deep Learning
AI03479,Kubernetes
AI03480,AWS
AI03480,Statistics
AI03480,Spark
AI03481,Tableau
AI03481,PyTorch
AI03481,TensorFlow
AI03482,Kubernetes
AI03482,R
AI03482,AWS
AI03482,Docker
AI03483,Docker
AI03483,MLOps
AI03483,PyTorch
AI03483,Tableau
AI03484,TensorFlow
AI03484,SQL
AI03484,Docker
AI03484,Computer Vision
AI03484,Deep Learning
AI03485,Scala
AI03485,Python
AI03485,Deep Learning
AI03486,MLOps
AI03486,PyTorch
AI03486,R
AI03486,AWS
AI03486,Statistics
AI03487,Data Visualization
AI03487,Hadoop
AI03487,MLOps
AI03488,Mathematics
AI03488,Git
AI03488,Java
AI03488,Hadoop
AI03488,Deep Learning
AI03489,Java
AI03489,NLP
AI03489,Python
AI03489,Deep Learning
AI03489,Hadoop
AI03490,Git
AI03490,R
AI03490,Statistics
AI03490,Scala
AI03491,Scala
AI03491,Python
AI03491,Git
AI03492,Python
AI03492,Spark
AI03492,TensorFlow
AI03492,Azure
AI03492,GCP
AI03493,Spark
AI03493,Java
AI03493,Computer Vision
AI03494,Java
AI03494,Git
AI03494,SQL
AI03494,TensorFlow
AI03494,R
AI03495,Azure
AI03495,Scala
AI03495,Data Visualization
AI03496,PyTorch
AI03496,NLP
AI03496,Statistics
AI03496,Git
AI03497,Python
AI03497,PyTorch
AI03497,GCP
AI03497,R
AI03498,Spark
AI03498,AWS
AI03498,MLOps
AI03498,NLP
AI03499,Spark
AI03499,PyTorch
AI03499,Kubernetes
AI03499,Computer Vision
AI03500,Java
AI03500,MLOps
AI03500,R
AI03500,SQL
AI03500,Git
AI03501,NLP
AI03501,AWS
AI03501,Data Visualization
AI03501,Python
AI03502,Deep Learning
AI03502,Data Visualization
AI03502,Hadoop
AI03502,Mathematics
AI03503,Python
AI03503,SQL
AI03503,Azure
AI03503,Spark
AI03504,Java
AI03504,SQL
AI03504,Deep Learning
AI03505,Kubernetes
AI03505,Git
AI03505,TensorFlow
AI03506,Kubernetes
AI03506,NLP
AI03506,Linux
AI03506,AWS
AI03506,Mathematics
AI03507,SQL
AI03507,Linux
AI03507,MLOps
AI03508,Git
AI03508,Kubernetes
AI03508,Computer Vision
AI03508,SQL
AI03509,Scala
AI03509,Kubernetes
AI03509,Hadoop
AI03509,Git
AI03509,Docker
AI03510,MLOps
AI03510,GCP
AI03510,Computer Vision
AI03510,TensorFlow
AI03510,AWS
AI03511,Hadoop
AI03511,PyTorch
AI03511,Statistics
AI03511,Tableau
AI03511,SQL
AI03512,TensorFlow
AI03512,Kubernetes
AI03512,Spark
AI03512,MLOps
AI03512,Statistics
AI03513,Java
AI03513,Hadoop
AI03513,GCP
AI03513,MLOps
AI03514,Python
AI03514,Azure
AI03514,Data Visualization
AI03514,Git
AI03514,Kubernetes
AI03515,R
AI03515,Azure
AI03515,Linux
AI03515,Statistics
AI03516,SQL
AI03516,PyTorch
AI03516,GCP
AI03517,AWS
AI03517,TensorFlow
AI03517,Mathematics
AI03518,Java
AI03518,Scala
AI03518,NLP
AI03518,Hadoop
AI03518,Mathematics
AI03519,GCP
AI03519,MLOps
AI03519,Data Visualization
AI03519,Mathematics
AI03520,Java
AI03520,GCP
AI03520,Hadoop
AI03520,NLP
AI03520,Scala
AI03521,Deep Learning
AI03521,Git
AI03521,SQL
AI03521,Kubernetes
AI03521,AWS
AI03522,Git
AI03522,Hadoop
AI03522,MLOps
AI03522,Scala
AI03522,Data Visualization
AI03523,GCP
AI03523,AWS
AI03523,R
AI03523,Tableau
AI03524,SQL
AI03524,Python
AI03524,Azure
AI03524,Deep Learning
AI03524,Linux
AI03525,Python
AI03525,TensorFlow
AI03525,Docker
AI03525,PyTorch
AI03526,Python
AI03526,Scala
AI03526,Tableau
AI03526,Git
AI03526,Mathematics
AI03527,Hadoop
AI03527,PyTorch
AI03527,Git
AI03527,NLP
AI03528,Java
AI03528,TensorFlow
AI03528,Python
AI03528,Kubernetes
AI03528,MLOps
AI03529,SQL
AI03529,Java
AI03529,Spark
AI03530,GCP
AI03530,Tableau
AI03530,Mathematics
AI03531,Kubernetes
AI03531,Docker
AI03531,Hadoop
AI03531,SQL
AI03531,R
AI03532,Scala
AI03532,Spark
AI03532,Tableau
AI03532,Linux
AI03532,Hadoop
AI03533,SQL
AI03533,Computer Vision
AI03533,Spark
AI03534,SQL
AI03534,Data Visualization
AI03534,PyTorch
AI03535,Java
AI03535,Python
AI03535,Statistics
AI03535,MLOps
AI03535,Tableau
AI03536,R
AI03536,GCP
AI03536,SQL
AI03536,Data Visualization
AI03536,Hadoop
AI03537,Python
AI03537,TensorFlow
AI03537,Hadoop
AI03537,Statistics
AI03537,Mathematics
AI03538,SQL
AI03538,PyTorch
AI03538,MLOps
AI03539,Kubernetes
AI03539,Hadoop
AI03539,NLP
AI03540,Java
AI03540,Spark
AI03540,PyTorch
AI03540,SQL
AI03541,AWS
AI03541,Spark
AI03541,MLOps
AI03542,Git
AI03542,Java
AI03542,Hadoop
AI03543,GCP
AI03543,PyTorch
AI03543,Data Visualization
AI03543,SQL
AI03544,GCP
AI03544,Docker
AI03544,PyTorch
AI03544,SQL
AI03545,Azure
AI03545,Kubernetes
AI03545,SQL
AI03546,Linux
AI03546,SQL
AI03546,Kubernetes
AI03546,Java
AI03546,Spark
AI03547,Data Visualization
AI03547,Spark
AI03547,GCP
AI03547,Computer Vision
AI03547,Git
AI03548,NLP
AI03548,Java
AI03548,Data Visualization
AI03548,Computer Vision
AI03548,Kubernetes
AI03549,Python
AI03549,GCP
AI03549,TensorFlow
AI03549,AWS
AI03549,Mathematics
AI03550,MLOps
AI03550,Scala
AI03550,Kubernetes
AI03551,Scala
AI03551,Kubernetes
AI03551,NLP
AI03551,Statistics
AI03552,GCP
AI03552,Python
AI03552,Computer Vision
AI03552,Deep Learning
AI03553,TensorFlow
AI03553,Kubernetes
AI03553,SQL
AI03553,Java
AI03553,Mathematics
AI03554,Scala
AI03554,Python
AI03554,Azure
AI03554,Java
AI03555,Mathematics
AI03555,Hadoop
AI03555,TensorFlow
AI03556,Scala
AI03556,Data Visualization
AI03556,MLOps
AI03557,PyTorch
AI03557,SQL
AI03557,Data Visualization
AI03557,Computer Vision
AI03557,AWS
AI03558,NLP
AI03558,Hadoop
AI03558,Java
AI03558,Scala
AI03558,Tableau
AI03559,Docker
AI03559,NLP
AI03559,Git
AI03559,Computer Vision
AI03559,Azure
AI03560,PyTorch
AI03560,SQL
AI03560,AWS
AI03560,Java
AI03560,TensorFlow
AI03561,Hadoop
AI03561,Statistics
AI03561,MLOps
AI03561,Deep Learning
AI03562,SQL
AI03562,TensorFlow
AI03562,MLOps
AI03563,Scala
AI03563,Git
AI03563,Data Visualization
AI03563,Java
AI03563,MLOps
AI03564,Hadoop
AI03564,Docker
AI03564,Python
AI03565,Docker
AI03565,PyTorch
AI03565,NLP
AI03566,PyTorch
AI03566,SQL
AI03566,Computer Vision
AI03566,Hadoop
AI03567,Java
AI03567,Data Visualization
AI03567,R
AI03567,Spark
AI03568,AWS
AI03568,PyTorch
AI03568,Statistics
AI03568,Deep Learning
AI03568,Kubernetes
AI03569,NLP
AI03569,Spark
AI03569,Python
AI03569,Kubernetes
AI03569,Git
AI03570,Tableau
AI03570,Azure
AI03570,Python
AI03570,Java
AI03571,Linux
AI03571,Python
AI03571,Data Visualization
AI03572,PyTorch
AI03572,Azure
AI03572,TensorFlow
AI03572,Tableau
AI03572,Hadoop
AI03573,Kubernetes
AI03573,Hadoop
AI03573,Python
AI03573,Linux
AI03574,Deep Learning
AI03574,R
AI03574,Computer Vision
AI03575,Python
AI03575,Deep Learning
AI03575,Azure
AI03575,Linux
AI03575,Git
AI03576,R
AI03576,Java
AI03576,Scala
AI03576,Python
AI03577,Hadoop
AI03577,Deep Learning
AI03577,SQL
AI03578,PyTorch
AI03578,TensorFlow
AI03578,MLOps
AI03579,Python
AI03579,Git
AI03579,Tableau
AI03579,AWS
AI03579,GCP
AI03580,Java
AI03580,Docker
AI03580,Git
AI03581,PyTorch
AI03581,Spark
AI03581,Java
AI03581,R
AI03581,TensorFlow
AI03582,NLP
AI03582,Docker
AI03582,SQL
AI03582,AWS
AI03582,PyTorch
AI03583,Scala
AI03583,Java
AI03583,R
AI03584,MLOps
AI03584,Git
AI03584,Docker
AI03585,PyTorch
AI03585,NLP
AI03585,Deep Learning
AI03585,Data Visualization
AI03585,R
AI03586,NLP
AI03586,Git
AI03586,Azure
AI03586,Linux
AI03586,GCP
AI03587,Spark
AI03587,Hadoop
AI03587,Kubernetes
AI03587,Azure
AI03587,Tableau
AI03588,Hadoop
AI03588,R
AI03588,SQL
AI03588,Deep Learning
AI03589,R
AI03589,Scala
AI03589,Azure
AI03589,Hadoop
AI03590,AWS
AI03590,Azure
AI03590,NLP
AI03590,Docker
AI03591,Python
AI03591,Statistics
AI03591,AWS
AI03591,Tableau
AI03592,Computer Vision
AI03592,GCP
AI03592,Mathematics
AI03592,SQL
AI03593,Python
AI03593,Hadoop
AI03593,Azure
AI03594,Deep Learning
AI03594,Java
AI03594,AWS
AI03594,Spark
AI03595,Docker
AI03595,Git
AI03595,MLOps
AI03595,Spark
AI03596,Hadoop
AI03596,TensorFlow
AI03596,Deep Learning
AI03596,Statistics
AI03596,Git
AI03597,SQL
AI03597,PyTorch
AI03597,Java
AI03597,Computer Vision
AI03598,Scala
AI03598,PyTorch
AI03598,R
AI03598,Java
AI03599,Data Visualization
AI03599,Spark
AI03599,Tableau
AI03599,Deep Learning
AI03600,AWS
AI03600,Tableau
AI03600,Deep Learning
AI03600,Spark
AI03600,Python
AI03601,Hadoop
AI03601,Python
AI03601,MLOps
AI03602,SQL
AI03602,PyTorch
AI03602,TensorFlow
AI03602,Tableau
AI03602,Data Visualization
AI03603,Scala
AI03603,Spark
AI03603,AWS
AI03603,Git
AI03603,GCP
AI03604,Python
AI03604,Docker
AI03604,MLOps
AI03604,Scala
AI03605,PyTorch
AI03605,TensorFlow
AI03605,Data Visualization
AI03605,Computer Vision
AI03605,Mathematics
AI03606,Hadoop
AI03606,SQL
AI03606,Data Visualization
AI03606,NLP
AI03607,Python
AI03607,TensorFlow
AI03607,PyTorch
AI03608,Tableau
AI03608,R
AI03608,Scala
AI03609,Linux
AI03609,MLOps
AI03609,Azure
AI03609,GCP
AI03609,PyTorch
AI03610,Kubernetes
AI03610,Java
AI03610,PyTorch
AI03610,Docker
AI03610,Linux
AI03611,Computer Vision
AI03611,Python
AI03611,Hadoop
AI03612,Deep Learning
AI03612,Kubernetes
AI03612,PyTorch
AI03613,GCP
AI03613,Mathematics
AI03613,Scala
AI03613,Kubernetes
AI03614,Hadoop
AI03614,Python
AI03614,TensorFlow
AI03614,Scala
AI03615,Data Visualization
AI03615,Kubernetes
AI03615,Linux
AI03615,Mathematics
AI03615,Deep Learning
AI03616,Tableau
AI03616,Deep Learning
AI03616,Linux
AI03616,Hadoop
AI03617,MLOps
AI03617,Python
AI03617,Tableau
AI03617,Linux
AI03618,PyTorch
AI03618,GCP
AI03618,Spark
AI03618,Deep Learning
AI03619,PyTorch
AI03619,Hadoop
AI03619,Tableau
AI03619,Git
AI03620,Tableau
AI03620,Data Visualization
AI03620,Azure
AI03621,Hadoop
AI03621,R
AI03621,Data Visualization
AI03622,SQL
AI03622,NLP
AI03622,Spark
AI03622,PyTorch
AI03623,SQL
AI03623,Git
AI03623,Tableau
AI03623,NLP
AI03624,Python
AI03624,TensorFlow
AI03624,Deep Learning
AI03625,Java
AI03625,Azure
AI03625,SQL
AI03625,Git
AI03626,Data Visualization
AI03626,Git
AI03626,GCP
AI03627,Mathematics
AI03627,Computer Vision
AI03627,Tableau
AI03627,NLP
AI03628,AWS
AI03628,Mathematics
AI03628,Data Visualization
AI03629,Kubernetes
AI03629,Linux
AI03629,Scala
AI03630,SQL
AI03630,Python
AI03630,Java
AI03630,Data Visualization
AI03630,GCP
AI03631,Scala
AI03631,Java
AI03631,TensorFlow
AI03631,Kubernetes
AI03631,Python
AI03632,Hadoop
AI03632,Git
AI03632,Kubernetes
AI03633,Python
AI03633,Tableau
AI03633,Kubernetes
AI03633,MLOps
AI03634,Docker
AI03634,Scala
AI03634,Computer Vision
AI03634,Python
AI03635,TensorFlow
AI03635,GCP
AI03635,Tableau
AI03636,Computer Vision
AI03636,Data Visualization
AI03636,GCP
AI03636,Scala
AI03637,Hadoop
AI03637,Tableau
AI03637,Deep Learning
AI03637,NLP
AI03637,Python
AI03638,Python
AI03638,AWS
AI03638,Linux
AI03638,Kubernetes
AI03639,SQL
AI03639,Docker
AI03639,Hadoop
AI03639,Mathematics
AI03640,Tableau
AI03640,Git
AI03640,Data Visualization
AI03641,Python
AI03641,Docker
AI03641,Scala
AI03641,TensorFlow
AI03641,Deep Learning
AI03642,GCP
AI03642,TensorFlow
AI03642,AWS
AI03642,PyTorch
AI03642,Data Visualization
AI03643,SQL
AI03643,Kubernetes
AI03643,Java
AI03644,Kubernetes
AI03644,Linux
AI03644,Data Visualization
AI03644,Mathematics
AI03645,Hadoop
AI03645,SQL
AI03645,Git
AI03645,Scala
AI03646,Python
AI03646,MLOps
AI03646,R
AI03647,AWS
AI03647,Linux
AI03647,Azure
AI03647,MLOps
AI03647,Data Visualization
AI03648,Python
AI03648,Scala
AI03648,GCP
AI03649,Linux
AI03649,Docker
AI03649,Python
AI03649,TensorFlow
AI03650,Kubernetes
AI03650,Java
AI03650,Python
AI03650,Data Visualization
AI03650,Hadoop
AI03651,GCP
AI03651,R
AI03651,Tableau
AI03651,Linux
AI03652,Git
AI03652,Python
AI03652,TensorFlow
AI03652,Java
AI03653,Python
AI03653,AWS
AI03653,Computer Vision
AI03653,Statistics
AI03653,Linux
AI03654,Data Visualization
AI03654,R
AI03654,Deep Learning
AI03655,Python
AI03655,Hadoop
AI03655,TensorFlow
AI03655,Kubernetes
AI03656,Linux
AI03656,Scala
AI03656,Hadoop
AI03656,GCP
AI03657,Statistics
AI03657,SQL
AI03657,TensorFlow
AI03657,Linux
AI03658,Spark
AI03658,Linux
AI03658,Azure
AI03659,Kubernetes
AI03659,Python
AI03659,Data Visualization
AI03660,Python
AI03660,Spark
AI03660,Git
AI03660,NLP
AI03661,Hadoop
AI03661,Python
AI03661,TensorFlow
AI03662,Hadoop
AI03662,Kubernetes
AI03662,Scala
AI03662,Mathematics
AI03662,Tableau
AI03663,Python
AI03663,TensorFlow
AI03663,NLP
AI03663,Spark
AI03663,PyTorch
AI03664,SQL
AI03664,PyTorch
AI03664,Data Visualization
AI03665,PyTorch
AI03665,Scala
AI03665,Data Visualization
AI03665,Computer Vision
AI03666,Mathematics
AI03666,GCP
AI03666,TensorFlow
AI03666,PyTorch
AI03666,Deep Learning
AI03667,Deep Learning
AI03667,Tableau
AI03667,GCP
AI03667,Docker
AI03667,Computer Vision
AI03668,AWS
AI03668,PyTorch
AI03668,NLP
AI03669,Python
AI03669,Git
AI03669,Hadoop
AI03669,Scala
AI03669,GCP
AI03670,Linux
AI03670,Hadoop
AI03670,Kubernetes
AI03670,TensorFlow
AI03670,Computer Vision
AI03671,Tableau
AI03671,Data Visualization
AI03671,GCP
AI03672,PyTorch
AI03672,Docker
AI03672,Azure
AI03673,Kubernetes
AI03673,MLOps
AI03673,Scala
AI03673,Tableau
AI03674,Spark
AI03674,Git
AI03674,Computer Vision
AI03675,Git
AI03675,Spark
AI03675,Mathematics
AI03676,Python
AI03676,SQL
AI03676,Scala
AI03676,AWS
AI03676,Hadoop
AI03677,Azure
AI03677,Hadoop
AI03677,Tableau
AI03677,Spark
AI03678,Computer Vision
AI03678,Tableau
AI03678,MLOps
AI03678,Linux
AI03678,Kubernetes
AI03679,SQL
AI03679,Scala
AI03679,Data Visualization
AI03680,Git
AI03680,Scala
AI03680,AWS
AI03680,MLOps
AI03680,Kubernetes
AI03681,PyTorch
AI03681,Statistics
AI03681,Spark
AI03681,NLP
AI03682,Hadoop
AI03682,AWS
AI03682,SQL
AI03683,Statistics
AI03683,Hadoop
AI03683,Git
AI03684,Python
AI03684,Deep Learning
AI03684,Git
AI03684,TensorFlow
AI03685,Scala
AI03685,R
AI03685,GCP
AI03685,SQL
AI03686,PyTorch
AI03686,Python
AI03686,Data Visualization
AI03686,MLOps
AI03687,Tableau
AI03687,Kubernetes
AI03687,Java
AI03688,Python
AI03688,TensorFlow
AI03688,Spark
AI03689,Linux
AI03689,Java
AI03689,Statistics
AI03690,Kubernetes
AI03690,Hadoop
AI03690,AWS
AI03690,Spark
AI03691,TensorFlow
AI03691,Git
AI03691,SQL
AI03691,Statistics
AI03692,Python
AI03692,Tableau
AI03692,AWS
AI03692,Java
AI03693,Tableau
AI03693,Docker
AI03693,SQL
AI03694,Hadoop
AI03694,Data Visualization
AI03694,Kubernetes
AI03695,Python
AI03695,Linux
AI03695,Statistics
AI03696,AWS
AI03696,Data Visualization
AI03696,GCP
AI03697,Spark
AI03697,Deep Learning
AI03697,SQL
AI03698,Statistics
AI03698,Spark
AI03698,Scala
AI03698,NLP
AI03699,Hadoop
AI03699,PyTorch
AI03699,Scala
AI03699,R
AI03700,AWS
AI03700,SQL
AI03700,PyTorch
AI03700,Data Visualization
AI03700,Scala
AI03701,Kubernetes
AI03701,TensorFlow
AI03701,Data Visualization
AI03701,Scala
AI03701,Hadoop
AI03702,Linux
AI03702,MLOps
AI03702,Scala
AI03703,Tableau
AI03703,AWS
AI03703,SQL
AI03703,Mathematics
AI03704,Kubernetes
AI03704,Deep Learning
AI03704,NLP
AI03704,Java
AI03704,Azure
AI03705,PyTorch
AI03705,Scala
AI03705,Kubernetes
AI03705,AWS
AI03706,Data Visualization
AI03706,Spark
AI03706,Scala
AI03706,SQL
AI03707,Scala
AI03707,GCP
AI03707,Deep Learning
AI03707,Computer Vision
AI03707,Mathematics
AI03708,Mathematics
AI03708,AWS
AI03708,TensorFlow
AI03708,Git
AI03708,Kubernetes
AI03709,SQL
AI03709,R
AI03709,Kubernetes
AI03710,Data Visualization
AI03710,Kubernetes
AI03710,AWS
AI03710,GCP
AI03710,Python
AI03711,Python
AI03711,TensorFlow
AI03711,Linux
AI03712,AWS
AI03712,Scala
AI03712,Docker
AI03712,Data Visualization
AI03713,Tableau
AI03713,SQL
AI03713,Java
AI03713,Spark
AI03713,Azure
AI03714,R
AI03714,Git
AI03714,Deep Learning
AI03715,NLP
AI03715,Azure
AI03715,Git
AI03715,AWS
AI03715,Hadoop
AI03716,Scala
AI03716,Java
AI03716,GCP
AI03717,TensorFlow
AI03717,Git
AI03717,Linux
AI03717,Computer Vision
AI03717,SQL
AI03718,Hadoop
AI03718,Git
AI03718,Tableau
AI03718,MLOps
AI03718,Deep Learning
AI03719,PyTorch
AI03719,Java
AI03719,Tableau
AI03720,Deep Learning
AI03720,GCP
AI03720,Python
AI03721,Python
AI03721,GCP
AI03721,Spark
AI03722,MLOps
AI03722,Python
AI03722,TensorFlow
AI03722,Linux
AI03723,NLP
AI03723,MLOps
AI03723,Python
AI03723,TensorFlow
AI03724,Kubernetes
AI03724,Linux
AI03724,PyTorch
AI03724,Data Visualization
AI03725,PyTorch
AI03725,AWS
AI03725,Hadoop
AI03725,SQL
AI03725,NLP
AI03726,Python
AI03726,Kubernetes
AI03726,R
AI03726,GCP
AI03726,Statistics
AI03727,Python
AI03727,Git
AI03727,Hadoop
AI03727,PyTorch
AI03728,Azure
AI03728,Computer Vision
AI03728,Python
AI03728,GCP
AI03728,Deep Learning
AI03729,Kubernetes
AI03729,Python
AI03729,Deep Learning
AI03730,PyTorch
AI03730,Linux
AI03730,SQL
AI03731,SQL
AI03731,Linux
AI03731,Data Visualization
AI03731,Kubernetes
AI03731,Git
AI03732,MLOps
AI03732,PyTorch
AI03732,TensorFlow
AI03732,Statistics
AI03732,Linux
AI03733,Linux
AI03733,Tableau
AI03733,Spark
AI03733,Java
AI03734,Python
AI03734,Java
AI03734,GCP
AI03734,Linux
AI03734,Hadoop
AI03735,Linux
AI03735,Scala
AI03735,Statistics
AI03736,GCP
AI03736,MLOps
AI03736,Java
AI03737,MLOps
AI03737,SQL
AI03737,Data Visualization
AI03737,Kubernetes
AI03738,TensorFlow
AI03738,Scala
AI03738,Data Visualization
AI03738,Git
AI03739,Python
AI03739,Data Visualization
AI03739,Azure
AI03740,TensorFlow
AI03740,Tableau
AI03740,Git
AI03740,NLP
AI03741,MLOps
AI03741,R
AI03741,Python
AI03741,TensorFlow
AI03741,Hadoop
AI03742,Scala
AI03742,R
AI03742,Deep Learning
AI03743,Hadoop
AI03743,Data Visualization
AI03743,AWS
AI03743,MLOps
AI03744,Python
AI03744,Deep Learning
AI03744,Git
AI03745,SQL
AI03745,Scala
AI03745,Tableau
AI03745,Python
AI03746,TensorFlow
AI03746,Hadoop
AI03746,Python
AI03746,PyTorch
AI03746,Deep Learning
AI03747,PyTorch
AI03747,SQL
AI03747,GCP
AI03747,Scala
AI03748,Tableau
AI03748,SQL
AI03748,Deep Learning
AI03749,Mathematics
AI03749,Docker
AI03749,NLP
AI03749,Linux
AI03750,Spark
AI03750,Linux
AI03750,Tableau
AI03750,Mathematics
AI03751,Kubernetes
AI03751,SQL
AI03751,Spark
AI03751,Scala
AI03752,Tableau
AI03752,Kubernetes
AI03752,Linux
AI03753,Mathematics
AI03753,Azure
AI03753,Python
AI03754,Scala
AI03754,TensorFlow
AI03754,Data Visualization
AI03754,GCP
AI03755,Kubernetes
AI03755,MLOps
AI03755,Java
AI03755,R
AI03755,Git
AI03756,Spark
AI03756,TensorFlow
AI03756,NLP
AI03756,MLOps
AI03757,Deep Learning
AI03757,Azure
AI03757,NLP
AI03757,AWS
AI03757,Docker
AI03758,Python
AI03758,Linux
AI03758,Computer Vision
AI03759,Tableau
AI03759,TensorFlow
AI03759,Docker
AI03759,AWS
AI03759,Scala
AI03760,Python
AI03760,TensorFlow
AI03760,Computer Vision
AI03760,Git
AI03760,Hadoop
AI03761,Mathematics
AI03761,Python
AI03761,NLP
AI03761,Spark
AI03761,Deep Learning
AI03762,Docker
AI03762,SQL
AI03762,PyTorch
AI03762,Data Visualization
AI03763,Linux
AI03763,Python
AI03763,Statistics
AI03763,Data Visualization
AI03764,Scala
AI03764,Mathematics
AI03764,Computer Vision
AI03764,Linux
AI03764,Kubernetes
AI03765,PyTorch
AI03765,Hadoop
AI03765,Linux
AI03765,TensorFlow
AI03765,Azure
AI03766,GCP
AI03766,Java
AI03766,Git
AI03767,SQL
AI03767,MLOps
AI03767,Python
AI03767,PyTorch
AI03767,Tableau
AI03768,Python
AI03768,Kubernetes
AI03768,Linux
AI03768,GCP
AI03769,Git
AI03769,Python
AI03769,TensorFlow
AI03770,GCP
AI03770,Kubernetes
AI03770,SQL
AI03770,Docker
AI03771,SQL
AI03771,GCP
AI03771,NLP
AI03772,GCP
AI03772,Docker
AI03772,Linux
AI03772,Java
AI03773,Computer Vision
AI03773,AWS
AI03773,NLP
AI03774,SQL
AI03774,Hadoop
AI03774,TensorFlow
AI03774,Spark
AI03775,Python
AI03775,Hadoop
AI03775,TensorFlow
AI03775,Computer Vision
AI03775,Azure
AI03776,PyTorch
AI03776,Java
AI03776,Scala
AI03777,AWS
AI03777,Python
AI03777,Hadoop
AI03777,Computer Vision
AI03778,PyTorch
AI03778,Statistics
AI03778,Tableau
AI03778,MLOps
AI03778,TensorFlow
AI03779,Kubernetes
AI03779,Hadoop
AI03779,Python
AI03779,Tableau
AI03780,Git
AI03780,Deep Learning
AI03780,MLOps
AI03780,Java
AI03781,Java
AI03781,NLP
AI03781,Mathematics
AI03781,Scala
AI03782,Java
AI03782,PyTorch
AI03782,Spark
AI03782,Statistics
AI03782,Azure
AI03783,Python
AI03783,R
AI03783,Data Visualization
AI03783,NLP
AI03784,Docker
AI03784,AWS
AI03784,SQL
AI03784,PyTorch
AI03784,Scala
AI03785,PyTorch
AI03785,Deep Learning
AI03785,Azure
AI03785,NLP
AI03785,GCP
AI03786,Computer Vision
AI03786,Azure
AI03786,Spark
AI03787,Java
AI03787,Computer Vision
AI03787,Docker
AI03787,R
AI03787,Tableau
AI03788,Scala
AI03788,Python
AI03788,NLP
AI03789,Linux
AI03789,Kubernetes
AI03789,NLP
AI03789,MLOps
AI03789,Git
AI03790,Kubernetes
AI03790,Statistics
AI03790,Computer Vision
AI03790,Hadoop
AI03791,SQL
AI03791,Java
AI03791,Data Visualization
AI03791,PyTorch
AI03791,Deep Learning
AI03792,Data Visualization
AI03792,Git
AI03792,AWS
AI03793,Linux
AI03793,Computer Vision
AI03793,SQL
AI03794,Linux
AI03794,TensorFlow
AI03794,PyTorch
AI03794,Statistics
AI03795,Python
AI03795,Azure
AI03795,GCP
AI03795,Docker
AI03796,MLOps
AI03796,Azure
AI03796,Mathematics
AI03796,Computer Vision
AI03796,Python
AI03797,Tableau
AI03797,TensorFlow
AI03797,Scala
AI03798,R
AI03798,SQL
AI03798,Git
AI03799,Kubernetes
AI03799,Python
AI03799,MLOps
AI03800,Git
AI03800,Docker
AI03800,Tableau
AI03801,GCP
AI03801,Python
AI03801,TensorFlow
AI03802,Statistics
AI03802,Data Visualization
AI03802,R
AI03803,Docker
AI03803,SQL
AI03803,Spark
AI03803,R
AI03803,Computer Vision
AI03804,Kubernetes
AI03804,MLOps
AI03804,Tableau
AI03804,Linux
AI03805,SQL
AI03805,AWS
AI03805,Data Visualization
AI03806,Tableau
AI03806,Kubernetes
AI03806,Linux
AI03807,Scala
AI03807,Deep Learning
AI03807,Mathematics
AI03807,Python
AI03807,Git
AI03808,NLP
AI03808,R
AI03808,Spark
AI03808,GCP
AI03809,Linux
AI03809,SQL
AI03809,Statistics
AI03809,Deep Learning
AI03809,Python
AI03810,Scala
AI03810,Statistics
AI03810,R
AI03810,Linux
AI03810,Tableau
AI03811,Tableau
AI03811,Python
AI03811,TensorFlow
AI03812,GCP
AI03812,SQL
AI03812,Hadoop
AI03812,Azure
AI03812,PyTorch
AI03813,MLOps
AI03813,Statistics
AI03813,Python
AI03813,Computer Vision
AI03814,Mathematics
AI03814,Tableau
AI03814,Deep Learning
AI03814,NLP
AI03814,Git
AI03815,PyTorch
AI03815,TensorFlow
AI03815,Linux
AI03816,Docker
AI03816,Scala
AI03816,Linux
AI03816,AWS
AI03817,Scala
AI03817,Python
AI03817,Linux
AI03817,Statistics
AI03817,AWS
AI03818,Python
AI03818,GCP
AI03818,Kubernetes
AI03818,TensorFlow
AI03818,Docker
AI03819,NLP
AI03819,Scala
AI03819,Java
AI03819,Mathematics
AI03819,Computer Vision
AI03820,Hadoop
AI03820,Kubernetes
AI03820,Docker
AI03820,Python
AI03821,MLOps
AI03821,Deep Learning
AI03821,AWS
AI03821,Linux
AI03822,Computer Vision
AI03822,MLOps
AI03822,R
AI03822,Python
AI03823,Mathematics
AI03823,Java
AI03823,R
AI03823,SQL
AI03824,Linux
AI03824,Python
AI03824,SQL
AI03824,Git
AI03825,Mathematics
AI03825,Git
AI03825,Data Visualization
AI03826,Azure
AI03826,SQL
AI03826,Python
AI03826,Scala
AI03827,Tableau
AI03827,Hadoop
AI03827,Computer Vision
AI03828,AWS
AI03828,Git
AI03828,Tableau
AI03828,MLOps
AI03828,Java
AI03829,Java
AI03829,SQL
AI03829,Linux
AI03830,Git
AI03830,Java
AI03830,Data Visualization
AI03830,MLOps
AI03831,Java
AI03831,Mathematics
AI03831,SQL
AI03831,Hadoop
AI03832,Computer Vision
AI03832,PyTorch
AI03832,Linux
AI03833,Kubernetes
AI03833,TensorFlow
AI03833,Hadoop
AI03833,Mathematics
AI03833,Python
AI03834,Python
AI03834,R
AI03834,Java
AI03834,MLOps
AI03835,Tableau
AI03835,Docker
AI03835,Linux
AI03836,Hadoop
AI03836,Statistics
AI03836,Scala
AI03837,R
AI03837,TensorFlow
AI03837,AWS
AI03838,AWS
AI03838,Python
AI03838,Hadoop
AI03838,Git
AI03838,TensorFlow
AI03839,PyTorch
AI03839,Spark
AI03839,Hadoop
AI03839,TensorFlow
AI03840,TensorFlow
AI03840,GCP
AI03840,Python
AI03840,R
AI03841,Scala
AI03841,Azure
AI03841,TensorFlow
AI03841,Git
AI03841,Hadoop
AI03842,Python
AI03842,GCP
AI03842,Git
AI03843,Linux
AI03843,Java
AI03843,Docker
AI03843,GCP
AI03844,TensorFlow
AI03844,Python
AI03844,Java
AI03844,PyTorch
AI03845,Spark
AI03845,Python
AI03845,Tableau
AI03846,Java
AI03846,Python
AI03846,Hadoop
AI03846,Mathematics
AI03846,TensorFlow
AI03847,Computer Vision
AI03847,Statistics
AI03847,Hadoop
AI03847,Python
AI03847,Java
AI03848,Statistics
AI03848,Linux
AI03848,SQL
AI03848,Python
AI03848,Git
AI03849,MLOps
AI03849,GCP
AI03849,R
AI03850,Linux
AI03850,Git
AI03850,SQL
AI03850,Python
AI03850,Java
AI03851,TensorFlow
AI03851,R
AI03851,Java
AI03851,NLP
AI03851,Azure
AI03852,Linux
AI03852,Docker
AI03852,Kubernetes
AI03852,AWS
AI03852,Azure
AI03853,Spark
AI03853,Statistics
AI03853,Data Visualization
AI03853,MLOps
AI03854,Spark
AI03854,AWS
AI03854,Git
AI03855,Python
AI03855,Data Visualization
AI03855,Azure
AI03856,PyTorch
AI03856,NLP
AI03856,GCP
AI03856,Statistics
AI03857,R
AI03857,GCP
AI03857,SQL
AI03857,Data Visualization
AI03858,Tableau
AI03858,Linux
AI03858,Java
AI03859,MLOps
AI03859,NLP
AI03859,Git
AI03859,GCP
AI03859,Spark
AI03860,AWS
AI03860,MLOps
AI03860,Computer Vision
AI03861,R
AI03861,GCP
AI03861,MLOps
AI03862,GCP
AI03862,Kubernetes
AI03862,SQL
AI03862,PyTorch
AI03863,Kubernetes
AI03863,Scala
AI03863,MLOps
AI03863,Spark
AI03864,Tableau
AI03864,Kubernetes
AI03864,TensorFlow
AI03865,PyTorch
AI03865,R
AI03865,GCP
AI03865,Git
AI03865,Tableau
AI03866,Java
AI03866,NLP
AI03866,Spark
AI03866,AWS
AI03867,Linux
AI03867,Python
AI03867,Docker
AI03867,TensorFlow
AI03868,AWS
AI03868,Mathematics
AI03868,Scala
AI03868,Statistics
AI03869,Mathematics
AI03869,Kubernetes
AI03869,TensorFlow
AI03870,Linux
AI03870,Git
AI03870,PyTorch
AI03871,Kubernetes
AI03871,TensorFlow
AI03871,Azure
AI03871,NLP
AI03872,Deep Learning
AI03872,Spark
AI03872,SQL
AI03873,Python
AI03873,Docker
AI03873,Java
AI03874,Deep Learning
AI03874,GCP
AI03874,PyTorch
AI03875,Tableau
AI03875,MLOps
AI03875,Computer Vision
AI03875,Git
AI03876,Kubernetes
AI03876,Java
AI03876,GCP
AI03876,R
AI03876,Computer Vision
AI03877,Tableau
AI03877,Python
AI03877,PyTorch
AI03878,Azure
AI03878,Spark
AI03878,Tableau
AI03879,Tableau
AI03879,Statistics
AI03879,TensorFlow
AI03879,Kubernetes
AI03880,Python
AI03880,Spark
AI03880,Statistics
AI03881,Tableau
AI03881,PyTorch
AI03881,Python
AI03882,Python
AI03882,Data Visualization
AI03882,Hadoop
AI03882,Mathematics
AI03883,Python
AI03883,SQL
AI03883,Data Visualization
AI03883,Java
AI03883,Kubernetes
AI03884,Statistics
AI03884,Kubernetes
AI03884,AWS
AI03885,Hadoop
AI03885,MLOps
AI03885,Scala
AI03886,Git
AI03886,Tableau
AI03886,PyTorch
AI03886,SQL
AI03887,SQL
AI03887,Docker
AI03887,Spark
AI03887,Linux
AI03887,Statistics
AI03888,AWS
AI03888,Kubernetes
AI03888,Tableau
AI03888,Git
AI03889,Scala
AI03889,Mathematics
AI03889,Docker
AI03889,Deep Learning
AI03890,Git
AI03890,Kubernetes
AI03890,GCP
AI03890,Hadoop
AI03891,MLOps
AI03891,Python
AI03891,GCP
AI03892,Java
AI03892,TensorFlow
AI03892,SQL
AI03893,Python
AI03893,Kubernetes
AI03893,SQL
AI03893,TensorFlow
AI03894,Spark
AI03894,Python
AI03894,MLOps
AI03894,TensorFlow
AI03895,Spark
AI03895,Git
AI03895,Data Visualization
AI03895,Kubernetes
AI03895,GCP
AI03896,R
AI03896,Kubernetes
AI03896,NLP
AI03897,Java
AI03897,PyTorch
AI03897,Git
AI03897,Hadoop
AI03898,PyTorch
AI03898,AWS
AI03898,SQL
AI03898,Git
AI03898,Computer Vision
AI03899,NLP
AI03899,Python
AI03899,Scala
AI03900,Scala
AI03900,GCP
AI03900,Computer Vision
AI03901,Python
AI03901,Linux
AI03901,Computer Vision
AI03902,Azure
AI03902,Scala
AI03902,TensorFlow
AI03902,Java
AI03903,SQL
AI03903,GCP
AI03903,Git
AI03903,NLP
AI03903,Kubernetes
AI03904,MLOps
AI03904,Kubernetes
AI03904,SQL
AI03905,Git
AI03905,Statistics
AI03905,TensorFlow
AI03905,Deep Learning
AI03905,PyTorch
AI03906,Kubernetes
AI03906,Mathematics
AI03906,Tableau
AI03906,SQL
AI03907,Data Visualization
AI03907,Java
AI03907,PyTorch
AI03908,Docker
AI03908,Python
AI03908,SQL
AI03908,Tableau
AI03908,Java
AI03909,Python
AI03909,Spark
AI03909,Tableau
AI03909,Computer Vision
AI03910,Kubernetes
AI03910,R
AI03910,Git
AI03910,Python
AI03911,TensorFlow
AI03911,Hadoop
AI03911,MLOps
AI03911,Statistics
AI03911,Azure
AI03912,SQL
AI03912,TensorFlow
AI03912,R
AI03913,Tableau
AI03913,Hadoop
AI03913,AWS
AI03914,Python
AI03914,Docker
AI03914,Statistics
AI03915,AWS
AI03915,Python
AI03915,GCP
AI03915,Spark
AI03915,TensorFlow
AI03916,Python
AI03916,AWS
AI03916,TensorFlow
AI03916,Deep Learning
AI03916,Data Visualization
AI03917,Git
AI03917,Data Visualization
AI03917,Mathematics
AI03918,GCP
AI03918,Python
AI03918,Tableau
AI03918,Data Visualization
AI03919,Python
AI03919,TensorFlow
AI03919,Kubernetes
AI03919,AWS
AI03920,Git
AI03920,Deep Learning
AI03920,TensorFlow
AI03920,Java
AI03920,Spark
AI03921,Java
AI03921,Scala
AI03921,NLP
AI03922,R
AI03922,PyTorch
AI03922,Deep Learning
AI03922,TensorFlow
AI03922,Statistics
AI03923,Spark
AI03923,Tableau
AI03923,GCP
AI03923,PyTorch
AI03923,Git
AI03924,SQL
AI03924,Statistics
AI03924,Computer Vision
AI03924,Hadoop
AI03925,Tableau
AI03925,GCP
AI03925,Python
AI03925,R
AI03925,Mathematics
AI03926,Java
AI03926,Tableau
AI03926,GCP
AI03927,Data Visualization
AI03927,Linux
AI03927,Git
AI03927,Azure
AI03927,TensorFlow
AI03928,SQL
AI03928,Scala
AI03928,Tableau
AI03929,TensorFlow
AI03929,R
AI03929,MLOps
AI03929,Mathematics
AI03930,Computer Vision
AI03930,Spark
AI03930,TensorFlow
AI03930,Deep Learning
AI03931,Git
AI03931,Azure
AI03931,Kubernetes
AI03931,GCP
AI03932,PyTorch
AI03932,AWS
AI03932,Hadoop
AI03932,Spark
AI03933,Deep Learning
AI03933,AWS
AI03933,Java
AI03933,Statistics
AI03933,Azure
AI03934,Deep Learning
AI03934,Hadoop
AI03934,Spark
AI03934,Docker
AI03934,PyTorch
AI03935,MLOps
AI03935,Python
AI03935,TensorFlow
AI03936,TensorFlow
AI03936,SQL
AI03936,Azure
AI03937,MLOps
AI03937,PyTorch
AI03937,Java
AI03938,Hadoop
AI03938,Azure
AI03938,Data Visualization
AI03938,MLOps
AI03939,R
AI03939,SQL
AI03939,Data Visualization
AI03939,PyTorch
AI03939,TensorFlow
AI03940,Scala
AI03940,Spark
AI03940,Python
AI03940,Kubernetes
AI03941,SQL
AI03941,Python
AI03941,Azure
AI03941,NLP
AI03941,Kubernetes
AI03942,PyTorch
AI03942,Statistics
AI03942,GCP
AI03942,Tableau
AI03942,MLOps
AI03943,Scala
AI03943,Python
AI03943,PyTorch
AI03944,GCP
AI03944,NLP
AI03944,Hadoop
AI03945,Data Visualization
AI03945,PyTorch
AI03945,Git
AI03945,Java
AI03946,GCP
AI03946,Mathematics
AI03946,Python
AI03947,PyTorch
AI03947,Tableau
AI03947,Mathematics
AI03947,MLOps
AI03948,Hadoop
AI03948,Git
AI03948,NLP
AI03948,Docker
AI03949,Kubernetes
AI03949,Scala
AI03949,Azure
AI03949,Docker
AI03950,GCP
AI03950,Docker
AI03950,Data Visualization
AI03950,Mathematics
AI03951,Scala
AI03951,Mathematics
AI03951,Tableau
AI03951,PyTorch
AI03951,Hadoop
AI03952,Git
AI03952,TensorFlow
AI03952,Computer Vision
AI03952,AWS
AI03952,Tableau
AI03953,Hadoop
AI03953,Mathematics
AI03953,MLOps
AI03953,Data Visualization
AI03954,Java
AI03954,Linux
AI03954,R
AI03954,SQL
AI03954,Tableau
AI03955,Scala
AI03955,GCP
AI03955,Tableau
AI03955,AWS
AI03956,TensorFlow
AI03956,PyTorch
AI03956,MLOps
AI03957,Python
AI03957,Linux
AI03957,Azure
AI03957,TensorFlow
AI03957,PyTorch
AI03958,SQL
AI03958,Spark
AI03958,PyTorch
AI03958,Docker
AI03958,Linux
AI03959,PyTorch
AI03959,Python
AI03959,Data Visualization
AI03960,Git
AI03960,SQL
AI03960,PyTorch
AI03960,Azure
AI03960,AWS
AI03961,Scala
AI03961,Python
AI03961,Git
AI03961,Linux
AI03962,NLP
AI03962,Tableau
AI03962,Scala
AI03963,TensorFlow
AI03963,Deep Learning
AI03963,Python
AI03964,Tableau
AI03964,R
AI03964,SQL
AI03964,Linux
AI03965,Hadoop
AI03965,Mathematics
AI03965,Docker
AI03965,Kubernetes
AI03966,Python
AI03966,AWS
AI03966,Hadoop
AI03966,Deep Learning
AI03967,Tableau
AI03967,Linux
AI03967,PyTorch
AI03968,Scala
AI03968,Computer Vision
AI03968,Data Visualization
AI03968,NLP
AI03968,Spark
AI03969,Data Visualization
AI03969,Spark
AI03969,Scala
AI03969,Linux
AI03969,Computer Vision
AI03970,R
AI03970,GCP
AI03970,Hadoop
AI03971,PyTorch
AI03971,Deep Learning
AI03971,Azure
AI03972,SQL
AI03972,Python
AI03972,Mathematics
AI03972,Data Visualization
AI03973,Data Visualization
AI03973,Mathematics
AI03973,Git
AI03973,Python
AI03974,Kubernetes
AI03974,Tableau
AI03974,Java
AI03975,Python
AI03975,Linux
AI03975,TensorFlow
AI03975,Computer Vision
AI03976,Docker
AI03976,TensorFlow
AI03976,Computer Vision
AI03977,Hadoop
AI03977,Mathematics
AI03977,R
AI03978,Python
AI03978,Tableau
AI03978,Docker
AI03979,Java
AI03979,MLOps
AI03979,R
AI03980,Python
AI03980,Deep Learning
AI03980,TensorFlow
AI03980,GCP
AI03981,Python
AI03981,Hadoop
AI03981,MLOps
AI03982,Java
AI03982,GCP
AI03982,Linux
AI03982,R
AI03983,SQL
AI03983,Java
AI03983,Azure
AI03983,Linux
AI03983,Scala
AI03984,AWS
AI03984,Spark
AI03984,SQL
AI03984,Mathematics
AI03985,Kubernetes
AI03985,SQL
AI03985,AWS
AI03985,Statistics
AI03985,Tableau
AI03986,Python
AI03986,Scala
AI03986,AWS
AI03986,Tableau
AI03986,SQL
AI03987,R
AI03987,Linux
AI03987,Data Visualization
AI03987,SQL
AI03988,GCP
AI03988,Tableau
AI03988,Git
AI03988,NLP
AI03989,AWS
AI03989,Hadoop
AI03989,MLOps
AI03989,Computer Vision
AI03990,Java
AI03990,Kubernetes
AI03990,Hadoop
AI03991,Python
AI03991,TensorFlow
AI03991,Deep Learning
AI03991,GCP
AI03991,PyTorch
AI03992,Docker
AI03992,Git
AI03992,Hadoop
AI03992,Data Visualization
AI03993,Python
AI03993,TensorFlow
AI03993,Statistics
AI03993,Kubernetes
AI03994,TensorFlow
AI03994,Deep Learning
AI03994,SQL
AI03994,Python
AI03994,Tableau
AI03995,Kubernetes
AI03995,Java
AI03995,Scala
AI03995,Tableau
AI03995,Docker
AI03996,Java
AI03996,AWS
AI03996,Kubernetes
AI03996,Python
AI03996,Git
AI03997,Scala
AI03997,Spark
AI03997,Linux
AI03997,Azure
AI03998,Hadoop
AI03998,Computer Vision
AI03998,Kubernetes
AI03998,Java
AI03998,TensorFlow
AI03999,Git
AI03999,Hadoop
AI03999,R
AI04000,Azure
AI04000,Git
AI04000,AWS
AI04001,Git
AI04001,NLP
AI04001,SQL
AI04001,Scala
AI04002,Statistics
AI04002,GCP
AI04002,Python
AI04003,Azure
AI04003,Computer Vision
AI04003,NLP
AI04004,R
AI04004,MLOps
AI04004,PyTorch
AI04005,Linux
AI04005,Computer Vision
AI04005,Azure
AI04005,Mathematics
AI04006,Python
AI04006,MLOps
AI04006,Data Visualization
AI04006,Azure
AI04007,AWS
AI04007,Spark
AI04007,MLOps
AI04007,R
AI04008,Python
AI04008,Kubernetes
AI04008,AWS
AI04008,TensorFlow
AI04008,Linux
AI04009,SQL
AI04009,MLOps
AI04009,Data Visualization
AI04009,Docker
AI04009,Spark
AI04010,TensorFlow
AI04010,Computer Vision
AI04010,MLOps
AI04011,Git
AI04011,Deep Learning
AI04011,Hadoop
AI04012,Computer Vision
AI04012,Scala
AI04012,Statistics
AI04012,Deep Learning
AI04012,Linux
AI04013,GCP
AI04013,Git
AI04013,Deep Learning
AI04013,Data Visualization
AI04014,Python
AI04014,TensorFlow
AI04014,MLOps
AI04014,Hadoop
AI04014,Statistics
AI04015,NLP
AI04015,PyTorch
AI04015,Java
AI04016,Spark
AI04016,Git
AI04016,PyTorch
AI04016,Python
AI04016,Scala
AI04017,AWS
AI04017,Python
AI04017,Deep Learning
AI04017,MLOps
AI04018,Statistics
AI04018,Docker
AI04018,Data Visualization
AI04018,R
AI04018,Hadoop
AI04019,PyTorch
AI04019,Scala
AI04019,Git
AI04019,TensorFlow
AI04019,Linux
AI04020,NLP
AI04020,Hadoop
AI04020,GCP
AI04020,Scala
AI04020,Mathematics
AI04021,SQL
AI04021,Linux
AI04021,GCP
AI04021,Statistics
AI04022,Python
AI04022,Statistics
AI04022,Scala
AI04022,TensorFlow
AI04023,NLP
AI04023,Data Visualization
AI04023,Python
AI04023,Linux
AI04024,AWS
AI04024,PyTorch
AI04024,Java
AI04024,Kubernetes
AI04024,Hadoop
AI04025,NLP
AI04025,Git
AI04025,Python
AI04026,Computer Vision
AI04026,SQL
AI04026,Mathematics
AI04027,Spark
AI04027,Java
AI04027,Git
AI04028,Git
AI04028,R
AI04028,Computer Vision
AI04029,Java
AI04029,Scala
AI04029,Docker
AI04029,PyTorch
AI04030,Tableau
AI04030,MLOps
AI04030,Python
AI04031,Java
AI04031,Mathematics
AI04031,SQL
AI04032,Git
AI04032,Mathematics
AI04032,Data Visualization
AI04033,Python
AI04033,Deep Learning
AI04033,Statistics
AI04033,Spark
AI04033,GCP
AI04034,Computer Vision
AI04034,Kubernetes
AI04034,Data Visualization
AI04034,TensorFlow
AI04034,Statistics
AI04035,Data Visualization
AI04035,R
AI04035,Deep Learning
AI04035,Scala
AI04036,Java
AI04036,R
AI04036,Deep Learning
AI04036,TensorFlow
AI04037,Spark
AI04037,SQL
AI04037,Linux
AI04038,Python
AI04038,NLP
AI04038,Azure
AI04039,GCP
AI04039,SQL
AI04039,PyTorch
AI04040,Spark
AI04040,Python
AI04040,SQL
AI04041,MLOps
AI04041,Linux
AI04041,Docker
AI04041,AWS
AI04041,Spark
AI04042,Git
AI04042,Docker
AI04042,Deep Learning
AI04042,R
AI04043,Computer Vision
AI04043,Tableau
AI04043,Statistics
AI04044,Kubernetes
AI04044,SQL
AI04044,Statistics
AI04044,AWS
AI04045,PyTorch
AI04045,Mathematics
AI04045,TensorFlow
AI04045,AWS
AI04045,NLP
AI04046,PyTorch
AI04046,NLP
AI04046,GCP
AI04046,Deep Learning
AI04046,Java
AI04047,Mathematics
AI04047,Scala
AI04047,MLOps
AI04048,SQL
AI04048,MLOps
AI04048,Linux
AI04048,Mathematics
AI04048,Statistics
AI04049,Spark
AI04049,Azure
AI04049,Computer Vision
AI04049,Python
AI04050,Python
AI04050,Data Visualization
AI04050,Scala
AI04050,TensorFlow
AI04051,Linux
AI04051,TensorFlow
AI04051,Mathematics
AI04051,Computer Vision
AI04052,Mathematics
AI04052,Python
AI04052,Java
AI04052,R
AI04053,Git
AI04053,Tableau
AI04053,Linux
AI04054,Tableau
AI04054,Statistics
AI04054,Scala
AI04054,MLOps
AI04054,NLP
AI04055,Tableau
AI04055,SQL
AI04055,PyTorch
AI04055,Computer Vision
AI04055,Hadoop
AI04056,AWS
AI04056,R
AI04056,Tableau
AI04057,Spark
AI04057,NLP
AI04057,AWS
AI04058,Mathematics
AI04058,Azure
AI04058,Data Visualization
AI04059,Deep Learning
AI04059,Git
AI04059,Linux
AI04059,Scala
AI04060,SQL
AI04060,Java
AI04060,Azure
AI04060,Linux
AI04060,GCP
AI04061,Git
AI04061,PyTorch
AI04061,Tableau
AI04061,Computer Vision
AI04062,Python
AI04062,Mathematics
AI04062,Computer Vision
AI04063,Git
AI04063,Computer Vision
AI04063,Kubernetes
AI04063,Python
AI04064,AWS
AI04064,GCP
AI04064,PyTorch
AI04065,Docker
AI04065,Git
AI04065,AWS
AI04065,Mathematics
AI04066,Scala
AI04066,Python
AI04066,NLP
AI04066,Deep Learning
AI04066,Hadoop
AI04067,Java
AI04067,SQL
AI04067,Kubernetes
AI04068,Hadoop
AI04068,Deep Learning
AI04068,Mathematics
AI04068,AWS
AI04069,SQL
AI04069,Scala
AI04069,Python
AI04070,Python
AI04070,TensorFlow
AI04070,Azure
AI04070,Git
AI04070,Scala
AI04071,Python
AI04071,Statistics
AI04071,TensorFlow
AI04071,Hadoop
AI04071,Azure
AI04072,Computer Vision
AI04072,TensorFlow
AI04072,Data Visualization
AI04072,Scala
AI04073,PyTorch
AI04073,Kubernetes
AI04073,Computer Vision
AI04074,Deep Learning
AI04074,Spark
AI04074,TensorFlow
AI04074,Statistics
AI04075,Python
AI04075,TensorFlow
AI04075,Mathematics
AI04075,AWS
AI04075,PyTorch
AI04076,Deep Learning
AI04076,Git
AI04076,Linux
AI04076,SQL
AI04077,Spark
AI04077,Java
AI04077,Python
AI04077,MLOps
AI04078,Java
AI04078,Deep Learning
AI04078,Python
AI04078,Git
AI04079,Tableau
AI04079,R
AI04079,PyTorch
AI04080,Java
AI04080,SQL
AI04080,Scala
AI04080,Computer Vision
AI04081,PyTorch
AI04081,TensorFlow
AI04081,Tableau
AI04081,Deep Learning
AI04081,SQL
AI04082,Tableau
AI04082,Java
AI04082,Linux
AI04082,Computer Vision
AI04083,AWS
AI04083,Kubernetes
AI04083,Hadoop
AI04083,Data Visualization
AI04084,SQL
AI04084,PyTorch
AI04084,NLP
AI04084,Computer Vision
AI04084,Data Visualization
AI04085,Mathematics
AI04085,Python
AI04085,NLP
AI04086,Tableau
AI04086,Kubernetes
AI04086,Deep Learning
AI04086,Computer Vision
AI04087,Deep Learning
AI04087,R
AI04087,PyTorch
AI04087,Scala
AI04088,Spark
AI04088,Hadoop
AI04088,Deep Learning
AI04088,Java
AI04088,R
AI04089,Spark
AI04089,Git
AI04089,Computer Vision
AI04090,Scala
AI04090,Linux
AI04090,SQL
AI04090,NLP
AI04091,Docker
AI04091,Python
AI04091,Data Visualization
AI04091,Mathematics
AI04092,Data Visualization
AI04092,TensorFlow
AI04092,PyTorch
AI04092,GCP
AI04092,AWS
AI04093,Hadoop
AI04093,GCP
AI04093,NLP
AI04093,Scala
AI04094,Linux
AI04094,Computer Vision
AI04094,AWS
AI04094,PyTorch
AI04095,Deep Learning
AI04095,Statistics
AI04095,TensorFlow
AI04095,Python
AI04095,Azure
AI04096,Java
AI04096,Python
AI04096,TensorFlow
AI04097,Tableau
AI04097,Mathematics
AI04097,Linux
AI04097,TensorFlow
AI04098,Deep Learning
AI04098,PyTorch
AI04098,Mathematics
AI04098,Docker
AI04098,TensorFlow
AI04099,Python
AI04099,Kubernetes
AI04099,NLP
AI04099,Scala
AI04100,R
AI04100,PyTorch
AI04100,Docker
AI04100,Deep Learning
AI04100,GCP
AI04101,Docker
AI04101,Python
AI04101,TensorFlow
AI04102,PyTorch
AI04102,Git
AI04102,R
AI04102,Spark
AI04102,TensorFlow
AI04103,AWS
AI04103,NLP
AI04103,Scala
AI04103,PyTorch
AI04104,NLP
AI04104,AWS
AI04104,Scala
AI04105,Git
AI04105,Hadoop
AI04105,Python
AI04105,MLOps
AI04105,Docker
AI04106,Kubernetes
AI04106,SQL
AI04106,NLP
AI04106,Git
AI04106,Deep Learning
AI04107,NLP
AI04107,Hadoop
AI04107,Azure
AI04108,Java
AI04108,Azure
AI04108,Python
AI04109,Hadoop
AI04109,Deep Learning
AI04109,Linux
AI04109,Statistics
AI04109,Java
AI04110,Python
AI04110,Linux
AI04110,Tableau
AI04110,MLOps
AI04111,Deep Learning
AI04111,SQL
AI04111,R
AI04111,Statistics
AI04111,GCP
AI04112,Linux
AI04112,GCP
AI04112,Scala
AI04112,MLOps
AI04112,Git
AI04113,SQL
AI04113,Docker
AI04113,Kubernetes
AI04113,Scala
AI04113,PyTorch
AI04114,Python
AI04114,TensorFlow
AI04114,Java
AI04114,Data Visualization
AI04115,Tableau
AI04115,PyTorch
AI04115,Hadoop
AI04115,TensorFlow
AI04115,Kubernetes
AI04116,Mathematics
AI04116,Spark
AI04116,R
AI04117,GCP
AI04117,Kubernetes
AI04117,R
AI04117,Python
AI04117,MLOps
AI04118,TensorFlow
AI04118,Mathematics
AI04118,SQL
AI04118,Deep Learning
AI04119,AWS
AI04119,SQL
AI04119,Deep Learning
AI04119,MLOps
AI04119,Git
AI04120,Hadoop
AI04120,Kubernetes
AI04120,AWS
AI04120,Java
AI04121,Computer Vision
AI04121,Hadoop
AI04121,Kubernetes
AI04121,Azure
AI04121,Linux
AI04122,Data Visualization
AI04122,Java
AI04122,Python
AI04122,Computer Vision
AI04122,Docker
AI04123,MLOps
AI04123,GCP
AI04123,R
AI04123,Java
AI04123,Deep Learning
AI04124,SQL
AI04124,AWS
AI04124,Data Visualization
AI04124,Scala
AI04125,Python
AI04125,Git
AI04125,Data Visualization
AI04125,Tableau
AI04125,SQL
AI04126,Git
AI04126,SQL
AI04126,Docker
AI04126,GCP
AI04126,AWS
AI04127,Deep Learning
AI04127,PyTorch
AI04127,SQL
AI04127,Tableau
AI04127,GCP
AI04128,Kubernetes
AI04128,Computer Vision
AI04128,TensorFlow
AI04128,Docker
AI04128,Azure
AI04129,Python
AI04129,R
AI04129,Tableau
AI04130,TensorFlow
AI04130,Docker
AI04130,Python
AI04131,Java
AI04131,Scala
AI04131,MLOps
AI04131,Computer Vision
AI04132,Python
AI04132,Deep Learning
AI04132,Tableau
AI04132,MLOps
AI04133,GCP
AI04133,Scala
AI04133,Java
AI04133,Data Visualization
AI04133,Python
AI04134,Tableau
AI04134,Linux
AI04134,Docker
AI04134,Git
AI04135,Python
AI04135,Kubernetes
AI04135,Git
AI04135,Java
AI04135,TensorFlow
AI04136,Java
AI04136,SQL
AI04136,Data Visualization
AI04136,Kubernetes
AI04137,R
AI04137,MLOps
AI04137,TensorFlow
AI04138,R
AI04138,PyTorch
AI04138,NLP
AI04138,AWS
AI04139,NLP
AI04139,R
AI04139,Git
AI04140,Computer Vision
AI04140,Statistics
AI04140,Tableau
AI04140,Scala
AI04141,Python
AI04141,TensorFlow
AI04141,Computer Vision
AI04141,PyTorch
AI04142,R
AI04142,Computer Vision
AI04142,Spark
AI04142,Python
AI04143,Deep Learning
AI04143,Computer Vision
AI04143,Spark
AI04143,Azure
AI04144,Azure
AI04144,Git
AI04144,Scala
AI04144,Mathematics
AI04145,TensorFlow
AI04145,R
AI04145,Mathematics
AI04145,Scala
AI04145,Computer Vision
AI04146,Kubernetes
AI04146,Azure
AI04146,Git
AI04147,Kubernetes
AI04147,Python
AI04147,Tableau
AI04147,MLOps
AI04148,R
AI04148,Git
AI04148,Linux
AI04148,Scala
AI04149,R
AI04149,SQL
AI04149,AWS
AI04149,Spark
AI04150,Python
AI04150,AWS
AI04150,NLP
AI04150,Computer Vision
AI04151,PyTorch
AI04151,Java
AI04151,Statistics
AI04151,AWS
AI04152,Python
AI04152,Spark
AI04152,Tableau
AI04152,Mathematics
AI04153,MLOps
AI04153,PyTorch
AI04153,TensorFlow
AI04153,Deep Learning
AI04154,PyTorch
AI04154,Python
AI04154,Computer Vision
AI04154,GCP
AI04155,Tableau
AI04155,Azure
AI04155,Linux
AI04155,AWS
AI04155,Kubernetes
AI04156,Statistics
AI04156,NLP
AI04156,Scala
AI04156,Data Visualization
AI04157,Mathematics
AI04157,Git
AI04157,NLP
AI04158,Python
AI04158,TensorFlow
AI04158,GCP
AI04158,Java
AI04159,Tableau
AI04159,Computer Vision
AI04159,Azure
AI04159,Deep Learning
AI04159,SQL
AI04160,Git
AI04160,Python
AI04160,NLP
AI04161,NLP
AI04161,SQL
AI04161,Scala
AI04161,Computer Vision
AI04162,Hadoop
AI04162,Tableau
AI04162,Python
AI04162,Data Visualization
AI04162,Azure
AI04163,PyTorch
AI04163,AWS
AI04163,Tableau
AI04163,Hadoop
AI04163,Statistics
AI04164,TensorFlow
AI04164,PyTorch
AI04164,Scala
AI04164,Tableau
AI04164,SQL
AI04165,SQL
AI04165,Deep Learning
AI04165,Docker
AI04166,Tableau
AI04166,Python
AI04166,NLP
AI04167,Python
AI04167,Docker
AI04167,GCP
AI04168,PyTorch
AI04168,Linux
AI04168,Kubernetes
AI04168,Spark
AI04168,Data Visualization
AI04169,GCP
AI04169,AWS
AI04169,Computer Vision
AI04170,TensorFlow
AI04170,Computer Vision
AI04170,Kubernetes
AI04170,Mathematics
AI04171,Azure
AI04171,Git
AI04171,Kubernetes
AI04171,PyTorch
AI04172,Python
AI04172,Linux
AI04172,Scala
AI04173,TensorFlow
AI04173,Data Visualization
AI04173,Python
AI04173,NLP
AI04173,GCP
AI04174,Deep Learning
AI04174,Computer Vision
AI04174,Java
AI04174,Python
AI04175,Python
AI04175,GCP
AI04175,MLOps
AI04175,Docker
AI04175,Scala
AI04176,Python
AI04176,Kubernetes
AI04176,TensorFlow
AI04176,Java
AI04177,MLOps
AI04177,Hadoop
AI04177,Linux
AI04177,Deep Learning
AI04177,Computer Vision
AI04178,Python
AI04178,Kubernetes
AI04178,TensorFlow
AI04178,Computer Vision
AI04178,GCP
AI04179,Azure
AI04179,Linux
AI04179,Kubernetes
AI04180,Scala
AI04180,R
AI04180,GCP
AI04180,SQL
AI04180,NLP
AI04181,Scala
AI04181,Python
AI04181,MLOps
AI04181,GCP
AI04181,Docker
AI04182,Scala
AI04182,Linux
AI04182,Computer Vision
AI04182,Java
AI04182,NLP
AI04183,Linux
AI04183,Computer Vision
AI04183,Docker
AI04184,PyTorch
AI04184,Computer Vision
AI04184,Tableau
AI04184,NLP
AI04184,Docker
AI04185,Scala
AI04185,SQL
AI04185,Deep Learning
AI04185,Computer Vision
AI04186,Linux
AI04186,PyTorch
AI04186,Hadoop
AI04187,GCP
AI04187,Python
AI04187,NLP
AI04188,Data Visualization
AI04188,Docker
AI04188,SQL
AI04189,Git
AI04189,TensorFlow
AI04189,Kubernetes
AI04189,GCP
AI04190,Python
AI04190,Kubernetes
AI04190,Docker
AI04190,Deep Learning
AI04190,Spark
AI04191,Hadoop
AI04191,Deep Learning
AI04191,Python
AI04192,Deep Learning
AI04192,Data Visualization
AI04192,PyTorch
AI04193,Git
AI04193,Java
AI04193,Computer Vision
AI04193,Linux
AI04194,Linux
AI04194,TensorFlow
AI04194,Data Visualization
AI04194,Python
AI04195,Git
AI04195,AWS
AI04195,Scala
AI04196,Statistics
AI04196,R
AI04196,PyTorch
AI04196,Spark
AI04196,Tableau
AI04197,TensorFlow
AI04197,MLOps
AI04197,Git
AI04197,SQL
AI04198,Java
AI04198,Deep Learning
AI04198,Linux
AI04198,Git
AI04199,Scala
AI04199,Hadoop
AI04199,Python
AI04199,TensorFlow
AI04199,AWS
AI04200,Azure
AI04200,R
AI04200,Docker
AI04201,Docker
AI04201,Python
AI04201,Kubernetes
AI04201,MLOps
AI04201,TensorFlow
AI04202,TensorFlow
AI04202,NLP
AI04202,Python
AI04203,Mathematics
AI04203,Statistics
AI04203,Data Visualization
AI04204,NLP
AI04204,Linux
AI04204,R
AI04204,Git
AI04205,Python
AI04205,GCP
AI04205,TensorFlow
AI04205,PyTorch
AI04205,Hadoop
AI04206,Linux
AI04206,PyTorch
AI04206,NLP
AI04207,Java
AI04207,Tableau
AI04207,Linux
AI04207,Kubernetes
AI04207,Statistics
AI04208,Python
AI04208,Java
AI04208,R
AI04209,Tableau
AI04209,TensorFlow
AI04209,Linux
AI04210,Python
AI04210,Tableau
AI04210,Kubernetes
AI04210,R
AI04211,SQL
AI04211,Java
AI04211,Azure
AI04211,MLOps
AI04212,Spark
AI04212,Python
AI04212,Scala
AI04212,Statistics
AI04212,SQL
AI04213,Git
AI04213,Scala
AI04213,TensorFlow
AI04214,Docker
AI04214,Python
AI04214,NLP
AI04214,Git
AI04214,Spark
AI04215,Git
AI04215,Kubernetes
AI04215,Azure
AI04215,Python
AI04216,MLOps
AI04216,Git
AI04216,Data Visualization
AI04216,GCP
AI04216,Docker
AI04217,Linux
AI04217,Python
AI04217,TensorFlow
AI04217,Kubernetes
AI04217,Spark
AI04218,Computer Vision
AI04218,Hadoop
AI04218,Data Visualization
AI04218,Python
AI04218,TensorFlow
AI04219,Kubernetes
AI04219,Python
AI04219,TensorFlow
AI04219,Java
AI04220,Data Visualization
AI04220,Java
AI04220,GCP
AI04221,Kubernetes
AI04221,R
AI04221,Azure
AI04221,Deep Learning
AI04221,Tableau
AI04222,Hadoop
AI04222,Python
AI04222,Scala
AI04222,Docker
AI04223,SQL
AI04223,Azure
AI04223,NLP
AI04223,Scala
AI04223,AWS
AI04224,Kubernetes
AI04224,SQL
AI04224,Statistics
AI04224,Computer Vision
AI04224,Scala
AI04225,Python
AI04225,SQL
AI04225,Tableau
AI04225,Hadoop
AI04226,Java
AI04226,Spark
AI04226,Hadoop
AI04226,GCP
AI04227,GCP
AI04227,Hadoop
AI04227,Tableau
AI04227,Azure
AI04228,Computer Vision
AI04228,Linux
AI04228,Docker
AI04228,SQL
AI04229,Scala
AI04229,Mathematics
AI04229,NLP
AI04230,Computer Vision
AI04230,SQL
AI04230,Scala
AI04230,Deep Learning
AI04231,Scala
AI04231,Java
AI04231,Computer Vision
AI04231,Statistics
AI04231,PyTorch
AI04232,Linux
AI04232,Python
AI04232,Tableau
AI04232,TensorFlow
AI04232,Scala
AI04233,AWS
AI04233,PyTorch
AI04233,Mathematics
AI04233,Azure
AI04233,Statistics
AI04234,TensorFlow
AI04234,SQL
AI04234,Statistics
AI04234,Python
AI04234,AWS
AI04235,Hadoop
AI04235,SQL
AI04235,Git
AI04236,Data Visualization
AI04236,Hadoop
AI04236,Kubernetes
AI04236,Python
AI04236,TensorFlow
AI04237,Hadoop
AI04237,Git
AI04237,Mathematics
AI04237,AWS
AI04238,SQL
AI04238,Spark
AI04238,Deep Learning
AI04238,NLP
AI04239,SQL
AI04239,Linux
AI04239,Statistics
AI04239,Java
AI04240,Python
AI04240,PyTorch
AI04240,Java
AI04241,Scala
AI04241,Computer Vision
AI04241,Git
AI04241,R
AI04242,Kubernetes
AI04242,Linux
AI04242,PyTorch
AI04243,Data Visualization
AI04243,Python
AI04243,GCP
AI04243,Scala
AI04244,SQL
AI04244,Kubernetes
AI04244,Python
AI04244,Spark
AI04245,TensorFlow
AI04245,Python
AI04245,Tableau
AI04246,Java
AI04246,AWS
AI04246,Hadoop
AI04246,Azure
AI04247,Python
AI04247,Docker
AI04247,Statistics
AI04247,Data Visualization
AI04248,PyTorch
AI04248,MLOps
AI04248,SQL
AI04248,Data Visualization
AI04248,TensorFlow
AI04249,Linux
AI04249,Deep Learning
AI04249,TensorFlow
AI04250,PyTorch
AI04250,GCP
AI04250,Hadoop
AI04250,Spark
AI04250,Statistics
AI04251,Linux
AI04251,Python
AI04251,Kubernetes
AI04252,Python
AI04252,Data Visualization
AI04252,TensorFlow
AI04252,Java
AI04252,Statistics
AI04253,Linux
AI04253,Hadoop
AI04253,Git
AI04254,Hadoop
AI04254,Python
AI04254,Kubernetes
AI04254,GCP
AI04255,Deep Learning
AI04255,SQL
AI04255,Data Visualization
AI04256,AWS
AI04256,PyTorch
AI04256,TensorFlow
AI04256,Deep Learning
AI04256,Kubernetes
AI04257,MLOps
AI04257,Linux
AI04257,SQL
AI04257,TensorFlow
AI04257,Computer Vision
AI04258,AWS
AI04258,Mathematics
AI04258,Data Visualization
AI04259,Scala
AI04259,NLP
AI04259,SQL
AI04260,Linux
AI04260,Hadoop
AI04260,MLOps
AI04260,PyTorch
AI04260,Java
AI04261,Python
AI04261,Scala
AI04261,Git
AI04262,Computer Vision
AI04262,TensorFlow
AI04262,Git
AI04262,Docker
AI04262,NLP
AI04263,PyTorch
AI04263,NLP
AI04263,Tableau
AI04263,Hadoop
AI04264,Python
AI04264,Spark
AI04264,Linux
AI04264,NLP
AI04265,MLOps
AI04265,PyTorch
AI04265,Azure
AI04265,Hadoop
AI04266,Java
AI04266,Docker
AI04266,Azure
AI04266,R
AI04267,Kubernetes
AI04267,Statistics
AI04267,Python
AI04267,GCP
AI04267,Spark
AI04268,R
AI04268,NLP
AI04268,SQL
AI04269,Java
AI04269,Hadoop
AI04269,Scala
AI04270,Linux
AI04270,Data Visualization
AI04270,NLP
AI04270,GCP
AI04270,Docker
AI04271,GCP
AI04271,Git
AI04271,R
AI04272,AWS
AI04272,Python
AI04272,Tableau
AI04272,Data Visualization
AI04272,Mathematics
AI04273,Scala
AI04273,Linux
AI04273,MLOps
AI04274,PyTorch
AI04274,TensorFlow
AI04274,Kubernetes
AI04274,Computer Vision
AI04275,Python
AI04275,NLP
AI04275,R
AI04276,Java
AI04276,Python
AI04276,Spark
AI04276,Azure
AI04276,Computer Vision
AI04277,MLOps
AI04277,GCP
AI04277,Linux
AI04277,Python
AI04277,Docker
AI04278,SQL
AI04278,Scala
AI04278,Git
AI04278,Azure
AI04278,Spark
AI04279,Java
AI04279,Kubernetes
AI04279,Data Visualization
AI04279,GCP
AI04280,Spark
AI04280,Java
AI04280,Tableau
AI04280,Deep Learning
AI04280,R
AI04281,PyTorch
AI04281,Deep Learning
AI04281,R
AI04281,Computer Vision
AI04281,GCP
AI04282,MLOps
AI04282,PyTorch
AI04282,Hadoop
AI04282,Mathematics
AI04283,Kubernetes
AI04283,Scala
AI04283,Data Visualization
AI04283,Hadoop
AI04283,Mathematics
AI04284,Statistics
AI04284,Tableau
AI04284,AWS
AI04285,Tableau
AI04285,Git
AI04285,Python
AI04286,Azure
AI04286,Git
AI04286,Kubernetes
AI04286,MLOps
AI04286,SQL
AI04287,NLP
AI04287,Git
AI04287,Docker
AI04287,SQL
AI04288,Hadoop
AI04288,PyTorch
AI04288,NLP
AI04288,Computer Vision
AI04289,Python
AI04289,Tableau
AI04289,GCP
AI04290,Spark
AI04290,Java
AI04290,Python
AI04290,TensorFlow
AI04290,Statistics
AI04291,SQL
AI04291,Computer Vision
AI04291,MLOps
AI04291,PyTorch
AI04291,Data Visualization
AI04292,Data Visualization
AI04292,Deep Learning
AI04292,SQL
AI04293,PyTorch
AI04293,Python
AI04293,Hadoop
AI04293,Java
AI04294,Kubernetes
AI04294,Computer Vision
AI04294,Azure
AI04294,GCP
AI04294,Python
AI04295,Git
AI04295,Kubernetes
AI04295,MLOps
AI04296,Deep Learning
AI04296,PyTorch
AI04296,Kubernetes
AI04296,Azure
AI04296,Mathematics
AI04297,Python
AI04297,Computer Vision
AI04297,PyTorch
AI04297,GCP
AI04297,Mathematics
AI04298,TensorFlow
AI04298,Python
AI04298,Statistics
AI04298,Deep Learning
AI04298,R
AI04299,PyTorch
AI04299,Linux
AI04299,Computer Vision
AI04299,GCP
AI04299,Data Visualization
AI04300,Java
AI04300,R
AI04300,Tableau
AI04300,Kubernetes
AI04300,Spark
AI04301,Java
AI04301,PyTorch
AI04301,NLP
AI04302,TensorFlow
AI04302,Python
AI04302,PyTorch
AI04302,Azure
AI04302,AWS
AI04303,Tableau
AI04303,SQL
AI04303,Linux
AI04304,MLOps
AI04304,Tableau
AI04304,Azure
AI04304,Linux
AI04304,Python
AI04305,Python
AI04305,TensorFlow
AI04305,Data Visualization
AI04305,PyTorch
AI04306,Scala
AI04306,Deep Learning
AI04306,MLOps
AI04306,Computer Vision
AI04307,Linux
AI04307,GCP
AI04307,PyTorch
AI04308,Java
AI04308,PyTorch
AI04308,Azure
AI04308,Deep Learning
AI04308,Git
AI04309,Kubernetes
AI04309,Azure
AI04309,NLP
AI04310,Python
AI04310,Linux
AI04310,TensorFlow
AI04310,MLOps
AI04311,Python
AI04311,Mathematics
AI04311,AWS
AI04311,Computer Vision
AI04311,Statistics
AI04312,R
AI04312,Scala
AI04312,Computer Vision
AI04312,Hadoop
AI04313,Tableau
AI04313,Azure
AI04313,Kubernetes
AI04313,NLP
AI04314,Statistics
AI04314,SQL
AI04314,AWS
AI04314,MLOps
AI04314,R
AI04315,Kubernetes
AI04315,Linux
AI04315,Mathematics
AI04316,Tableau
AI04316,Data Visualization
AI04316,Scala
AI04316,Hadoop
AI04316,NLP
AI04317,PyTorch
AI04317,Python
AI04317,Scala
AI04317,Git
AI04318,TensorFlow
AI04318,Linux
AI04318,Spark
AI04318,Git
AI04319,Azure
AI04319,R
AI04319,Kubernetes
AI04319,Mathematics
AI04320,Tableau
AI04320,GCP
AI04320,Spark
AI04321,TensorFlow
AI04321,Python
AI04321,Tableau
AI04321,SQL
AI04321,Mathematics
AI04322,NLP
AI04322,Azure
AI04322,GCP
AI04322,Java
AI04322,Tableau
AI04323,Statistics
AI04323,SQL
AI04323,Scala
AI04323,R
AI04323,Data Visualization
AI04324,Scala
AI04324,Computer Vision
AI04324,Data Visualization
AI04325,Tableau
AI04325,Python
AI04325,NLP
AI04325,Kubernetes
AI04326,Kubernetes
AI04326,TensorFlow
AI04326,Tableau
AI04326,Linux
AI04327,TensorFlow
AI04327,PyTorch
AI04327,Docker
AI04327,Scala
AI04328,Deep Learning
AI04328,Linux
AI04328,GCP
AI04329,Linux
AI04329,PyTorch
AI04329,Statistics
AI04329,Mathematics
AI04329,R
AI04330,PyTorch
AI04330,TensorFlow
AI04330,Linux
AI04330,Azure
AI04330,Python
AI04331,Java
AI04331,Kubernetes
AI04331,Tableau
AI04331,Azure
AI04331,Statistics
AI04332,Java
AI04332,Mathematics
AI04332,Hadoop
AI04332,AWS
AI04332,Git
AI04333,Scala
AI04333,PyTorch
AI04333,AWS
AI04334,Kubernetes
AI04334,Python
AI04334,Statistics
AI04334,Data Visualization
AI04334,PyTorch
AI04335,R
AI04335,Java
AI04335,AWS
AI04335,Python
AI04335,Computer Vision
AI04336,TensorFlow
AI04336,Hadoop
AI04336,Statistics
AI04336,Python
AI04337,Java
AI04337,Mathematics
AI04337,NLP
AI04338,TensorFlow
AI04338,Python
AI04338,Data Visualization
AI04338,Java
AI04339,Python
AI04339,Linux
AI04339,Computer Vision
AI04339,SQL
AI04339,GCP
AI04340,Hadoop
AI04340,Kubernetes
AI04340,Linux
AI04340,Python
AI04341,AWS
AI04341,Tableau
AI04341,Java
AI04342,Statistics
AI04342,SQL
AI04342,TensorFlow
AI04342,Kubernetes
AI04342,Deep Learning
AI04343,Data Visualization
AI04343,Scala
AI04343,SQL
AI04343,Computer Vision
AI04344,Hadoop
AI04344,Python
AI04344,Azure
AI04344,Statistics
AI04345,Kubernetes
AI04345,Azure
AI04345,Docker
AI04345,Computer Vision
AI04346,MLOps
AI04346,Data Visualization
AI04346,Java
AI04347,SQL
AI04347,Linux
AI04347,Statistics
AI04347,AWS
AI04348,Deep Learning
AI04348,Azure
AI04348,MLOps
AI04349,Python
AI04349,Hadoop
AI04349,MLOps
AI04350,Spark
AI04350,Kubernetes
AI04350,Statistics
AI04350,Tableau
AI04350,R
AI04351,Python
AI04351,GCP
AI04351,Spark
AI04352,Python
AI04352,Linux
AI04352,Data Visualization
AI04352,Scala
AI04353,Python
AI04353,Statistics
AI04353,Deep Learning
AI04353,TensorFlow
AI04354,R
AI04354,SQL
AI04354,Java
AI04354,AWS
AI04355,Data Visualization
AI04355,Python
AI04355,Tableau
AI04355,Linux
AI04355,GCP
AI04356,SQL
AI04356,Git
AI04356,Scala
AI04356,R
AI04356,Java
AI04357,Data Visualization
AI04357,Computer Vision
AI04357,Tableau
AI04357,Linux
AI04357,AWS
AI04358,Git
AI04358,Spark
AI04358,TensorFlow
AI04358,Kubernetes
AI04359,Spark
AI04359,SQL
AI04359,Computer Vision
AI04359,GCP
AI04360,NLP
AI04360,Data Visualization
AI04360,Tableau
AI04361,Git
AI04361,Azure
AI04361,Data Visualization
AI04361,Python
AI04361,TensorFlow
AI04362,Docker
AI04362,Python
AI04362,Spark
AI04363,GCP
AI04363,AWS
AI04363,Spark
AI04363,SQL
AI04364,SQL
AI04364,Spark
AI04364,NLP
AI04364,Deep Learning
AI04365,MLOps
AI04365,Scala
AI04365,Spark
AI04365,SQL
AI04365,TensorFlow
AI04366,Spark
AI04366,Python
AI04366,Scala
AI04367,SQL
AI04367,Deep Learning
AI04367,AWS
AI04367,Computer Vision
AI04368,MLOps
AI04368,Hadoop
AI04368,Python
AI04368,Computer Vision
AI04368,Scala
AI04369,TensorFlow
AI04369,Git
AI04369,Spark
AI04369,Python
AI04370,Data Visualization
AI04370,NLP
AI04370,Deep Learning
AI04370,Git
AI04371,Git
AI04371,Kubernetes
AI04371,Tableau
AI04372,SQL
AI04372,Statistics
AI04372,Hadoop
AI04372,Scala
AI04372,PyTorch
AI04373,Git
AI04373,Scala
AI04373,Mathematics
AI04373,Python
AI04373,GCP
AI04374,Spark
AI04374,Kubernetes
AI04374,NLP
AI04375,Scala
AI04375,Python
AI04375,Hadoop
AI04375,MLOps
AI04375,TensorFlow
AI04376,SQL
AI04376,Spark
AI04376,Java
AI04376,Python
AI04377,Kubernetes
AI04377,Deep Learning
AI04377,Tableau
AI04377,Scala
AI04377,NLP
AI04378,Computer Vision
AI04378,SQL
AI04378,Data Visualization
AI04378,Tableau
AI04378,Scala
AI04379,Scala
AI04379,PyTorch
AI04379,Mathematics
AI04379,Deep Learning
AI04379,Spark
AI04380,SQL
AI04380,Scala
AI04380,Data Visualization
AI04380,Linux
AI04380,GCP
AI04381,Python
AI04381,TensorFlow
AI04381,AWS
AI04381,GCP
AI04381,PyTorch
AI04382,Python
AI04382,Kubernetes
AI04382,Linux
AI04382,TensorFlow
AI04383,R
AI04383,Python
AI04383,Statistics
AI04384,Hadoop
AI04384,R
AI04384,Git
AI04385,GCP
AI04385,Statistics
AI04385,Kubernetes
AI04386,Mathematics
AI04386,Tableau
AI04386,Scala
AI04386,Data Visualization
AI04386,MLOps
AI04387,Linux
AI04387,Python
AI04387,Tableau
AI04387,TensorFlow
AI04388,Scala
AI04388,SQL
AI04388,R
AI04389,NLP
AI04389,Linux
AI04389,SQL
AI04389,AWS
AI04389,Mathematics
AI04390,Scala
AI04390,AWS
AI04390,Java
AI04390,Hadoop
AI04391,Kubernetes
AI04391,GCP
AI04391,Computer Vision
AI04391,MLOps
AI04391,Scala
AI04392,Kubernetes
AI04392,Deep Learning
AI04392,R
AI04392,MLOps
AI04393,R
AI04393,Java
AI04393,Deep Learning
AI04393,SQL
AI04393,Tableau
AI04394,Hadoop
AI04394,Linux
AI04394,R
AI04395,Hadoop
AI04395,Kubernetes
AI04395,SQL
AI04396,NLP
AI04396,Kubernetes
AI04396,Python
AI04397,Scala
AI04397,GCP
AI04397,Spark
AI04397,Deep Learning
AI04398,Spark
AI04398,Deep Learning
AI04398,Scala
AI04399,TensorFlow
AI04399,Kubernetes
AI04399,Mathematics
AI04400,Kubernetes
AI04400,Linux
AI04400,Python
AI04401,Kubernetes
AI04401,Tableau
AI04401,Linux
AI04401,Java
AI04401,MLOps
AI04402,Python
AI04402,Deep Learning
AI04402,Git
AI04402,MLOps
AI04402,NLP
AI04403,Scala
AI04403,MLOps
AI04403,SQL
AI04403,GCP
AI04403,AWS
AI04404,TensorFlow
AI04404,Hadoop
AI04404,Kubernetes
AI04405,Python
AI04405,TensorFlow
AI04405,MLOps
AI04405,Mathematics
AI04406,Python
AI04406,Scala
AI04406,R
AI04407,PyTorch
AI04407,Java
AI04407,Hadoop
AI04407,Scala
AI04408,Statistics
AI04408,Java
AI04408,GCP
AI04408,Mathematics
AI04409,TensorFlow
AI04409,Spark
AI04409,Git
AI04410,R
AI04410,Python
AI04410,Git
AI04411,Kubernetes
AI04411,Scala
AI04411,Azure
AI04411,Hadoop
AI04412,Docker
AI04412,Spark
AI04412,Azure
AI04413,Azure
AI04413,MLOps
AI04413,Kubernetes
AI04413,Deep Learning
AI04414,SQL
AI04414,GCP
AI04414,PyTorch
AI04415,Spark
AI04415,Tableau
AI04415,Linux
AI04415,Deep Learning
AI04415,Mathematics
AI04416,Java
AI04416,AWS
AI04416,MLOps
AI04416,SQL
AI04417,Tableau
AI04417,Mathematics
AI04417,Python
AI04417,NLP
AI04417,Computer Vision
AI04418,Deep Learning
AI04418,Scala
AI04418,Computer Vision
AI04418,AWS
AI04418,GCP
AI04419,SQL
AI04419,PyTorch
AI04419,GCP
AI04420,R
AI04420,Mathematics
AI04420,Deep Learning
AI04420,Git
AI04421,R
AI04421,Docker
AI04421,MLOps
AI04421,Hadoop
AI04422,PyTorch
AI04422,Spark
AI04422,Tableau
AI04423,Azure
AI04423,Python
AI04423,Computer Vision
AI04424,R
AI04424,TensorFlow
AI04424,Spark
AI04424,Deep Learning
AI04425,Azure
AI04425,Python
AI04425,Deep Learning
AI04426,Java
AI04426,SQL
AI04426,GCP
AI04426,AWS
AI04427,R
AI04427,Hadoop
AI04427,NLP
AI04427,Deep Learning
AI04427,Kubernetes
AI04428,Data Visualization
AI04428,R
AI04428,Kubernetes
AI04428,Azure
AI04428,Tableau
AI04429,PyTorch
AI04429,Computer Vision
AI04429,Linux
AI04429,Python
AI04430,Docker
AI04430,PyTorch
AI04430,GCP
AI04430,SQL
AI04431,Python
AI04431,SQL
AI04431,Tableau
AI04431,Git
AI04431,Data Visualization
AI04432,Java
AI04432,R
AI04432,AWS
AI04432,Statistics
AI04433,Deep Learning
AI04433,NLP
AI04433,Spark
AI04434,R
AI04434,Computer Vision
AI04434,NLP
AI04435,Mathematics
AI04435,Java
AI04435,Statistics
AI04435,R
AI04435,Data Visualization
AI04436,Linux
AI04436,Scala
AI04436,Deep Learning
AI04436,Mathematics
AI04436,Docker
AI04437,Linux
AI04437,SQL
AI04437,Kubernetes
AI04438,Tableau
AI04438,Kubernetes
AI04438,Git
AI04438,TensorFlow
AI04438,NLP
AI04439,NLP
AI04439,Computer Vision
AI04439,MLOps
AI04440,SQL
AI04440,MLOps
AI04440,PyTorch
AI04441,SQL
AI04441,Git
AI04441,PyTorch
AI04442,Statistics
AI04442,Kubernetes
AI04442,R
AI04442,Computer Vision
AI04443,Python
AI04443,R
AI04443,Git
AI04443,Azure
AI04444,Java
AI04444,R
AI04444,Mathematics
AI04445,Computer Vision
AI04445,Scala
AI04445,Linux
AI04445,PyTorch
AI04445,Statistics
AI04446,GCP
AI04446,Linux
AI04446,Scala
AI04446,Tableau
AI04446,TensorFlow
AI04447,R
AI04447,Git
AI04447,Kubernetes
AI04448,TensorFlow
AI04448,Git
AI04448,Java
AI04448,Azure
AI04449,Python
AI04449,TensorFlow
AI04449,Java
AI04449,Statistics
AI04449,Mathematics
AI04450,Hadoop
AI04450,R
AI04450,Python
AI04450,PyTorch
AI04450,AWS
AI04451,Mathematics
AI04451,Git
AI04451,Java
AI04451,Data Visualization
AI04451,Linux
AI04452,Hadoop
AI04452,Linux
AI04452,NLP
AI04452,Deep Learning
AI04452,PyTorch
AI04453,Spark
AI04453,MLOps
AI04453,Python
AI04453,Mathematics
AI04454,Python
AI04454,Linux
AI04454,TensorFlow
AI04455,PyTorch
AI04455,SQL
AI04455,R
AI04455,Scala
AI04455,GCP
AI04456,Computer Vision
AI04456,Scala
AI04456,Hadoop
AI04456,SQL
AI04457,Statistics
AI04457,Hadoop
AI04457,Python
AI04457,Computer Vision
AI04458,Spark
AI04458,Docker
AI04458,SQL
AI04459,Python
AI04459,Git
AI04459,Mathematics
AI04459,TensorFlow
AI04460,NLP
AI04460,Git
AI04460,Spark
AI04460,Scala
AI04460,Python
AI04461,Mathematics
AI04461,Java
AI04461,NLP
AI04461,PyTorch
AI04461,AWS
AI04462,Kubernetes
AI04462,Git
AI04462,Tableau
AI04462,Java
AI04463,Deep Learning
AI04463,Tableau
AI04463,AWS
AI04463,TensorFlow
AI04464,Python
AI04464,Tableau
AI04464,SQL
AI04465,Git
AI04465,Docker
AI04465,Tableau
AI04465,Statistics
AI04466,TensorFlow
AI04466,AWS
AI04466,PyTorch
AI04466,Kubernetes
AI04466,Deep Learning
AI04467,SQL
AI04467,Java
AI04467,Deep Learning
AI04467,Scala
AI04467,Git
AI04468,Data Visualization
AI04468,R
AI04468,Docker
AI04468,NLP
AI04469,Docker
AI04469,Scala
AI04469,Hadoop
AI04469,Data Visualization
AI04470,PyTorch
AI04470,Azure
AI04470,GCP
AI04470,MLOps
AI04470,NLP
AI04471,Hadoop
AI04471,Python
AI04471,Mathematics
AI04471,Deep Learning
AI04471,Statistics
AI04472,Azure
AI04472,R
AI04472,MLOps
AI04472,Linux
AI04473,Mathematics
AI04473,SQL
AI04473,NLP
AI04473,Java
AI04473,PyTorch
AI04474,Hadoop
AI04474,Python
AI04474,Data Visualization
AI04474,Scala
AI04475,Git
AI04475,SQL
AI04475,NLP
AI04476,Kubernetes
AI04476,PyTorch
AI04476,NLP
AI04476,R
AI04476,Azure
AI04477,MLOps
AI04477,Data Visualization
AI04477,Spark
AI04478,TensorFlow
AI04478,R
AI04478,GCP
AI04478,Java
AI04479,Deep Learning
AI04479,R
AI04479,Docker
AI04479,AWS
AI04480,Tableau
AI04480,Python
AI04480,Java
AI04480,Deep Learning
AI04480,GCP
AI04481,Git
AI04481,PyTorch
AI04481,Mathematics
AI04482,SQL
AI04482,Java
AI04482,Spark
AI04483,Kubernetes
AI04483,Statistics
AI04483,Python
AI04483,TensorFlow
AI04483,Docker
AI04484,Mathematics
AI04484,Statistics
AI04484,Python
AI04484,GCP
AI04484,Java
AI04485,Scala
AI04485,Spark
AI04485,Python
AI04485,TensorFlow
AI04485,R
AI04486,Python
AI04486,Kubernetes
AI04486,Hadoop
AI04487,Scala
AI04487,Deep Learning
AI04487,SQL
AI04488,SQL
AI04488,NLP
AI04488,Azure
AI04489,Python
AI04489,Scala
AI04489,Deep Learning
AI04489,GCP
AI04489,Spark
AI04490,R
AI04490,GCP
AI04490,Scala
AI04490,Hadoop
AI04491,TensorFlow
AI04491,NLP
AI04491,Tableau
AI04492,Java
AI04492,Computer Vision
AI04492,Linux
AI04492,Deep Learning
AI04493,PyTorch
AI04493,Linux
AI04493,NLP
AI04493,Data Visualization
AI04494,Python
AI04494,Spark
AI04494,Linux
AI04494,Scala
AI04494,SQL
AI04495,Kubernetes
AI04495,Azure
AI04495,Python
AI04495,GCP
AI04496,SQL
AI04496,MLOps
AI04496,Scala
AI04496,Azure
AI04497,PyTorch
AI04497,Java
AI04497,TensorFlow
AI04498,SQL
AI04498,PyTorch
AI04498,Statistics
AI04498,AWS
AI04499,Python
AI04499,Kubernetes
AI04499,Docker
AI04499,SQL
AI04500,Azure
AI04500,Tableau
AI04500,Git
AI04500,R
AI04500,Linux
AI04501,Kubernetes
AI04501,Mathematics
AI04501,Statistics
AI04501,Java
AI04501,Hadoop
AI04502,Computer Vision
AI04502,Python
AI04502,Data Visualization
AI04502,Deep Learning
AI04503,AWS
AI04503,Hadoop
AI04503,Linux
AI04503,Spark
AI04504,Scala
AI04504,Data Visualization
AI04504,Kubernetes
AI04504,Docker
AI04505,MLOps
AI04505,Spark
AI04505,Data Visualization
AI04505,Scala
AI04506,SQL
AI04506,MLOps
AI04506,Spark
AI04506,Deep Learning
AI04506,AWS
AI04507,Mathematics
AI04507,R
AI04507,Scala
AI04508,NLP
AI04508,Kubernetes
AI04508,Data Visualization
AI04508,MLOps
AI04509,Mathematics
AI04509,AWS
AI04509,MLOps
AI04509,TensorFlow
AI04510,Java
AI04510,Kubernetes
AI04510,Computer Vision
AI04510,Data Visualization
AI04510,AWS
AI04511,Java
AI04511,Computer Vision
AI04511,TensorFlow
AI04511,Kubernetes
AI04511,R
AI04512,NLP
AI04512,Git
AI04512,Kubernetes
AI04513,Git
AI04513,Computer Vision
AI04513,MLOps
AI04513,Kubernetes
AI04513,Statistics
AI04514,SQL
AI04514,NLP
AI04514,Kubernetes
AI04514,Linux
AI04515,NLP
AI04515,Data Visualization
AI04515,Scala
AI04515,MLOps
AI04516,Statistics
AI04516,TensorFlow
AI04516,SQL
AI04516,Computer Vision
AI04517,Hadoop
AI04517,Spark
AI04517,NLP
AI04518,Deep Learning
AI04518,MLOps
AI04518,Data Visualization
AI04518,Azure
AI04518,SQL
AI04519,Python
AI04519,Spark
AI04519,Git
AI04520,NLP
AI04520,TensorFlow
AI04520,MLOps
AI04521,Mathematics
AI04521,Python
AI04521,Deep Learning
AI04521,Linux
AI04522,AWS
AI04522,GCP
AI04522,Spark
AI04523,TensorFlow
AI04523,Computer Vision
AI04523,SQL
AI04523,Data Visualization
AI04524,Scala
AI04524,GCP
AI04524,Hadoop
AI04525,MLOps
AI04525,Python
AI04525,Spark
AI04526,Git
AI04526,Java
AI04526,R
AI04526,AWS
AI04527,Linux
AI04527,Data Visualization
AI04527,AWS
AI04527,Python
AI04528,Statistics
AI04528,Python
AI04528,Scala
AI04528,Kubernetes
AI04529,Azure
AI04529,Hadoop
AI04529,Scala
AI04530,Python
AI04530,R
AI04530,Tableau
AI04531,Java
AI04531,Python
AI04531,Git
AI04531,Computer Vision
AI04531,Scala
AI04532,Git
AI04532,GCP
AI04532,NLP
AI04533,Azure
AI04533,NLP
AI04533,Git
AI04533,Deep Learning
AI04534,Azure
AI04534,Kubernetes
AI04534,Computer Vision
AI04534,Python
AI04534,Java
AI04535,Docker
AI04535,Scala
AI04535,NLP
AI04536,MLOps
AI04536,Linux
AI04536,TensorFlow
AI04536,NLP
AI04536,AWS
AI04537,GCP
AI04537,Mathematics
AI04537,NLP
AI04538,NLP
AI04538,Kubernetes
AI04538,Data Visualization
AI04538,MLOps
AI04539,NLP
AI04539,Java
AI04539,AWS
AI04540,Hadoop
AI04540,Mathematics
AI04540,Python
AI04541,SQL
AI04541,PyTorch
AI04541,Docker
AI04541,AWS
AI04541,Data Visualization
AI04542,Deep Learning
AI04542,Hadoop
AI04542,MLOps
AI04542,PyTorch
AI04542,Azure
AI04543,Tableau
AI04543,AWS
AI04543,Azure
AI04543,Spark
AI04544,TensorFlow
AI04544,R
AI04544,Python
AI04544,Deep Learning
AI04545,Linux
AI04545,SQL
AI04545,Tableau
AI04545,TensorFlow
AI04545,PyTorch
AI04546,AWS
AI04546,Scala
AI04546,GCP
AI04546,Computer Vision
AI04547,Hadoop
AI04547,AWS
AI04547,TensorFlow
AI04547,Linux
AI04547,Python
AI04548,AWS
AI04548,PyTorch
AI04548,GCP
AI04549,Spark
AI04549,Linux
AI04549,TensorFlow
AI04549,Git
AI04550,R
AI04550,Python
AI04550,Mathematics
AI04550,Azure
AI04550,Docker
AI04551,SQL
AI04551,Spark
AI04551,R
AI04552,NLP
AI04552,Linux
AI04552,Deep Learning
AI04553,AWS
AI04553,Python
AI04553,Azure
AI04553,Scala
AI04554,SQL
AI04554,Azure
AI04554,Tableau
AI04555,R
AI04555,Spark
AI04555,Statistics
AI04556,Computer Vision
AI04556,GCP
AI04556,Tableau
AI04556,Scala
AI04556,Deep Learning
AI04557,R
AI04557,Kubernetes
AI04557,Statistics
AI04557,Git
AI04558,SQL
AI04558,Kubernetes
AI04558,Python
AI04559,PyTorch
AI04559,R
AI04559,AWS
AI04559,Statistics
AI04560,Linux
AI04560,R
AI04560,MLOps
AI04560,Java
AI04561,Linux
AI04561,Git
AI04561,Mathematics
AI04561,NLP
AI04562,Docker
AI04562,Mathematics
AI04562,Data Visualization
AI04562,Java
AI04562,NLP
AI04563,AWS
AI04563,Deep Learning
AI04563,Java
AI04563,Python
AI04564,PyTorch
AI04564,Mathematics
AI04564,NLP
AI04565,SQL
AI04565,Kubernetes
AI04565,Statistics
AI04565,Hadoop
AI04566,Kubernetes
AI04566,Linux
AI04566,R
AI04566,MLOps
AI04567,Mathematics
AI04567,MLOps
AI04567,Python
AI04567,Kubernetes
AI04568,Spark
AI04568,Kubernetes
AI04568,Git
AI04569,Scala
AI04569,Linux
AI04569,Data Visualization
AI04569,SQL
AI04570,NLP
AI04570,AWS
AI04570,Spark
AI04570,PyTorch
AI04571,Spark
AI04571,Data Visualization
AI04571,PyTorch
AI04571,SQL
AI04571,R
AI04572,R
AI04572,NLP
AI04572,Tableau
AI04572,Data Visualization
AI04573,Spark
AI04573,Git
AI04573,Scala
AI04573,TensorFlow
AI04573,Linux
AI04574,Python
AI04574,R
AI04574,Computer Vision
AI04575,Mathematics
AI04575,SQL
AI04575,Java
AI04575,Git
AI04576,TensorFlow
AI04576,SQL
AI04576,Azure
AI04576,Git
AI04576,MLOps
AI04577,GCP
AI04577,Git
AI04577,TensorFlow
AI04577,Scala
AI04578,Docker
AI04578,GCP
AI04578,MLOps
AI04578,Statistics
AI04578,Mathematics
AI04579,Java
AI04579,Mathematics
AI04579,Computer Vision
AI04579,Kubernetes
AI04580,Git
AI04580,GCP
AI04580,Tableau
AI04580,Statistics
AI04581,Git
AI04581,Azure
AI04581,Mathematics
AI04581,TensorFlow
AI04582,Hadoop
AI04582,GCP
AI04582,R
AI04582,TensorFlow
AI04582,Git
AI04583,Linux
AI04583,Git
AI04583,Deep Learning
AI04584,Data Visualization
AI04584,SQL
AI04584,Deep Learning
AI04585,Deep Learning
AI04585,Hadoop
AI04585,SQL
AI04585,TensorFlow
AI04585,Mathematics
AI04586,Python
AI04586,Scala
AI04586,TensorFlow
AI04586,Tableau
AI04587,NLP
AI04587,Mathematics
AI04587,Python
AI04588,AWS
AI04588,Git
AI04588,TensorFlow
AI04588,Java
AI04588,SQL
AI04589,Python
AI04589,Kubernetes
AI04589,TensorFlow
AI04590,MLOps
AI04590,Kubernetes
AI04590,AWS
AI04590,Computer Vision
AI04590,Data Visualization
AI04591,Scala
AI04591,R
AI04591,Kubernetes
AI04592,Tableau
AI04592,Scala
AI04592,PyTorch
AI04592,MLOps
AI04593,MLOps
AI04593,Spark
AI04593,Hadoop
AI04593,Linux
AI04594,Python
AI04594,TensorFlow
AI04594,GCP
AI04594,Statistics
AI04594,Scala
AI04595,GCP
AI04595,Data Visualization
AI04595,Linux
AI04595,NLP
AI04596,Java
AI04596,Kubernetes
AI04596,Mathematics
AI04596,R
AI04596,Docker
AI04597,Hadoop
AI04597,R
AI04597,Python
AI04597,NLP
AI04597,Linux
AI04598,Java
AI04598,Azure
AI04598,Tableau
AI04599,Java
AI04599,AWS
AI04599,Python
AI04599,Statistics
AI04600,GCP
AI04600,SQL
AI04600,Hadoop
AI04600,Spark
AI04601,Java
AI04601,Computer Vision
AI04601,Docker
AI04602,PyTorch
AI04602,Git
AI04602,Deep Learning
AI04603,Azure
AI04603,Python
AI04603,Scala
AI04603,Git
AI04603,TensorFlow
AI04604,Spark
AI04604,Computer Vision
AI04604,Java
AI04604,R
AI04605,R
AI04605,Linux
AI04605,Hadoop
AI04606,Deep Learning
AI04606,GCP
AI04606,Data Visualization
AI04607,Data Visualization
AI04607,R
AI04607,Scala
AI04607,Docker
AI04608,SQL
AI04608,Python
AI04608,Git
AI04608,Deep Learning
AI04608,Statistics
AI04609,SQL
AI04609,Kubernetes
AI04609,Data Visualization
AI04610,SQL
AI04610,Computer Vision
AI04610,Java
AI04610,Statistics
AI04611,Hadoop
AI04611,GCP
AI04611,Deep Learning
AI04611,Docker
AI04611,Git
AI04612,Data Visualization
AI04612,Mathematics
AI04612,Hadoop
AI04612,Spark
AI04613,PyTorch
AI04613,TensorFlow
AI04613,AWS
AI04613,SQL
AI04613,Deep Learning
AI04614,Hadoop
AI04614,TensorFlow
AI04614,NLP
AI04614,Mathematics
AI04615,SQL
AI04615,Mathematics
AI04615,Tableau
AI04615,Linux
AI04616,Azure
AI04616,Kubernetes
AI04616,Scala
AI04617,Azure
AI04617,Computer Vision
AI04617,Tableau
AI04617,Kubernetes
AI04618,Scala
AI04618,Java
AI04618,Computer Vision
AI04618,R
AI04619,PyTorch
AI04619,AWS
AI04619,Spark
AI04620,Kubernetes
AI04620,TensorFlow
AI04620,Git
AI04620,Azure
AI04620,AWS
AI04621,GCP
AI04621,Mathematics
AI04621,Scala
AI04622,Data Visualization
AI04622,SQL
AI04622,Tableau
AI04622,Kubernetes
AI04622,Docker
AI04623,Kubernetes
AI04623,NLP
AI04623,MLOps
AI04623,Linux
AI04624,Python
AI04624,Azure
AI04624,Data Visualization
AI04625,Hadoop
AI04625,PyTorch
AI04625,Scala
AI04625,Azure
AI04626,Java
AI04626,PyTorch
AI04626,TensorFlow
AI04627,Scala
AI04627,Python
AI04627,PyTorch
AI04627,Tableau
AI04628,NLP
AI04628,Kubernetes
AI04628,Statistics
AI04628,Java
AI04629,SQL
AI04629,Git
AI04629,Java
AI04629,Statistics
AI04629,Computer Vision
AI04630,GCP
AI04630,TensorFlow
AI04630,Statistics
AI04630,MLOps
AI04630,Git
AI04631,Azure
AI04631,Scala
AI04631,Tableau
AI04632,AWS
AI04632,R
AI04632,MLOps
AI04633,AWS
AI04633,TensorFlow
AI04633,Statistics
AI04633,Kubernetes
AI04633,Deep Learning
AI04634,Azure
AI04634,Kubernetes
AI04634,NLP
AI04635,PyTorch
AI04635,TensorFlow
AI04635,R
AI04635,SQL
AI04635,AWS
AI04636,Kubernetes
AI04636,Azure
AI04636,PyTorch
AI04637,Kubernetes
AI04637,MLOps
AI04637,PyTorch
AI04637,SQL
AI04637,TensorFlow
AI04638,Kubernetes
AI04638,PyTorch
AI04638,Spark
AI04639,SQL
AI04639,NLP
AI04639,Deep Learning
AI04639,Python
AI04639,MLOps
AI04640,Python
AI04640,TensorFlow
AI04640,PyTorch
AI04640,Docker
AI04640,SQL
AI04641,Git
AI04641,PyTorch
AI04641,Kubernetes
AI04641,GCP
AI04642,Linux
AI04642,Python
AI04642,Mathematics
AI04643,Scala
AI04643,Linux
AI04643,Tableau
AI04643,Kubernetes
AI04643,Statistics
AI04644,Git
AI04644,Kubernetes
AI04644,Azure
AI04644,Scala
AI04645,AWS
AI04645,Tableau
AI04645,Docker
AI04646,Python
AI04646,Mathematics
AI04646,Azure
AI04646,GCP
AI04647,TensorFlow
AI04647,Java
AI04647,Azure
AI04647,GCP
AI04648,MLOps
AI04648,Scala
AI04648,Tableau
AI04648,Docker
AI04649,Kubernetes
AI04649,Deep Learning
AI04649,Tableau
AI04650,Python
AI04650,Spark
AI04650,Scala
AI04651,Python
AI04651,TensorFlow
AI04651,Kubernetes
AI04651,Docker
AI04651,Spark
AI04652,PyTorch
AI04652,MLOps
AI04652,Kubernetes
AI04652,Azure
AI04652,Statistics
AI04653,TensorFlow
AI04653,Java
AI04653,Python
AI04654,Java
AI04654,Kubernetes
AI04654,Scala
AI04655,Scala
AI04655,Data Visualization
AI04655,SQL
AI04655,NLP
AI04656,SQL
AI04656,Mathematics
AI04656,PyTorch
AI04656,Computer Vision
AI04657,Git
AI04657,Spark
AI04657,SQL
AI04658,Scala
AI04658,TensorFlow
AI04658,Tableau
AI04658,SQL
AI04659,Linux
AI04659,Python
AI04659,Tableau
AI04660,Computer Vision
AI04660,SQL
AI04660,GCP
AI04660,Spark
AI04660,Java
AI04661,MLOps
AI04661,NLP
AI04661,Docker
AI04662,Statistics
AI04662,Scala
AI04662,AWS
AI04662,Data Visualization
AI04662,Computer Vision
AI04663,Linux
AI04663,Data Visualization
AI04663,Python
AI04664,GCP
AI04664,PyTorch
AI04664,Kubernetes
AI04664,Git
AI04664,Mathematics
AI04665,NLP
AI04665,Azure
AI04665,Tableau
AI04665,Computer Vision
AI04665,Linux
AI04666,GCP
AI04666,Deep Learning
AI04666,Python
AI04666,TensorFlow
AI04667,Mathematics
AI04667,Git
AI04667,GCP
AI04667,Statistics
AI04667,Linux
AI04668,AWS
AI04668,TensorFlow
AI04668,Statistics
AI04669,PyTorch
AI04669,Python
AI04669,MLOps
AI04669,Statistics
AI04670,Kubernetes
AI04670,SQL
AI04670,Java
AI04670,PyTorch
AI04671,Hadoop
AI04671,Spark
AI04671,Linux
AI04672,Spark
AI04672,SQL
AI04672,TensorFlow
AI04672,Docker
AI04673,GCP
AI04673,Git
AI04673,NLP
AI04673,Computer Vision
AI04673,Python
AI04674,Java
AI04674,Kubernetes
AI04674,Mathematics
AI04675,R
AI04675,Tableau
AI04675,Azure
AI04676,Java
AI04676,Kubernetes
AI04676,Spark
AI04677,Data Visualization
AI04677,Linux
AI04677,Git
AI04677,PyTorch
AI04677,Java
AI04678,PyTorch
AI04678,Java
AI04678,Linux
AI04678,Docker
AI04678,Data Visualization
AI04679,Linux
AI04679,TensorFlow
AI04679,Spark
AI04679,Docker
AI04680,Statistics
AI04680,NLP
AI04680,PyTorch
AI04681,Computer Vision
AI04681,TensorFlow
AI04681,PyTorch
AI04681,GCP
AI04682,Spark
AI04682,R
AI04682,Docker
AI04682,Deep Learning
AI04683,Mathematics
AI04683,PyTorch
AI04683,MLOps
AI04683,TensorFlow
AI04684,Git
AI04684,Python
AI04684,Data Visualization
AI04684,Tableau
AI04684,TensorFlow
AI04685,Tableau
AI04685,Azure
AI04685,R
AI04685,Data Visualization
AI04686,Kubernetes
AI04686,Python
AI04686,Git
AI04686,Data Visualization
AI04687,Spark
AI04687,NLP
AI04687,Git
AI04687,AWS
AI04688,TensorFlow
AI04688,Git
AI04688,AWS
AI04688,Docker
AI04688,SQL
AI04689,Python
AI04689,TensorFlow
AI04689,Mathematics
AI04690,Python
AI04690,Git
AI04690,Java
AI04690,Scala
AI04691,Azure
AI04691,Spark
AI04691,Git
AI04692,Tableau
AI04692,Python
AI04692,Kubernetes
AI04692,Spark
AI04693,Docker
AI04693,NLP
AI04693,Git
AI04694,Hadoop
AI04694,SQL
AI04694,PyTorch
AI04694,AWS
AI04695,Docker
AI04695,PyTorch
AI04695,Computer Vision
AI04695,Scala
AI04695,Data Visualization
AI04696,Git
AI04696,SQL
AI04696,Docker
AI04697,PyTorch
AI04697,Kubernetes
AI04697,SQL
AI04697,TensorFlow
AI04697,Hadoop
AI04698,GCP
AI04698,Data Visualization
AI04698,Python
AI04698,Linux
AI04698,Docker
AI04699,MLOps
AI04699,Tableau
AI04699,AWS
AI04700,Hadoop
AI04700,Java
AI04700,Python
AI04700,Spark
AI04700,Git
AI04701,Scala
AI04701,Data Visualization
AI04701,Hadoop
AI04701,MLOps
AI04702,Data Visualization
AI04702,Azure
AI04702,Java
AI04702,Docker
AI04703,AWS
AI04703,Kubernetes
AI04703,Computer Vision
AI04703,Tableau
AI04703,R
AI04704,SQL
AI04704,TensorFlow
AI04704,GCP
AI04704,MLOps
AI04704,Linux
AI04705,AWS
AI04705,NLP
AI04705,GCP
AI04705,Kubernetes
AI04706,Kubernetes
AI04706,Hadoop
AI04706,Java
AI04706,Statistics
AI04707,Spark
AI04707,Azure
AI04707,GCP
AI04707,Linux
AI04708,Azure
AI04708,Linux
AI04708,R
AI04709,R
AI04709,Data Visualization
AI04709,GCP
AI04709,SQL
AI04710,GCP
AI04710,Git
AI04710,Tableau
AI04710,Deep Learning
AI04711,Tableau
AI04711,Git
AI04711,TensorFlow
AI04711,Python
AI04712,AWS
AI04712,TensorFlow
AI04712,Kubernetes
AI04713,MLOps
AI04713,PyTorch
AI04713,Python
AI04713,Git
AI04713,Azure
AI04714,MLOps
AI04714,Kubernetes
AI04714,Azure
AI04715,SQL
AI04715,Hadoop
AI04715,NLP
AI04715,Computer Vision
AI04715,PyTorch
AI04716,Deep Learning
AI04716,MLOps
AI04716,PyTorch
AI04716,Git
AI04716,Mathematics
AI04717,Python
AI04717,AWS
AI04717,SQL
AI04717,Data Visualization
AI04717,TensorFlow
AI04718,MLOps
AI04718,Git
AI04718,Hadoop
AI04718,Scala
AI04718,Kubernetes
AI04719,Tableau
AI04719,R
AI04719,Java
AI04719,NLP
AI04719,Data Visualization
AI04720,Java
AI04720,Spark
AI04720,Statistics
AI04720,Python
AI04720,TensorFlow
AI04721,Python
AI04721,R
AI04721,Spark
AI04721,Data Visualization
AI04721,Deep Learning
AI04722,Java
AI04722,R
AI04722,Deep Learning
AI04723,Spark
AI04723,Scala
AI04723,Kubernetes
AI04724,MLOps
AI04724,Hadoop
AI04724,R
AI04724,SQL
AI04725,Python
AI04725,MLOps
AI04725,TensorFlow
AI04725,Mathematics
AI04725,GCP
AI04726,Scala
AI04726,Java
AI04726,Azure
AI04726,Kubernetes
AI04726,Mathematics
AI04727,AWS
AI04727,PyTorch
AI04727,Kubernetes
AI04728,Mathematics
AI04728,R
AI04728,Computer Vision
AI04728,Data Visualization
AI04728,PyTorch
AI04729,Data Visualization
AI04729,Scala
AI04729,Python
AI04729,NLP
AI04729,Hadoop
AI04730,Tableau
AI04730,SQL
AI04730,Deep Learning
AI04730,Azure
AI04730,Scala
AI04731,Python
AI04731,Java
AI04731,PyTorch
AI04731,Data Visualization
AI04731,Mathematics
AI04732,SQL
AI04732,Azure
AI04732,Kubernetes
AI04732,Hadoop
AI04732,Computer Vision
AI04733,Statistics
AI04733,Java
AI04733,Python
AI04734,Spark
AI04734,PyTorch
AI04734,SQL
AI04734,Java
AI04734,Docker
AI04735,Deep Learning
AI04735,Java
AI04735,Data Visualization
AI04736,Mathematics
AI04736,Java
AI04736,SQL
AI04737,Deep Learning
AI04737,Statistics
AI04737,Computer Vision
AI04737,Data Visualization
AI04738,Computer Vision
AI04738,Python
AI04738,Docker
AI04738,SQL
AI04739,MLOps
AI04739,Scala
AI04739,Linux
AI04739,Mathematics
AI04740,Spark
AI04740,Git
AI04740,NLP
AI04741,Spark
AI04741,SQL
AI04741,Computer Vision
AI04741,NLP
AI04741,AWS
AI04742,Scala
AI04742,Python
AI04742,Mathematics
AI04743,Mathematics
AI04743,Docker
AI04743,Python
AI04744,Docker
AI04744,Java
AI04744,Data Visualization
AI04744,Python
AI04744,Kubernetes
AI04745,SQL
AI04745,Hadoop
AI04745,Python
AI04746,R
AI04746,PyTorch
AI04746,Azure
AI04747,TensorFlow
AI04747,Java
AI04747,Linux
AI04748,Statistics
AI04748,Java
AI04748,NLP
AI04748,Azure
AI04749,Data Visualization
AI04749,Java
AI04749,NLP
AI04749,Docker
AI04750,AWS
AI04750,R
AI04750,Tableau
AI04751,Java
AI04751,GCP
AI04751,Linux
AI04752,Spark
AI04752,Java
AI04752,Deep Learning
AI04752,Azure
AI04753,Hadoop
AI04753,MLOps
AI04753,Git
AI04754,Python
AI04754,Git
AI04754,Mathematics
AI04754,SQL
AI04755,Deep Learning
AI04755,Java
AI04755,GCP
AI04756,Tableau
AI04756,TensorFlow
AI04756,MLOps
AI04756,PyTorch
AI04756,Deep Learning
AI04757,Azure
AI04757,AWS
AI04757,Deep Learning
AI04757,TensorFlow
AI04757,Statistics
AI04758,Computer Vision
AI04758,Mathematics
AI04758,NLP
AI04758,Scala
AI04758,R
AI04759,Kubernetes
AI04759,PyTorch
AI04759,SQL
AI04759,NLP
AI04760,R
AI04760,Azure
AI04760,Python
AI04761,AWS
AI04761,Data Visualization
AI04761,Docker
AI04761,Python
AI04761,TensorFlow
AI04762,Git
AI04762,MLOps
AI04762,Python
AI04763,PyTorch
AI04763,Azure
AI04763,Git
AI04763,R
AI04764,AWS
AI04764,Git
AI04764,PyTorch
AI04764,MLOps
AI04765,Python
AI04765,Kubernetes
AI04765,Azure
AI04765,Statistics
AI04766,Hadoop
AI04766,Git
AI04766,Docker
AI04766,R
AI04766,Azure
AI04767,MLOps
AI04767,SQL
AI04767,Statistics
AI04768,Computer Vision
AI04768,Kubernetes
AI04768,Python
AI04769,Tableau
AI04769,MLOps
AI04769,Scala
AI04769,NLP
AI04769,PyTorch
AI04770,Scala
AI04770,Computer Vision
AI04770,Statistics
AI04770,TensorFlow
AI04771,Docker
AI04771,TensorFlow
AI04771,Mathematics
AI04771,Azure
AI04771,Tableau
AI04772,Kubernetes
AI04772,AWS
AI04772,Python
AI04772,Java
AI04772,Azure
AI04773,Kubernetes
AI04773,Linux
AI04773,Azure
AI04773,NLP
AI04773,Java
AI04774,Scala
AI04774,MLOps
AI04774,TensorFlow
AI04774,Computer Vision
AI04774,Tableau
AI04775,NLP
AI04775,R
AI04775,Spark
AI04775,Tableau
AI04776,Data Visualization
AI04776,Java
AI04776,Azure
AI04776,Docker
AI04777,Deep Learning
AI04777,Spark
AI04777,MLOps
AI04778,Scala
AI04778,Tableau
AI04778,Computer Vision
AI04778,Java
AI04778,Data Visualization
AI04779,NLP
AI04779,Computer Vision
AI04779,SQL
AI04779,Spark
AI04780,Python
AI04780,Kubernetes
AI04780,TensorFlow
AI04781,TensorFlow
AI04781,Python
AI04781,GCP
AI04781,PyTorch
AI04781,R
AI04782,Azure
AI04782,GCP
AI04782,AWS
AI04783,Python
AI04783,Git
AI04783,NLP
AI04784,Hadoop
AI04784,Kubernetes
AI04784,Python
AI04785,NLP
AI04785,R
AI04785,SQL
AI04785,Azure
AI04786,Docker
AI04786,PyTorch
AI04786,Computer Vision
AI04786,Linux
AI04787,Python
AI04787,Data Visualization
AI04787,AWS
AI04788,R
AI04788,Statistics
AI04788,SQL
AI04788,Data Visualization
AI04788,Mathematics
AI04789,GCP
AI04789,Git
AI04789,MLOps
AI04789,Azure
AI04789,Java
AI04790,MLOps
AI04790,Kubernetes
AI04790,SQL
AI04790,NLP
AI04790,Mathematics
AI04791,Kubernetes
AI04791,Computer Vision
AI04791,Scala
AI04791,Python
AI04792,Docker
AI04792,SQL
AI04792,Data Visualization
AI04793,Kubernetes
AI04793,AWS
AI04793,NLP
AI04793,Hadoop
AI04793,Mathematics
AI04794,SQL
AI04794,Java
AI04794,NLP
AI04794,Computer Vision
AI04794,Linux
AI04795,Statistics
AI04795,NLP
AI04795,Tableau
AI04795,Hadoop
AI04796,TensorFlow
AI04796,Scala
AI04796,GCP
AI04796,SQL
AI04797,TensorFlow
AI04797,Kubernetes
AI04797,PyTorch
AI04797,Java
AI04797,Python
AI04798,Kubernetes
AI04798,Docker
AI04798,Python
AI04798,PyTorch
AI04799,Spark
AI04799,Python
AI04799,MLOps
AI04800,Kubernetes
AI04800,Deep Learning
AI04800,Azure
AI04800,Python
AI04800,Statistics
AI04801,MLOps
AI04801,Tableau
AI04801,Linux
AI04801,Kubernetes
AI04802,Kubernetes
AI04802,Python
AI04802,GCP
AI04803,AWS
AI04803,Deep Learning
AI04803,Statistics
AI04804,Java
AI04804,TensorFlow
AI04804,SQL
AI04805,Scala
AI04805,GCP
AI04805,Data Visualization
AI04806,Azure
AI04806,Scala
AI04806,GCP
AI04806,NLP
AI04807,Computer Vision
AI04807,Linux
AI04807,Docker
AI04807,Python
AI04807,AWS
AI04808,Kubernetes
AI04808,Computer Vision
AI04808,Data Visualization
AI04808,PyTorch
AI04808,Spark
AI04809,Tableau
AI04809,SQL
AI04809,Linux
AI04810,Data Visualization
AI04810,Python
AI04810,TensorFlow
AI04810,Computer Vision
AI04810,MLOps
AI04811,Java
AI04811,Python
AI04811,MLOps
AI04812,Linux
AI04812,TensorFlow
AI04812,PyTorch
AI04813,Linux
AI04813,Mathematics
AI04813,Azure
AI04813,Computer Vision
AI04813,Python
AI04814,Scala
AI04814,R
AI04814,Azure
AI04814,SQL
AI04815,Java
AI04815,R
AI04815,NLP
AI04816,Docker
AI04816,Tableau
AI04816,R
AI04816,Spark
AI04817,Tableau
AI04817,Data Visualization
AI04817,SQL
AI04817,Scala
AI04817,Azure
AI04818,Mathematics
AI04818,Python
AI04818,MLOps
AI04819,Tableau
AI04819,AWS
AI04819,NLP
AI04819,Docker
AI04820,Kubernetes
AI04820,MLOps
AI04820,R
AI04821,Kubernetes
AI04821,Deep Learning
AI04821,Hadoop
AI04822,Kubernetes
AI04822,Computer Vision
AI04822,PyTorch
AI04822,Hadoop
AI04823,Git
AI04823,MLOps
AI04823,AWS
AI04823,Deep Learning
AI04824,R
AI04824,Linux
AI04824,Mathematics
AI04824,MLOps
AI04825,PyTorch
AI04825,Kubernetes
AI04825,Java
AI04826,PyTorch
AI04826,SQL
AI04826,R
AI04827,Hadoop
AI04827,Spark
AI04827,Kubernetes
AI04828,Tableau
AI04828,Java
AI04828,Mathematics
AI04828,NLP
AI04829,R
AI04829,Scala
AI04829,Java
AI04829,Mathematics
AI04829,Computer Vision
AI04830,Spark
AI04830,Linux
AI04830,AWS
AI04831,SQL
AI04831,PyTorch
AI04831,R
AI04832,Java
AI04832,MLOps
AI04832,Spark
AI04832,Tableau
AI04833,Hadoop
AI04833,Docker
AI04833,Deep Learning
AI04833,Python
AI04833,Statistics
AI04834,Tableau
AI04834,Kubernetes
AI04834,Linux
AI04834,Deep Learning
AI04835,Statistics
AI04835,Kubernetes
AI04835,Python
AI04835,Mathematics
AI04835,Azure
AI04836,Linux
AI04836,Spark
AI04836,Git
AI04836,Python
AI04836,Java
AI04837,AWS
AI04837,Git
AI04837,NLP
AI04837,Python
AI04838,Scala
AI04838,PyTorch
AI04838,Computer Vision
AI04839,Azure
AI04839,PyTorch
AI04839,Deep Learning
AI04840,Kubernetes
AI04840,SQL
AI04840,R
AI04840,Statistics
AI04841,Tableau
AI04841,Azure
AI04841,Hadoop
AI04841,Python
AI04842,GCP
AI04842,Spark
AI04842,Hadoop
AI04843,Hadoop
AI04843,Java
AI04843,Spark
AI04844,PyTorch
AI04844,GCP
AI04844,Java
AI04844,Kubernetes
AI04845,Python
AI04845,Deep Learning
AI04845,Azure
AI04846,Azure
AI04846,Data Visualization
AI04846,Java
AI04846,PyTorch
AI04847,Linux
AI04847,Python
AI04847,TensorFlow
AI04847,Deep Learning
AI04848,Java
AI04848,SQL
AI04848,NLP
AI04848,PyTorch
AI04848,TensorFlow
AI04849,MLOps
AI04849,Kubernetes
AI04849,Statistics
AI04849,GCP
AI04850,Python
AI04850,Computer Vision
AI04850,TensorFlow
AI04850,PyTorch
AI04851,Azure
AI04851,Python
AI04851,Java
AI04851,AWS
AI04852,Spark
AI04852,Git
AI04852,Deep Learning
AI04852,NLP
AI04853,PyTorch
AI04853,SQL
AI04853,Linux
AI04853,Java
AI04853,Python
AI04854,Scala
AI04854,Azure
AI04854,TensorFlow
AI04854,Java
AI04855,GCP
AI04855,Kubernetes
AI04855,TensorFlow
AI04855,Git
AI04855,Hadoop
AI04856,R
AI04856,Tableau
AI04856,Python
AI04857,AWS
AI04857,Scala
AI04857,NLP
AI04857,SQL
AI04858,Java
AI04858,PyTorch
AI04858,Computer Vision
AI04858,R
AI04858,TensorFlow
AI04859,Tableau
AI04859,Linux
AI04859,GCP
AI04859,Java
AI04860,GCP
AI04860,Java
AI04860,MLOps
AI04861,Hadoop
AI04861,TensorFlow
AI04861,Kubernetes
AI04862,Tableau
AI04862,Hadoop
AI04862,Python
AI04862,Spark
AI04862,SQL
AI04863,Linux
AI04863,Git
AI04863,Scala
AI04863,Spark
AI04864,PyTorch
AI04864,Hadoop
AI04864,Azure
AI04864,Computer Vision
AI04864,SQL
AI04865,SQL
AI04865,Mathematics
AI04865,Java
AI04865,Hadoop
AI04866,NLP
AI04866,Java
AI04866,Python
AI04866,Kubernetes
AI04867,TensorFlow
AI04867,MLOps
AI04867,Python
AI04868,Kubernetes
AI04868,Java
AI04868,Computer Vision
AI04868,Azure
AI04868,Mathematics
AI04869,Deep Learning
AI04869,Linux
AI04869,Hadoop
AI04869,TensorFlow
AI04869,Scala
AI04870,Kubernetes
AI04870,Computer Vision
AI04870,MLOps
AI04871,PyTorch
AI04871,Spark
AI04871,TensorFlow
AI04871,Python
AI04871,SQL
AI04872,Linux
AI04872,SQL
AI04872,TensorFlow
AI04872,Mathematics
AI04873,TensorFlow
AI04873,Python
AI04873,Tableau
AI04874,Java
AI04874,Python
AI04874,GCP
AI04875,NLP
AI04875,PyTorch
AI04875,TensorFlow
AI04876,Hadoop
AI04876,TensorFlow
AI04876,PyTorch
AI04877,PyTorch
AI04877,Linux
AI04877,Data Visualization
AI04877,Deep Learning
AI04878,Git
AI04878,GCP
AI04878,Azure
AI04878,Docker
AI04878,PyTorch
AI04879,Kubernetes
AI04879,PyTorch
AI04879,TensorFlow
AI04880,Deep Learning
AI04880,PyTorch
AI04880,Git
AI04880,SQL
AI04880,Java
AI04881,MLOps
AI04881,R
AI04881,GCP
AI04881,Kubernetes
AI04881,Linux
AI04882,Deep Learning
AI04882,PyTorch
AI04882,Statistics
AI04883,Java
AI04883,SQL
AI04883,Azure
AI04884,Kubernetes
AI04884,Data Visualization
AI04884,Scala
AI04884,Deep Learning
AI04885,SQL
AI04885,PyTorch
AI04885,AWS
AI04886,SQL
AI04886,Java
AI04886,Tableau
AI04887,SQL
AI04887,Git
AI04887,Tableau
AI04887,Python
AI04888,NLP
AI04888,TensorFlow
AI04888,Hadoop
AI04888,Statistics
AI04888,Deep Learning
AI04889,Python
AI04889,SQL
AI04889,NLP
AI04889,Git
AI04890,Java
AI04890,Kubernetes
AI04890,GCP
AI04890,AWS
AI04891,Scala
AI04891,SQL
AI04891,Data Visualization
AI04891,R
AI04892,Deep Learning
AI04892,Computer Vision
AI04892,Python
AI04892,SQL
AI04892,R
AI04893,Java
AI04893,Kubernetes
AI04893,Computer Vision
AI04893,TensorFlow
AI04893,MLOps
AI04894,Kubernetes
AI04894,NLP
AI04894,PyTorch
AI04895,Python
AI04895,R
AI04895,Java
AI04896,GCP
AI04896,R
AI04896,Docker
AI04897,Python
AI04897,Data Visualization
AI04897,SQL
AI04897,Azure
AI04897,Linux
AI04898,Hadoop
AI04898,SQL
AI04898,GCP
AI04898,Statistics
AI04898,Scala
AI04899,Kubernetes
AI04899,Python
AI04899,Tableau
AI04899,Scala
AI04899,Statistics
AI04900,NLP
AI04900,Java
AI04900,Deep Learning
AI04900,Linux
AI04901,Java
AI04901,Python
AI04901,Deep Learning
AI04901,Scala
AI04902,NLP
AI04902,Linux
AI04902,R
AI04903,MLOps
AI04903,Python
AI04903,SQL
AI04903,Java
AI04903,Computer Vision
AI04904,Deep Learning
AI04904,Hadoop
AI04904,TensorFlow
AI04904,Spark
AI04904,SQL
AI04905,AWS
AI04905,PyTorch
AI04905,Java
AI04905,SQL
AI04906,Linux
AI04906,Data Visualization
AI04906,MLOps
AI04906,R
AI04907,Data Visualization
AI04907,Python
AI04907,SQL
AI04908,Scala
AI04908,TensorFlow
AI04908,MLOps
AI04909,Git
AI04909,R
AI04909,Deep Learning
AI04909,Mathematics
AI04909,Hadoop
AI04910,Kubernetes
AI04910,AWS
AI04910,Mathematics
AI04911,TensorFlow
AI04911,Python
AI04911,Docker
AI04911,Spark
AI04911,Linux
AI04912,Mathematics
AI04912,TensorFlow
AI04912,SQL
AI04912,Java
AI04913,Deep Learning
AI04913,Python
AI04913,NLP
AI04913,Data Visualization
AI04914,AWS
AI04914,R
AI04914,Python
AI04914,Docker
AI04915,Hadoop
AI04915,Python
AI04915,Linux
AI04915,TensorFlow
AI04916,SQL
AI04916,Kubernetes
AI04916,Mathematics
AI04917,Computer Vision
AI04917,MLOps
AI04917,Java
AI04917,NLP
AI04917,Azure
AI04918,SQL
AI04918,AWS
AI04918,PyTorch
AI04918,Mathematics
AI04919,Computer Vision
AI04919,Data Visualization
AI04919,Hadoop
AI04920,TensorFlow
AI04920,Kubernetes
AI04920,PyTorch
AI04921,Spark
AI04921,R
AI04921,NLP
AI04922,Git
AI04922,Scala
AI04922,Data Visualization
AI04922,Python
AI04922,Computer Vision
AI04923,GCP
AI04923,Computer Vision
AI04923,Linux
AI04923,Java
AI04924,PyTorch
AI04924,SQL
AI04924,Statistics
AI04925,Hadoop
AI04925,Data Visualization
AI04925,Python
AI04925,Computer Vision
AI04926,Python
AI04926,Mathematics
AI04926,NLP
AI04926,Statistics
AI04926,Tableau
AI04927,Scala
AI04927,R
AI04927,NLP
AI04928,Hadoop
AI04928,Spark
AI04928,Computer Vision
AI04928,Python
AI04928,PyTorch
AI04929,SQL
AI04929,Linux
AI04929,Spark
AI04929,Python
AI04929,Scala
AI04930,PyTorch
AI04930,Kubernetes
AI04930,Java
AI04930,Git
AI04930,MLOps
AI04931,Mathematics
AI04931,MLOps
AI04931,Java
AI04931,Docker
AI04931,Python
AI04932,Python
AI04932,MLOps
AI04932,Scala
AI04932,Mathematics
AI04932,TensorFlow
AI04933,Python
AI04933,TensorFlow
AI04933,AWS
AI04934,Data Visualization
AI04934,Python
AI04934,Kubernetes
AI04935,Java
AI04935,Azure
AI04935,Deep Learning
AI04936,Computer Vision
AI04936,Data Visualization
AI04936,Git
AI04936,Python
AI04936,Spark
AI04937,Azure
AI04937,Linux
AI04937,Deep Learning
AI04937,Python
AI04938,Kubernetes
AI04938,Data Visualization
AI04938,Computer Vision
AI04938,R
AI04939,Python
AI04939,GCP
AI04939,TensorFlow
AI04939,MLOps
AI04939,Git
AI04940,Python
AI04940,Git
AI04940,Hadoop
AI04940,R
AI04941,PyTorch
AI04941,GCP
AI04941,Scala
AI04941,Kubernetes
AI04942,SQL
AI04942,Computer Vision
AI04942,Statistics
AI04942,Scala
AI04943,Python
AI04943,PyTorch
AI04943,Data Visualization
AI04943,Git
AI04943,GCP
AI04944,Git
AI04944,SQL
AI04944,Spark
AI04945,Java
AI04945,R
AI04945,GCP
AI04945,Linux
AI04945,Tableau
AI04946,Linux
AI04946,TensorFlow
AI04946,Scala
AI04946,AWS
AI04947,Mathematics
AI04947,Kubernetes
AI04947,Scala
AI04948,Spark
AI04948,Azure
AI04948,Statistics
AI04948,Hadoop
AI04948,Deep Learning
AI04949,GCP
AI04949,Python
AI04949,TensorFlow
AI04949,Mathematics
AI04950,MLOps
AI04950,Linux
AI04950,Data Visualization
AI04950,Git
AI04951,Statistics
AI04951,GCP
AI04951,NLP
AI04952,TensorFlow
AI04952,Statistics
AI04952,Linux
AI04952,Azure
AI04952,SQL
AI04953,Scala
AI04953,Java
AI04953,Azure
AI04953,Python
AI04954,Python
AI04954,SQL
AI04954,TensorFlow
AI04954,Tableau
AI04955,PyTorch
AI04955,Python
AI04955,Computer Vision
AI04955,SQL
AI04956,Scala
AI04956,Mathematics
AI04956,PyTorch
AI04956,Computer Vision
AI04957,Python
AI04957,R
AI04957,Data Visualization
AI04957,Kubernetes
AI04958,Python
AI04958,TensorFlow
AI04958,Statistics
AI04959,Python
AI04959,Azure
AI04959,Data Visualization
AI04959,TensorFlow
AI04960,PyTorch
AI04960,AWS
AI04960,Kubernetes
AI04960,TensorFlow
AI04961,SQL
AI04961,Java
AI04961,TensorFlow
AI04961,Statistics
AI04961,Hadoop
AI04962,Linux
AI04962,Scala
AI04962,SQL
AI04962,MLOps
AI04962,PyTorch
AI04963,Azure
AI04963,Statistics
AI04963,Python
AI04964,TensorFlow
AI04964,Hadoop
AI04964,Docker
AI04964,Statistics
AI04965,Python
AI04965,GCP
AI04965,Docker
AI04966,Computer Vision
AI04966,Python
AI04966,Azure
AI04967,Scala
AI04967,Data Visualization
AI04967,Computer Vision
AI04967,GCP
AI04968,NLP
AI04968,Tableau
AI04968,GCP
AI04968,Mathematics
AI04969,Python
AI04969,AWS
AI04969,Azure
AI04969,GCP
AI04969,R
AI04970,SQL
AI04970,Docker
AI04970,Scala
AI04970,Tableau
AI04971,Kubernetes
AI04971,Spark
AI04971,Python
AI04971,Docker
AI04971,Tableau
AI04972,Kubernetes
AI04972,Docker
AI04972,Python
AI04973,AWS
AI04973,Scala
AI04973,Linux
AI04974,Kubernetes
AI04974,SQL
AI04974,Azure
AI04974,Data Visualization
AI04974,Linux
AI04975,Python
AI04975,Linux
AI04975,Hadoop
AI04975,Mathematics
AI04976,Git
AI04976,Linux
AI04976,Statistics
AI04976,GCP
AI04977,Docker
AI04977,Deep Learning
AI04977,Data Visualization
AI04978,Kubernetes
AI04978,Scala
AI04978,Python
AI04978,TensorFlow
AI04979,Data Visualization
AI04979,Python
AI04979,R
AI04979,GCP
AI04979,Statistics
AI04980,Python
AI04980,Hadoop
AI04980,MLOps
AI04981,PyTorch
AI04981,Linux
AI04981,TensorFlow
AI04981,GCP
AI04981,Computer Vision
AI04982,Java
AI04982,Git
AI04982,Linux
AI04982,SQL
AI04983,Python
AI04983,Azure
AI04983,MLOps
AI04984,SQL
AI04984,R
AI04984,Deep Learning
AI04984,Azure
AI04984,MLOps
AI04985,Git
AI04985,Java
AI04985,Data Visualization
AI04985,Python
AI04986,Java
AI04986,Python
AI04986,NLP
AI04986,Tableau
AI04986,Deep Learning
AI04987,Scala
AI04987,Python
AI04987,Mathematics
AI04987,Tableau
AI04987,Computer Vision
AI04988,Python
AI04988,TensorFlow
AI04988,Hadoop
AI04988,Mathematics
AI04988,Java
AI04989,Mathematics
AI04989,Kubernetes
AI04989,Python
AI04989,GCP
AI04989,AWS
AI04990,Linux
AI04990,Data Visualization
AI04990,Azure
AI04990,Java
AI04991,NLP
AI04991,Azure
AI04991,Deep Learning
AI04992,Mathematics
AI04992,Git
AI04992,Python
AI04993,Java
AI04993,Git
AI04993,Computer Vision
AI04994,SQL
AI04994,Mathematics
AI04994,AWS
AI04994,Docker
AI04994,Python
AI04995,SQL
AI04995,Hadoop
AI04995,Mathematics
AI04995,Java
AI04995,Git
AI04996,AWS
AI04996,Scala
AI04996,Linux
AI04997,SQL
AI04997,PyTorch
AI04997,Tableau
AI04997,Docker
AI04997,Data Visualization
AI04998,SQL
AI04998,GCP
AI04998,MLOps
AI04998,Statistics
AI04999,Data Visualization
AI04999,Mathematics
AI04999,Tableau
AI04999,SQL
AI05000,Kubernetes
AI05000,Linux
AI05000,TensorFlow
AI05000,Python
AI05000,AWS
AI05001,MLOps
AI05001,SQL
AI05001,Linux
AI05002,TensorFlow
AI05002,AWS
AI05002,Tableau
AI05002,NLP
AI05003,R
AI05003,Scala
AI05003,GCP
AI05003,Deep Learning
AI05004,GCP
AI05004,SQL
AI05004,MLOps
AI05004,Scala
AI05004,Linux
AI05005,Kubernetes
AI05005,GCP
AI05005,NLP
AI05005,AWS
AI05006,TensorFlow
AI05006,Java
AI05006,Scala
AI05006,NLP
AI05006,Docker
AI05007,SQL
AI05007,Git
AI05007,Kubernetes
AI05007,Linux
AI05007,Java
AI05008,Data Visualization
AI05008,MLOps
AI05008,SQL
AI05008,Computer Vision
AI05008,Kubernetes
AI05009,Linux
AI05009,TensorFlow
AI05009,Deep Learning
AI05009,SQL
AI05009,Git
AI05010,TensorFlow
AI05010,MLOps
AI05010,Statistics
AI05010,Python
AI05011,Python
AI05011,SQL
AI05011,NLP
AI05011,GCP
AI05011,R
AI05012,Computer Vision
AI05012,Mathematics
AI05012,Kubernetes
AI05012,PyTorch
AI05012,Docker
AI05013,Python
AI05013,Hadoop
AI05013,Computer Vision
AI05013,Mathematics
AI05013,SQL
AI05014,GCP
AI05014,Tableau
AI05014,Python
AI05014,Data Visualization
AI05015,Kubernetes
AI05015,Python
AI05015,Tableau
AI05015,Hadoop
AI05015,Azure
AI05016,Kubernetes
AI05016,PyTorch
AI05016,Git
AI05016,Tableau
AI05017,Hadoop
AI05017,Python
AI05017,Kubernetes
AI05017,Data Visualization
AI05017,Java
AI05018,SQL
AI05018,R
AI05018,Kubernetes
AI05018,Git
AI05018,Scala
AI05019,MLOps
AI05019,SQL
AI05019,Linux
AI05019,Scala
AI05019,TensorFlow
AI05020,AWS
AI05020,Mathematics
AI05020,Scala
AI05020,R
AI05021,Azure
AI05021,Linux
AI05021,Computer Vision
AI05021,Python
AI05021,TensorFlow
AI05022,Kubernetes
AI05022,Data Visualization
AI05022,Tableau
AI05022,Python
AI05023,Scala
AI05023,R
AI05023,Linux
AI05024,Kubernetes
AI05024,Hadoop
AI05024,SQL
AI05024,AWS
AI05025,Scala
AI05025,Git
AI05025,R
AI05026,Java
AI05026,Kubernetes
AI05026,Tableau
AI05026,NLP
AI05027,NLP
AI05027,GCP
AI05027,Python
AI05027,SQL
AI05027,Spark
AI05028,Azure
AI05028,Python
AI05028,Statistics
AI05029,Kubernetes
AI05029,GCP
AI05029,Deep Learning
AI05030,Java
AI05030,Tableau
AI05030,R
AI05030,Deep Learning
AI05031,MLOps
AI05031,Tableau
AI05031,R
AI05032,Python
AI05032,Tableau
AI05032,Deep Learning
AI05032,Java
AI05032,GCP
AI05033,TensorFlow
AI05033,Python
AI05033,Docker
AI05033,Mathematics
AI05034,Data Visualization
AI05034,AWS
AI05034,Kubernetes
AI05034,Deep Learning
AI05035,Git
AI05035,TensorFlow
AI05035,Spark
AI05036,TensorFlow
AI05036,Git
AI05036,Scala
AI05036,Hadoop
AI05036,R
AI05037,GCP
AI05037,Scala
AI05037,PyTorch
AI05038,Spark
AI05038,Git
AI05038,Mathematics
AI05039,GCP
AI05039,Azure
AI05039,Kubernetes
AI05039,Python
AI05039,Linux
AI05040,Computer Vision
AI05040,NLP
AI05040,Mathematics
AI05041,Scala
AI05041,Spark
AI05041,NLP
AI05041,Java
AI05041,SQL
AI05042,Python
AI05042,Hadoop
AI05042,TensorFlow
AI05042,Docker
AI05042,Git
AI05043,Python
AI05043,MLOps
AI05043,Kubernetes
AI05043,Git
AI05043,PyTorch
AI05044,R
AI05044,Azure
AI05044,Statistics
AI05044,Python
AI05044,GCP
AI05045,Scala
AI05045,PyTorch
AI05045,Statistics
AI05045,Deep Learning
AI05046,Kubernetes
AI05046,Git
AI05046,MLOps
AI05046,Deep Learning
AI05047,Kubernetes
AI05047,MLOps
AI05047,Git
AI05048,Docker
AI05048,Java
AI05048,AWS
AI05049,TensorFlow
AI05049,Kubernetes
AI05049,Tableau
AI05050,Docker
AI05050,Tableau
AI05050,Kubernetes
AI05051,Linux
AI05051,PyTorch
AI05051,Deep Learning
AI05052,PyTorch
AI05052,Computer Vision
AI05052,Tableau
AI05052,Deep Learning
AI05052,Kubernetes
AI05053,GCP
AI05053,Hadoop
AI05053,Statistics
AI05054,NLP
AI05054,AWS
AI05054,Computer Vision
AI05054,Python
AI05054,Data Visualization
AI05055,Hadoop
AI05055,Java
AI05055,MLOps
AI05055,NLP
AI05056,Scala
AI05056,Kubernetes
AI05056,MLOps
AI05057,GCP
AI05057,Docker
AI05057,NLP
AI05057,R
AI05058,GCP
AI05058,Scala
AI05058,Python
AI05059,R
AI05059,Docker
AI05059,Data Visualization
AI05059,Git
AI05060,Git
AI05060,Python
AI05060,Deep Learning
AI05061,Python
AI05061,Scala
AI05061,Azure
AI05062,Tableau
AI05062,Docker
AI05062,Deep Learning
AI05062,SQL
AI05063,Linux
AI05063,Python
AI05063,Statistics
AI05064,Kubernetes
AI05064,Hadoop
AI05064,R
AI05065,Git
AI05065,Java
AI05065,Computer Vision
AI05065,GCP
AI05066,Hadoop
AI05066,Docker
AI05066,Mathematics
AI05066,Computer Vision
AI05066,SQL
AI05067,Mathematics
AI05067,Azure
AI05067,SQL
AI05067,Hadoop
AI05068,Computer Vision
AI05068,Kubernetes
AI05068,SQL
AI05068,Statistics
AI05068,Hadoop
AI05069,Linux
AI05069,Scala
AI05069,Data Visualization
AI05070,Git
AI05070,AWS
AI05070,SQL
AI05071,Tableau
AI05071,R
AI05071,Git
AI05071,Data Visualization
AI05072,Scala
AI05072,Java
AI05072,R
AI05073,Docker
AI05073,SQL
AI05073,Computer Vision
AI05073,NLP
AI05073,MLOps
AI05074,AWS
AI05074,Tableau
AI05074,Kubernetes
AI05075,PyTorch
AI05075,AWS
AI05075,Kubernetes
AI05075,TensorFlow
AI05075,Data Visualization
AI05076,MLOps
AI05076,Scala
AI05076,Python
AI05076,SQL
AI05077,Statistics
AI05077,Computer Vision
AI05077,Docker
AI05078,SQL
AI05078,Spark
AI05078,GCP
AI05078,Data Visualization
AI05078,AWS
AI05079,Hadoop
AI05079,SQL
AI05079,PyTorch
AI05079,Data Visualization
AI05080,Hadoop
AI05080,Statistics
AI05080,MLOps
AI05081,Mathematics
AI05081,Spark
AI05081,Git
AI05081,SQL
AI05081,TensorFlow
AI05082,Hadoop
AI05082,Mathematics
AI05082,Tableau
AI05083,Tableau
AI05083,Git
AI05083,Kubernetes
AI05084,Scala
AI05084,PyTorch
AI05084,GCP
AI05085,Java
AI05085,MLOps
AI05085,R
AI05085,SQL
AI05085,AWS
AI05086,Computer Vision
AI05086,Scala
AI05086,Hadoop
AI05086,R
AI05086,Mathematics
AI05087,Java
AI05087,Data Visualization
AI05087,Tableau
AI05087,NLP
AI05087,Statistics
AI05088,MLOps
AI05088,Python
AI05088,Spark
AI05088,Azure
AI05089,Linux
AI05089,Git
AI05089,Statistics
AI05089,Scala
AI05090,Java
AI05090,Spark
AI05090,R
AI05091,Statistics
AI05091,Hadoop
AI05091,Spark
AI05091,R
AI05092,Mathematics
AI05092,Python
AI05092,Scala
AI05093,Data Visualization
AI05093,Hadoop
AI05093,GCP
AI05093,TensorFlow
AI05093,R
AI05094,Mathematics
AI05094,Git
AI05094,Spark
AI05095,TensorFlow
AI05095,SQL
AI05095,NLP
AI05095,Python
AI05095,Scala
AI05096,Kubernetes
AI05096,Statistics
AI05096,Scala
AI05096,GCP
AI05096,Computer Vision
AI05097,Scala
AI05097,Kubernetes
AI05097,MLOps
AI05097,Python
AI05097,Azure
AI05098,AWS
AI05098,Git
AI05098,Deep Learning
AI05099,Python
AI05099,TensorFlow
AI05099,Docker
AI05100,Mathematics
AI05100,Tableau
AI05100,Hadoop
AI05101,Linux
AI05101,PyTorch
AI05101,NLP
AI05102,Git
AI05102,GCP
AI05102,PyTorch
AI05102,Kubernetes
AI05102,Statistics
AI05103,Tableau
AI05103,Python
AI05103,PyTorch
AI05103,Hadoop
AI05104,Azure
AI05104,Scala
AI05104,Java
AI05104,Data Visualization
AI05104,SQL
AI05105,PyTorch
AI05105,GCP
AI05105,Git
AI05105,R
AI05106,R
AI05106,Deep Learning
AI05106,NLP
AI05107,Spark
AI05107,Hadoop
AI05107,Git
AI05107,MLOps
AI05107,GCP
AI05108,Hadoop
AI05108,NLP
AI05108,Git
AI05108,Tableau
AI05108,Docker
AI05109,TensorFlow
AI05109,Python
AI05109,Spark
AI05109,Mathematics
AI05109,GCP
AI05110,SQL
AI05110,Statistics
AI05110,Mathematics
AI05110,PyTorch
AI05110,GCP
AI05111,TensorFlow
AI05111,R
AI05111,Statistics
AI05111,Hadoop
AI05111,Spark
AI05112,Kubernetes
AI05112,SQL
AI05112,Hadoop
AI05112,MLOps
AI05113,SQL
AI05113,Statistics
AI05113,PyTorch
AI05113,Mathematics
AI05113,Java
AI05114,Spark
AI05114,Mathematics
AI05114,Kubernetes
AI05114,Linux
AI05114,PyTorch
AI05115,Hadoop
AI05115,Git
AI05115,Data Visualization
AI05115,Java
AI05115,Kubernetes
AI05116,NLP
AI05116,PyTorch
AI05116,Docker
AI05117,Scala
AI05117,SQL
AI05117,Java
AI05117,Git
AI05117,Azure
AI05118,Computer Vision
AI05118,AWS
AI05118,Spark
AI05118,Azure
AI05119,R
AI05119,Azure
AI05119,Hadoop
AI05119,Java
AI05120,Linux
AI05120,Java
AI05120,Data Visualization
AI05120,GCP
AI05121,Hadoop
AI05121,Azure
AI05121,GCP
AI05121,Scala
AI05121,Statistics
AI05122,Data Visualization
AI05122,Deep Learning
AI05122,Computer Vision
AI05122,Hadoop
AI05123,TensorFlow
AI05123,Azure
AI05123,Tableau
AI05124,Spark
AI05124,Scala
AI05124,Tableau
AI05125,Git
AI05125,NLP
AI05125,Kubernetes
AI05125,SQL
AI05125,PyTorch
AI05126,Data Visualization
AI05126,GCP
AI05126,Linux
AI05127,AWS
AI05127,TensorFlow
AI05127,Tableau
AI05127,Statistics
AI05127,Hadoop
AI05128,Mathematics
AI05128,NLP
AI05128,Tableau
AI05128,R
AI05128,Computer Vision
AI05129,Deep Learning
AI05129,Docker
AI05129,Statistics
AI05129,Scala
AI05130,AWS
AI05130,Git
AI05130,Tableau
AI05130,SQL
AI05130,PyTorch
AI05131,Docker
AI05131,AWS
AI05131,Azure
AI05131,PyTorch
AI05131,Linux
AI05132,Statistics
AI05132,Python
AI05132,Spark
AI05132,Computer Vision
AI05133,Spark
AI05133,Hadoop
AI05133,PyTorch
AI05134,Kubernetes
AI05134,PyTorch
AI05134,Python
AI05135,Java
AI05135,R
AI05135,Tableau
AI05135,Data Visualization
AI05135,Deep Learning
AI05136,Computer Vision
AI05136,TensorFlow
AI05136,Deep Learning
AI05137,Kubernetes
AI05137,MLOps
AI05137,NLP
AI05137,TensorFlow
AI05137,Git
AI05138,Git
AI05138,Python
AI05138,Tableau
AI05139,Statistics
AI05139,R
AI05139,Python
AI05139,Linux
AI05140,Python
AI05140,Data Visualization
AI05140,Scala
AI05141,Mathematics
AI05141,MLOps
AI05141,AWS
AI05141,SQL
AI05142,Mathematics
AI05142,Linux
AI05142,Python
AI05142,TensorFlow
AI05143,Spark
AI05143,SQL
AI05143,Java
AI05144,PyTorch
AI05144,MLOps
AI05144,Kubernetes
AI05144,Statistics
AI05144,TensorFlow
AI05145,Python
AI05145,Java
AI05145,Scala
AI05146,TensorFlow
AI05146,AWS
AI05146,GCP
AI05146,Spark
AI05146,Deep Learning
AI05147,SQL
AI05147,Kubernetes
AI05147,TensorFlow
AI05147,Java
AI05148,Data Visualization
AI05148,Docker
AI05148,Kubernetes
AI05148,Hadoop
AI05148,Linux
AI05149,NLP
AI05149,Tableau
AI05149,Azure
AI05149,TensorFlow
AI05149,Data Visualization
AI05150,MLOps
AI05150,PyTorch
AI05150,Kubernetes
AI05150,Git
AI05150,Tableau
AI05151,SQL
AI05151,Java
AI05151,Tableau
AI05151,Git
AI05152,Python
AI05152,R
AI05152,Data Visualization
AI05152,Deep Learning
AI05153,Linux
AI05153,Python
AI05153,Data Visualization
AI05153,Scala
AI05154,Git
AI05154,GCP
AI05154,Scala
AI05155,NLP
AI05155,Azure
AI05155,Hadoop
AI05155,Spark
AI05155,Data Visualization
AI05156,Azure
AI05156,Java
AI05156,TensorFlow
AI05157,MLOps
AI05157,Computer Vision
AI05157,Tableau
AI05158,Git
AI05158,PyTorch
AI05158,Statistics
AI05159,Data Visualization
AI05159,GCP
AI05159,Python
AI05159,TensorFlow
AI05159,Java
AI05160,Azure
AI05160,Python
AI05160,Docker
AI05160,SQL
AI05161,PyTorch
AI05161,Data Visualization
AI05161,SQL
AI05161,MLOps
AI05162,NLP
AI05162,TensorFlow
AI05162,Kubernetes
AI05162,R
AI05163,Kubernetes
AI05163,SQL
AI05163,NLP
AI05163,Computer Vision
AI05163,Docker
AI05164,GCP
AI05164,Spark
AI05164,Hadoop
AI05164,SQL
AI05165,Python
AI05165,Deep Learning
AI05165,Tableau
AI05166,Statistics
AI05166,Deep Learning
AI05166,Spark
AI05167,Data Visualization
AI05167,Spark
AI05167,R
AI05168,Java
AI05168,AWS
AI05168,Statistics
AI05168,Spark
AI05168,NLP
AI05169,Spark
AI05169,Mathematics
AI05169,Git
AI05169,GCP
AI05169,Python
AI05170,Spark
AI05170,Scala
AI05170,Computer Vision
AI05171,MLOps
AI05171,Python
AI05171,Linux
AI05171,Deep Learning
AI05172,GCP
AI05172,Mathematics
AI05172,Hadoop
AI05173,SQL
AI05173,Azure
AI05173,Scala
AI05174,Hadoop
AI05174,Docker
AI05174,Tableau
AI05174,Kubernetes
AI05174,Java
AI05175,AWS
AI05175,Java
AI05175,Azure
AI05175,Git
AI05175,PyTorch
AI05176,R
AI05176,Python
AI05176,Linux
AI05177,R
AI05177,Docker
AI05177,Scala
AI05178,Data Visualization
AI05178,Linux
AI05178,Azure
AI05178,Statistics
AI05178,PyTorch
AI05179,Java
AI05179,Git
AI05179,Scala
AI05179,Mathematics
AI05179,PyTorch
AI05180,Linux
AI05180,Scala
AI05180,Mathematics
AI05180,AWS
AI05181,NLP
AI05181,Hadoop
AI05181,PyTorch
AI05181,MLOps
AI05181,Mathematics
AI05182,Statistics
AI05182,Java
AI05182,PyTorch
AI05183,Tableau
AI05183,Docker
AI05183,R
AI05184,Scala
AI05184,Kubernetes
AI05184,Python
AI05185,PyTorch
AI05185,Azure
AI05185,NLP
AI05185,TensorFlow
AI05186,Azure
AI05186,SQL
AI05186,PyTorch
AI05187,GCP
AI05187,R
AI05187,SQL
AI05187,PyTorch
AI05187,Docker
AI05188,Computer Vision
AI05188,SQL
AI05188,GCP
AI05188,Linux
AI05188,Tableau
AI05189,Python
AI05189,Tableau
AI05189,Linux
AI05189,MLOps
AI05189,Git
AI05190,Python
AI05190,TensorFlow
AI05190,Statistics
AI05190,Docker
AI05190,PyTorch
AI05191,NLP
AI05191,Python
AI05191,Tableau
AI05191,TensorFlow
AI05191,Kubernetes
AI05192,Computer Vision
AI05192,Git
AI05192,Docker
AI05192,SQL
AI05192,Python
AI05193,Docker
AI05193,SQL
AI05193,Hadoop
AI05194,Azure
AI05194,AWS
AI05194,Tableau
AI05194,R
AI05194,Computer Vision
AI05195,Tableau
AI05195,Linux
AI05195,GCP
AI05196,Tableau
AI05196,SQL
AI05196,PyTorch
AI05196,TensorFlow
AI05197,Docker
AI05197,Kubernetes
AI05197,Data Visualization
AI05197,SQL
AI05198,Java
AI05198,R
AI05198,Kubernetes
AI05198,AWS
AI05198,Hadoop
AI05199,Python
AI05199,Computer Vision
AI05199,R
AI05199,MLOps
AI05200,PyTorch
AI05200,TensorFlow
AI05200,Azure
AI05201,Python
AI05201,TensorFlow
AI05201,PyTorch
AI05201,AWS
AI05201,Computer Vision
AI05202,NLP
AI05202,Docker
AI05202,Scala
AI05202,Hadoop
AI05202,Git
AI05203,GCP
AI05203,Mathematics
AI05203,Azure
AI05204,Data Visualization
AI05204,Azure
AI05204,Mathematics
AI05205,Hadoop
AI05205,Scala
AI05205,Statistics
AI05205,SQL
AI05206,Docker
AI05206,Mathematics
AI05206,Kubernetes
AI05206,MLOps
AI05206,Linux
AI05207,Python
AI05207,SQL
AI05207,Kubernetes
AI05207,Git
AI05208,Git
AI05208,TensorFlow
AI05208,Spark
AI05209,Spark
AI05209,AWS
AI05209,Docker
AI05209,Java
AI05210,PyTorch
AI05210,R
AI05210,Statistics
AI05211,Data Visualization
AI05211,Git
AI05211,Statistics
AI05211,Tableau
AI05211,Python
AI05212,Scala
AI05212,PyTorch
AI05212,R
AI05212,AWS
AI05213,Spark
AI05213,Git
AI05213,Statistics
AI05214,SQL
AI05214,Python
AI05214,NLP
AI05214,R
AI05214,Git
AI05215,Linux
AI05215,Docker
AI05215,Scala
AI05215,Java
AI05215,Spark
AI05216,Python
AI05216,Azure
AI05216,Hadoop
AI05216,Git
AI05217,PyTorch
AI05217,TensorFlow
AI05217,Tableau
AI05218,Python
AI05218,TensorFlow
AI05218,Java
AI05219,SQL
AI05219,PyTorch
AI05219,Java
AI05220,PyTorch
AI05220,NLP
AI05220,GCP
AI05220,Azure
AI05220,SQL
AI05221,Kubernetes
AI05221,Hadoop
AI05221,SQL
AI05221,Scala
AI05221,Python
AI05222,SQL
AI05222,Data Visualization
AI05222,Docker
AI05223,MLOps
AI05223,Spark
AI05223,Linux
AI05223,TensorFlow
AI05224,GCP
AI05224,Linux
AI05224,Azure
AI05225,Python
AI05225,Kubernetes
AI05225,Data Visualization
AI05226,SQL
AI05226,Data Visualization
AI05226,Scala
AI05226,Hadoop
AI05226,Statistics
AI05227,Data Visualization
AI05227,Scala
AI05227,Java
AI05227,Statistics
AI05228,Scala
AI05228,Python
AI05228,TensorFlow
AI05228,GCP
AI05228,Hadoop
AI05229,Hadoop
AI05229,PyTorch
AI05229,NLP
AI05230,Python
AI05230,Linux
AI05230,Azure
AI05231,Mathematics
AI05231,AWS
AI05231,Scala
AI05231,Data Visualization
AI05231,Java
AI05232,MLOps
AI05232,AWS
AI05232,Linux
AI05233,Python
AI05233,Spark
AI05233,Kubernetes
AI05233,GCP
AI05233,Scala
AI05234,NLP
AI05234,SQL
AI05234,Scala
AI05234,Tableau
AI05234,Java
AI05235,Linux
AI05235,R
AI05235,Mathematics
AI05235,Computer Vision
AI05236,Docker
AI05236,GCP
AI05236,Data Visualization
AI05236,Tableau
AI05236,Git
AI05237,Tableau
AI05237,Scala
AI05237,Spark
AI05237,Data Visualization
AI05237,NLP
AI05238,Python
AI05238,Mathematics
AI05238,TensorFlow
AI05238,GCP
AI05239,PyTorch
AI05239,Git
AI05239,Hadoop
AI05239,Tableau
AI05240,Kubernetes
AI05240,Git
AI05240,Data Visualization
AI05241,Kubernetes
AI05241,SQL
AI05241,Scala
AI05241,Tableau
AI05242,Scala
AI05242,Python
AI05242,Data Visualization
AI05242,Kubernetes
AI05242,Azure
AI05243,SQL
AI05243,Mathematics
AI05243,Hadoop
AI05243,PyTorch
AI05244,TensorFlow
AI05244,Python
AI05244,Computer Vision
AI05244,GCP
AI05245,Docker
AI05245,Python
AI05245,Tableau
AI05246,Statistics
AI05246,Java
AI05246,R
AI05246,SQL
AI05246,Tableau
AI05247,Linux
AI05247,AWS
AI05247,Azure
AI05247,Data Visualization
AI05248,Deep Learning
AI05248,Python
AI05248,Git
AI05248,Java
AI05248,Linux
AI05249,Python
AI05249,SQL
AI05249,Spark
AI05250,PyTorch
AI05250,Linux
AI05250,Tableau
AI05250,Scala
AI05250,Spark
AI05251,Kubernetes
AI05251,Azure
AI05251,TensorFlow
AI05252,TensorFlow
AI05252,SQL
AI05252,Linux
AI05252,Azure
AI05252,Hadoop
AI05253,PyTorch
AI05253,R
AI05253,Tableau
AI05253,Spark
AI05253,MLOps
AI05254,GCP
AI05254,Docker
AI05254,Azure
AI05254,Linux
AI05255,Azure
AI05255,Linux
AI05255,Statistics
AI05256,NLP
AI05256,Python
AI05256,Computer Vision
AI05256,Data Visualization
AI05257,GCP
AI05257,Python
AI05257,MLOps
AI05257,Scala
AI05258,GCP
AI05258,PyTorch
AI05258,AWS
AI05258,Tableau
AI05259,Docker
AI05259,Kubernetes
AI05259,Tableau
AI05260,R
AI05260,GCP
AI05260,SQL
AI05260,TensorFlow
AI05261,R
AI05261,SQL
AI05261,Tableau
AI05261,PyTorch
AI05261,Linux
AI05262,NLP
AI05262,GCP
AI05262,Linux
AI05262,Hadoop
AI05263,Python
AI05263,Hadoop
AI05263,Tableau
AI05264,Mathematics
AI05264,PyTorch
AI05264,Computer Vision
AI05264,GCP
AI05265,Linux
AI05265,Azure
AI05265,TensorFlow
AI05266,Deep Learning
AI05266,Git
AI05266,GCP
AI05267,Mathematics
AI05267,Kubernetes
AI05267,AWS
AI05267,Git
AI05268,Python
AI05268,Scala
AI05268,AWS
AI05268,TensorFlow
AI05269,Mathematics
AI05269,Kubernetes
AI05269,Tableau
AI05269,Scala
AI05270,Hadoop
AI05270,Kubernetes
AI05270,NLP
AI05270,PyTorch
AI05270,Spark
AI05271,Python
AI05271,GCP
AI05271,Computer Vision
AI05271,TensorFlow
AI05272,Linux
AI05272,Java
AI05272,MLOps
AI05272,Azure
AI05273,Deep Learning
AI05273,SQL
AI05273,Mathematics
AI05274,Azure
AI05274,GCP
AI05274,Deep Learning
AI05274,Computer Vision
AI05275,Java
AI05275,Kubernetes
AI05275,GCP
AI05276,Hadoop
AI05276,Statistics
AI05276,Kubernetes
AI05276,Azure
AI05277,Python
AI05277,Kubernetes
AI05277,GCP
AI05277,Spark
AI05277,Git
AI05278,Python
AI05278,Kubernetes
AI05278,Java
AI05278,Deep Learning
AI05278,AWS
AI05279,GCP
AI05279,Statistics
AI05279,Azure
AI05280,Data Visualization
AI05280,Tableau
AI05280,AWS
AI05281,Hadoop
AI05281,Python
AI05281,Scala
AI05281,TensorFlow
AI05281,Linux
AI05282,Kubernetes
AI05282,MLOps
AI05282,PyTorch
AI05282,Mathematics
AI05283,NLP
AI05283,Docker
AI05283,Mathematics
AI05284,Python
AI05284,Computer Vision
AI05284,Scala
AI05284,TensorFlow
AI05284,Hadoop
AI05285,Mathematics
AI05285,Tableau
AI05285,GCP
AI05285,Java
AI05286,Python
AI05286,Hadoop
AI05286,NLP
AI05287,TensorFlow
AI05287,Hadoop
AI05287,Deep Learning
AI05288,Scala
AI05288,Mathematics
AI05288,Git
AI05288,Tableau
AI05289,Java
AI05289,Computer Vision
AI05289,Kubernetes
AI05289,Scala
AI05289,PyTorch
AI05290,Kubernetes
AI05290,SQL
AI05290,Java
AI05291,PyTorch
AI05291,AWS
AI05291,GCP
AI05291,Java
AI05291,Spark
AI05292,PyTorch
AI05292,Kubernetes
AI05292,Spark
AI05292,Computer Vision
AI05292,AWS
AI05293,Python
AI05293,Statistics
AI05293,Tableau
AI05293,Linux
AI05293,Data Visualization
AI05294,Python
AI05294,Kubernetes
AI05294,TensorFlow
AI05294,Hadoop
AI05295,Python
AI05295,Deep Learning
AI05295,Linux
AI05295,TensorFlow
AI05296,Mathematics
AI05296,Deep Learning
AI05296,Kubernetes
AI05297,Git
AI05297,Linux
AI05297,R
AI05297,Computer Vision
AI05298,Java
AI05298,Tableau
AI05298,Hadoop
AI05299,Kubernetes
AI05299,Git
AI05299,NLP
AI05299,Azure
AI05299,Scala
AI05300,Python
AI05300,MLOps
AI05300,SQL
AI05300,Data Visualization
AI05300,Kubernetes
AI05301,Docker
AI05301,R
AI05301,MLOps
AI05302,Kubernetes
AI05302,R
AI05302,SQL
AI05302,Computer Vision
AI05302,Java
AI05303,AWS
AI05303,Hadoop
AI05303,Tableau
AI05303,Kubernetes
AI05303,Scala
AI05304,Deep Learning
AI05304,Linux
AI05304,Python
AI05305,PyTorch
AI05305,Git
AI05305,SQL
AI05306,Kubernetes
AI05306,AWS
AI05306,Data Visualization
AI05307,Git
AI05307,Mathematics
AI05307,Deep Learning
AI05308,R
AI05308,SQL
AI05308,Tableau
AI05308,MLOps
AI05309,Tableau
AI05309,Hadoop
AI05309,Mathematics
AI05309,SQL
AI05309,Deep Learning
AI05310,Python
AI05310,Git
AI05310,Computer Vision
AI05310,Linux
AI05311,Python
AI05311,Scala
AI05311,Java
AI05312,Python
AI05312,R
AI05312,Tableau
AI05312,NLP
AI05312,Computer Vision
AI05313,Spark
AI05313,Java
AI05313,NLP
AI05313,MLOps
AI05314,Statistics
AI05314,GCP
AI05314,Kubernetes
AI05315,Deep Learning
AI05315,GCP
AI05315,Python
AI05315,Data Visualization
AI05315,MLOps
AI05316,Python
AI05316,MLOps
AI05316,Data Visualization
AI05316,GCP
AI05316,R
AI05317,Data Visualization
AI05317,GCP
AI05317,SQL
AI05317,Mathematics
AI05317,Tableau
AI05318,Linux
AI05318,Python
AI05318,NLP
AI05319,Python
AI05319,Statistics
AI05319,Docker
AI05319,GCP
AI05319,Spark
AI05320,Git
AI05320,Python
AI05320,Linux
AI05321,Spark
AI05321,Linux
AI05321,Tableau
AI05321,MLOps
AI05321,PyTorch
AI05322,R
AI05322,Scala
AI05322,Linux
AI05322,Hadoop
AI05322,Data Visualization
AI05323,Git
AI05323,Statistics
AI05323,Hadoop
AI05323,Deep Learning
AI05323,Computer Vision
AI05324,Java
AI05324,Linux
AI05324,Azure
AI05324,Spark
AI05325,SQL
AI05325,PyTorch
AI05325,Computer Vision
AI05325,R
AI05326,R
AI05326,Hadoop
AI05326,Azure
AI05326,PyTorch
AI05326,AWS
AI05327,Hadoop
AI05327,SQL
AI05327,AWS
AI05328,Git
AI05328,MLOps
AI05328,Linux
AI05328,Scala
AI05329,SQL
AI05329,Kubernetes
AI05329,Tableau
AI05329,Azure
AI05330,SQL
AI05330,TensorFlow
AI05330,Statistics
AI05330,Mathematics
AI05331,Python
AI05331,TensorFlow
AI05331,NLP
AI05331,AWS
AI05332,Java
AI05332,Kubernetes
AI05332,Docker
AI05332,TensorFlow
AI05332,SQL
AI05333,Computer Vision
AI05333,MLOps
AI05333,Tableau
AI05333,Linux
AI05334,Linux
AI05334,Computer Vision
AI05334,Hadoop
AI05334,Deep Learning
AI05335,R
AI05335,Linux
AI05335,Deep Learning
AI05335,TensorFlow
AI05336,SQL
AI05336,Git
AI05336,Data Visualization
AI05337,MLOps
AI05337,Git
AI05337,Tableau
AI05338,Docker
AI05338,Scala
AI05338,Computer Vision
AI05338,SQL
AI05339,Java
AI05339,PyTorch
AI05339,Data Visualization
AI05339,Scala
AI05339,Kubernetes
AI05340,Deep Learning
AI05340,SQL
AI05340,PyTorch
AI05341,Python
AI05341,GCP
AI05341,Kubernetes
AI05342,Kubernetes
AI05342,Python
AI05342,Scala
AI05342,Statistics
AI05342,Docker
AI05343,SQL
AI05343,GCP
AI05343,Tableau
AI05343,NLP
AI05344,Mathematics
AI05344,Scala
AI05344,Statistics
AI05344,Hadoop
AI05345,Spark
AI05345,Deep Learning
AI05345,Kubernetes
AI05345,Azure
AI05346,PyTorch
AI05346,MLOps
AI05346,TensorFlow
AI05347,Hadoop
AI05347,Statistics
AI05347,Azure
AI05347,Git
AI05348,Hadoop
AI05348,Java
AI05348,AWS
AI05348,R
AI05349,Computer Vision
AI05349,Java
AI05349,R
AI05350,AWS
AI05350,Azure
AI05350,GCP
AI05350,Docker
AI05351,Git
AI05351,Spark
AI05351,Data Visualization
AI05351,Hadoop
AI05351,Deep Learning
AI05352,GCP
AI05352,Kubernetes
AI05352,Data Visualization
AI05352,Scala
AI05353,Scala
AI05353,Statistics
AI05353,Git
AI05353,MLOps
AI05353,Computer Vision
AI05354,Java
AI05354,Kubernetes
AI05354,MLOps
AI05354,R
AI05354,Computer Vision
AI05355,MLOps
AI05355,Docker
AI05355,GCP
AI05355,Kubernetes
AI05355,Computer Vision
AI05356,Data Visualization
AI05356,Kubernetes
AI05356,Python
AI05356,Statistics
AI05357,AWS
AI05357,SQL
AI05357,MLOps
AI05358,Docker
AI05358,Python
AI05358,Deep Learning
AI05359,Python
AI05359,TensorFlow
AI05359,Linux
AI05360,Tableau
AI05360,GCP
AI05360,Python
AI05360,Computer Vision
AI05360,Git
AI05361,Docker
AI05361,Data Visualization
AI05361,PyTorch
AI05361,Statistics
AI05361,Kubernetes
AI05362,R
AI05362,Scala
AI05362,Python
AI05363,AWS
AI05363,Data Visualization
AI05363,SQL
AI05364,SQL
AI05364,R
AI05364,Java
AI05364,Kubernetes
AI05364,TensorFlow
AI05365,PyTorch
AI05365,Kubernetes
AI05365,Computer Vision
AI05365,Docker
AI05366,Azure
AI05366,Spark
AI05366,Tableau
AI05366,R
AI05367,Linux
AI05367,Java
AI05367,R
AI05367,Spark
AI05368,Statistics
AI05368,Git
AI05368,SQL
AI05369,Python
AI05369,Git
AI05369,Statistics
AI05369,Scala
AI05369,Linux
AI05370,Linux
AI05370,Mathematics
AI05370,Git
AI05370,Kubernetes
AI05370,PyTorch
AI05371,Scala
AI05371,PyTorch
AI05371,TensorFlow
AI05371,Java
AI05371,Deep Learning
AI05372,Mathematics
AI05372,GCP
AI05372,Linux
AI05373,Tableau
AI05373,Data Visualization
AI05373,Kubernetes
AI05374,Statistics
AI05374,Scala
AI05374,Kubernetes
AI05375,Statistics
AI05375,SQL
AI05375,GCP
AI05375,PyTorch
AI05375,Git
AI05376,MLOps
AI05376,Python
AI05376,Kubernetes
AI05376,Docker
AI05377,TensorFlow
AI05377,Computer Vision
AI05377,NLP
AI05378,Scala
AI05378,Linux
AI05378,R
AI05379,GCP
AI05379,Git
AI05379,Python
AI05380,Python
AI05380,SQL
AI05380,Mathematics
AI05381,Python
AI05381,Spark
AI05381,Hadoop
AI05381,GCP
AI05382,Deep Learning
AI05382,GCP
AI05382,Mathematics
AI05382,Scala
AI05382,Python
AI05383,TensorFlow
AI05383,R
AI05383,PyTorch
AI05384,GCP
AI05384,SQL
AI05384,MLOps
AI05384,Kubernetes
AI05384,Statistics
AI05385,PyTorch
AI05385,GCP
AI05385,Kubernetes
AI05385,Scala
AI05385,Mathematics
AI05386,Hadoop
AI05386,Linux
AI05386,Java
AI05387,Git
AI05387,PyTorch
AI05387,Linux
AI05387,Kubernetes
AI05387,TensorFlow
AI05388,Git
AI05388,Spark
AI05388,Tableau
AI05388,Docker
AI05389,Deep Learning
AI05389,Tableau
AI05389,Linux
AI05390,SQL
AI05390,PyTorch
AI05390,Azure
AI05391,MLOps
AI05391,Kubernetes
AI05391,SQL
AI05391,Mathematics
AI05391,Docker
AI05392,Kubernetes
AI05392,Git
AI05392,Data Visualization
AI05393,Tableau
AI05393,TensorFlow
AI05393,Linux
AI05394,Statistics
AI05394,Hadoop
AI05394,SQL
AI05394,Scala
AI05394,Python
AI05395,TensorFlow
AI05395,SQL
AI05395,Linux
AI05395,Kubernetes
AI05395,GCP
AI05396,Data Visualization
AI05396,Kubernetes
AI05396,Spark
AI05396,Hadoop
AI05397,Git
AI05397,Spark
AI05397,Python
AI05397,AWS
AI05398,Python
AI05398,Azure
AI05398,PyTorch
AI05399,Python
AI05399,Data Visualization
AI05399,Kubernetes
AI05399,Java
AI05400,SQL
AI05400,Python
AI05400,Deep Learning
AI05400,MLOps
AI05401,TensorFlow
AI05401,PyTorch
AI05401,Computer Vision
AI05402,Kubernetes
AI05402,Deep Learning
AI05402,Scala
AI05402,Hadoop
AI05402,Python
AI05403,AWS
AI05403,Statistics
AI05403,Deep Learning
AI05403,Hadoop
AI05404,MLOps
AI05404,R
AI05404,Scala
AI05404,Spark
AI05405,Linux
AI05405,Tableau
AI05405,Spark
AI05405,SQL
AI05406,Azure
AI05406,Git
AI05406,Tableau
AI05406,Data Visualization
AI05407,Python
AI05407,Kubernetes
AI05407,Hadoop
AI05407,Docker
AI05408,NLP
AI05408,Azure
AI05408,Tableau
AI05409,Docker
AI05409,Data Visualization
AI05409,Tableau
AI05410,PyTorch
AI05410,Java
AI05410,Computer Vision
AI05410,GCP
AI05411,Computer Vision
AI05411,Linux
AI05411,TensorFlow
AI05411,MLOps
AI05412,SQL
AI05412,Python
AI05412,R
AI05412,TensorFlow
AI05412,Statistics
AI05413,Linux
AI05413,Java
AI05413,NLP
AI05413,Python
AI05414,NLP
AI05414,Computer Vision
AI05414,Kubernetes
AI05414,TensorFlow
AI05415,Deep Learning
AI05415,Statistics
AI05415,Tableau
AI05415,MLOps
AI05415,PyTorch
AI05416,Scala
AI05416,Git
AI05416,NLP
AI05416,Azure
AI05416,Mathematics
AI05417,Kubernetes
AI05417,PyTorch
AI05417,TensorFlow
AI05417,Tableau
AI05418,SQL
AI05418,Python
AI05418,Kubernetes
AI05418,Linux
AI05418,Scala
AI05419,Java
AI05419,PyTorch
AI05419,Git
AI05419,Scala
AI05419,Kubernetes
AI05420,Python
AI05420,Tableau
AI05420,Computer Vision
AI05420,Deep Learning
AI05420,Git
AI05421,Python
AI05421,Hadoop
AI05421,Tableau
AI05422,Statistics
AI05422,Kubernetes
AI05422,Azure
AI05422,PyTorch
AI05423,Spark
AI05423,SQL
AI05423,Java
AI05423,Docker
AI05423,Computer Vision
AI05424,AWS
AI05424,Python
AI05424,Data Visualization
AI05424,Kubernetes
AI05425,Docker
AI05425,GCP
AI05425,Kubernetes
AI05425,Scala
AI05425,Azure
AI05426,SQL
AI05426,Hadoop
AI05426,Statistics
AI05426,Scala
AI05426,Docker
AI05427,PyTorch
AI05427,Linux
AI05427,Mathematics
AI05427,Spark
AI05428,Python
AI05428,NLP
AI05428,AWS
AI05429,Hadoop
AI05429,Docker
AI05429,Computer Vision
AI05429,Python
AI05429,TensorFlow
AI05430,Java
AI05430,Data Visualization
AI05430,Tableau
AI05430,Kubernetes
AI05431,Docker
AI05431,Git
AI05431,Azure
AI05431,Mathematics
AI05431,Hadoop
AI05432,SQL
AI05432,Docker
AI05432,PyTorch
AI05433,Deep Learning
AI05433,Docker
AI05433,Python
AI05433,SQL
AI05433,Computer Vision
AI05434,PyTorch
AI05434,Spark
AI05434,MLOps
AI05435,Data Visualization
AI05435,Scala
AI05435,SQL
AI05436,Tableau
AI05436,Scala
AI05436,Linux
AI05436,Computer Vision
AI05437,NLP
AI05437,MLOps
AI05437,Hadoop
AI05437,SQL
AI05438,GCP
AI05438,Python
AI05438,Data Visualization
AI05438,Statistics
AI05438,Deep Learning
AI05439,Python
AI05439,MLOps
AI05439,Hadoop
AI05439,Kubernetes
AI05439,Docker
AI05440,TensorFlow
AI05440,Linux
AI05440,Spark
AI05441,R
AI05441,Azure
AI05441,Python
AI05442,Python
AI05442,TensorFlow
AI05442,GCP
AI05443,Scala
AI05443,Linux
AI05443,SQL
AI05444,Git
AI05444,Scala
AI05444,R
AI05445,Java
AI05445,Kubernetes
AI05445,NLP
AI05445,Hadoop
AI05446,NLP
AI05446,SQL
AI05446,Linux
AI05447,SQL
AI05447,Statistics
AI05447,PyTorch
AI05447,Tableau
AI05448,Kubernetes
AI05448,Azure
AI05448,Python
AI05449,Hadoop
AI05449,Python
AI05449,TensorFlow
AI05449,Data Visualization
AI05450,TensorFlow
AI05450,Docker
AI05450,Git
AI05450,Scala
AI05450,Computer Vision
AI05451,Kubernetes
AI05451,Python
AI05451,Computer Vision
AI05451,TensorFlow
AI05451,Linux
AI05452,Scala
AI05452,Hadoop
AI05452,GCP
AI05452,Python
AI05453,Computer Vision
AI05453,SQL
AI05453,Spark
AI05453,PyTorch
AI05453,Statistics
AI05454,Spark
AI05454,Scala
AI05454,Deep Learning
AI05455,Java
AI05455,Spark
AI05455,Python
AI05455,TensorFlow
AI05455,Hadoop
AI05456,Kubernetes
AI05456,Python
AI05456,Linux
AI05456,Data Visualization
AI05456,NLP
AI05457,MLOps
AI05457,Python
AI05457,TensorFlow
AI05458,PyTorch
AI05458,TensorFlow
AI05458,Python
AI05458,Docker
AI05458,NLP
AI05459,Tableau
AI05459,SQL
AI05459,Git
AI05459,Linux
AI05459,Data Visualization
AI05460,NLP
AI05460,Scala
AI05460,Deep Learning
AI05461,Data Visualization
AI05461,Java
AI05461,PyTorch
AI05461,GCP
AI05462,Spark
AI05462,R
AI05462,Scala
AI05462,Linux
AI05463,Git
AI05463,SQL
AI05463,Python
AI05463,GCP
AI05464,Python
AI05464,TensorFlow
AI05464,PyTorch
AI05464,Computer Vision
AI05465,PyTorch
AI05465,TensorFlow
AI05465,Kubernetes
AI05466,Spark
AI05466,R
AI05466,MLOps
AI05466,Java
AI05467,GCP
AI05467,MLOps
AI05467,Deep Learning
AI05467,TensorFlow
AI05468,Docker
AI05468,Kubernetes
AI05468,Git
AI05468,TensorFlow
AI05469,Scala
AI05469,Docker
AI05469,Tableau
AI05469,Java
AI05470,Spark
AI05470,Linux
AI05470,Hadoop
AI05470,Scala
AI05471,Spark
AI05471,Hadoop
AI05471,Scala
AI05471,Docker
AI05472,Git
AI05472,Mathematics
AI05472,Python
AI05473,PyTorch
AI05473,Mathematics
AI05473,TensorFlow
AI05473,GCP
AI05474,Data Visualization
AI05474,Python
AI05474,Docker
AI05475,Java
AI05475,SQL
AI05475,Computer Vision
AI05475,Deep Learning
AI05476,Hadoop
AI05476,SQL
AI05476,Statistics
AI05476,Tableau
AI05476,Azure
AI05477,AWS
AI05477,Python
AI05477,Deep Learning
AI05478,Mathematics
AI05478,Python
AI05478,Data Visualization
AI05479,PyTorch
AI05479,GCP
AI05479,R
AI05480,SQL
AI05480,Azure
AI05480,NLP
AI05480,Docker
AI05480,Hadoop
AI05481,NLP
AI05481,Docker
AI05481,Tableau
AI05481,Linux
AI05481,MLOps
AI05482,Python
AI05482,TensorFlow
AI05482,Computer Vision
AI05482,Deep Learning
AI05483,Python
AI05483,Git
AI05483,SQL
AI05483,Deep Learning
AI05483,TensorFlow
AI05484,Git
AI05484,Python
AI05484,Hadoop
AI05484,TensorFlow
AI05485,Python
AI05485,Spark
AI05485,TensorFlow
AI05485,Statistics
AI05486,Kubernetes
AI05486,Data Visualization
AI05486,Tableau
AI05487,Hadoop
AI05487,Git
AI05487,TensorFlow
AI05487,SQL
AI05488,Kubernetes
AI05488,Computer Vision
AI05488,Hadoop
AI05488,Python
AI05488,Deep Learning
AI05489,Spark
AI05489,Deep Learning
AI05489,Python
AI05489,PyTorch
AI05490,GCP
AI05490,R
AI05490,PyTorch
AI05490,Scala
AI05490,Linux
AI05491,R
AI05491,Scala
AI05491,Linux
AI05492,GCP
AI05492,Linux
AI05492,Java
AI05492,Mathematics
AI05492,R
AI05493,Hadoop
AI05493,Scala
AI05493,Statistics
AI05493,Deep Learning
AI05493,Python
AI05494,Azure
AI05494,Python
AI05494,NLP
AI05495,SQL
AI05495,GCP
AI05495,Scala
AI05496,Kubernetes
AI05496,Mathematics
AI05496,TensorFlow
AI05497,Spark
AI05497,PyTorch
AI05497,Computer Vision
AI05497,R
AI05498,Mathematics
AI05498,Kubernetes
AI05498,Computer Vision
AI05498,Scala
AI05498,Python
AI05499,Linux
AI05499,NLP
AI05499,R
AI05500,Computer Vision
AI05500,Java
AI05500,Data Visualization
AI05501,Scala
AI05501,SQL
AI05501,Git
AI05501,Tableau
AI05502,Hadoop
AI05502,R
AI05502,Computer Vision
AI05502,Statistics
AI05502,NLP
AI05503,Python
AI05503,PyTorch
AI05503,Spark
AI05504,Java
AI05504,Tableau
AI05504,R
AI05505,R
AI05505,Linux
AI05505,Hadoop
AI05505,Spark
AI05506,Tableau
AI05506,Computer Vision
AI05506,Python
AI05506,Azure
AI05506,AWS
AI05507,PyTorch
AI05507,Tableau
AI05507,Kubernetes
AI05507,Git
AI05508,Tableau
AI05508,Docker
AI05508,Git
AI05508,PyTorch
AI05509,NLP
AI05509,Python
AI05509,Deep Learning
AI05509,Data Visualization
AI05509,Spark
AI05510,PyTorch
AI05510,Kubernetes
AI05510,GCP
AI05510,Azure
AI05510,Deep Learning
AI05511,Hadoop
AI05511,PyTorch
AI05511,R
AI05511,Spark
AI05511,Git
AI05512,Tableau
AI05512,Linux
AI05512,R
AI05513,Kubernetes
AI05513,Python
AI05513,Hadoop
AI05513,Computer Vision
AI05514,Python
AI05514,TensorFlow
AI05514,Statistics
AI05514,PyTorch
AI05515,GCP
AI05515,Statistics
AI05515,Hadoop
AI05515,Mathematics
AI05516,PyTorch
AI05516,Data Visualization
AI05516,Tableau
AI05516,Statistics
AI05517,Linux
AI05517,NLP
AI05517,Spark
AI05518,AWS
AI05518,Docker
AI05518,NLP
AI05518,Spark
AI05518,SQL
AI05519,Git
AI05519,AWS
AI05519,Kubernetes
AI05519,Scala
AI05519,Python
AI05520,Hadoop
AI05520,AWS
AI05520,Scala
AI05520,Java
AI05520,Deep Learning
AI05521,R
AI05521,Hadoop
AI05521,Python
AI05521,Git
AI05522,Python
AI05522,Java
AI05522,Statistics
AI05522,Data Visualization
AI05523,Python
AI05523,Tableau
AI05523,SQL
AI05524,Computer Vision
AI05524,R
AI05524,Scala
AI05525,Scala
AI05525,NLP
AI05525,Java
AI05525,Data Visualization
AI05526,Data Visualization
AI05526,Git
AI05526,SQL
AI05527,AWS
AI05527,NLP
AI05527,Python
AI05527,Spark
AI05527,Hadoop
AI05528,Java
AI05528,Statistics
AI05528,MLOps
AI05528,Git
AI05529,GCP
AI05529,Data Visualization
AI05529,Tableau
AI05529,Java
AI05529,Deep Learning
AI05530,AWS
AI05530,Kubernetes
AI05530,PyTorch
AI05531,Data Visualization
AI05531,R
AI05531,Docker
AI05531,Linux
AI05531,Python
AI05532,Python
AI05532,Tableau
AI05532,Hadoop
AI05532,NLP
AI05532,Mathematics
AI05533,Linux
AI05533,Azure
AI05533,Mathematics
AI05533,SQL
AI05533,Python
AI05534,Git
AI05534,Linux
AI05534,GCP
AI05534,Docker
AI05535,Scala
AI05535,Docker
AI05535,Computer Vision
AI05536,Git
AI05536,Java
AI05536,Data Visualization
AI05537,PyTorch
AI05537,TensorFlow
AI05537,Azure
AI05537,Statistics
AI05537,Kubernetes
AI05538,Scala
AI05538,SQL
AI05538,Computer Vision
AI05538,Git
AI05539,Deep Learning
AI05539,SQL
AI05539,Python
AI05539,GCP
AI05539,Mathematics
AI05540,SQL
AI05540,Git
AI05540,Linux
AI05541,Python
AI05541,AWS
AI05541,Hadoop
AI05542,Hadoop
AI05542,Scala
AI05542,Tableau
AI05542,Python
AI05542,GCP
AI05543,Python
AI05543,Hadoop
AI05543,Tableau
AI05544,Computer Vision
AI05544,Python
AI05544,TensorFlow
AI05544,Java
AI05544,Azure
AI05545,Mathematics
AI05545,Python
AI05545,AWS
AI05545,Git
AI05545,Deep Learning
AI05546,Spark
AI05546,PyTorch
AI05546,Deep Learning
AI05546,Python
AI05546,Azure
AI05547,R
AI05547,Python
AI05547,NLP
AI05547,Git
AI05548,R
AI05548,Kubernetes
AI05548,PyTorch
AI05548,MLOps
AI05549,Kubernetes
AI05549,NLP
AI05549,SQL
AI05549,PyTorch
AI05549,Linux
AI05550,MLOps
AI05550,Python
AI05550,TensorFlow
AI05551,Hadoop
AI05551,Java
AI05551,Kubernetes
AI05552,Hadoop
AI05552,AWS
AI05552,Data Visualization
AI05553,Tableau
AI05553,MLOps
AI05553,Mathematics
AI05553,AWS
AI05554,Mathematics
AI05554,Scala
AI05554,Kubernetes
AI05555,Spark
AI05555,Data Visualization
AI05555,Computer Vision
AI05555,Azure
AI05555,Java
AI05556,Deep Learning
AI05556,Scala
AI05556,Tableau
AI05557,Azure
AI05557,GCP
AI05557,Python
AI05557,Scala
AI05558,Azure
AI05558,Kubernetes
AI05558,Data Visualization
AI05558,AWS
AI05558,Mathematics
AI05559,Python
AI05559,TensorFlow
AI05559,Azure
AI05559,PyTorch
AI05560,Azure
AI05560,R
AI05560,SQL
AI05560,Statistics
AI05560,AWS
AI05561,Data Visualization
AI05561,Git
AI05561,Scala
AI05562,Data Visualization
AI05562,Python
AI05562,Java
AI05562,TensorFlow
AI05562,PyTorch
AI05563,Linux
AI05563,Tableau
AI05563,GCP
AI05564,MLOps
AI05564,PyTorch
AI05564,TensorFlow
AI05564,NLP
AI05565,Azure
AI05565,Python
AI05565,Tableau
AI05565,Kubernetes
AI05566,PyTorch
AI05566,Azure
AI05566,AWS
AI05566,SQL
AI05566,Docker
AI05567,Azure
AI05567,R
AI05567,Tableau
AI05567,TensorFlow
AI05567,Computer Vision
AI05568,Docker
AI05568,R
AI05568,AWS
AI05569,Python
AI05569,Java
AI05569,Tableau
AI05570,Mathematics
AI05570,Hadoop
AI05570,Kubernetes
AI05570,TensorFlow
AI05571,Python
AI05571,SQL
AI05571,Linux
AI05571,Data Visualization
AI05572,PyTorch
AI05572,Spark
AI05572,Git
AI05572,Kubernetes
AI05573,Python
AI05573,TensorFlow
AI05573,NLP
AI05573,Docker
AI05574,Kubernetes
AI05574,Docker
AI05574,Azure
AI05575,Hadoop
AI05575,R
AI05575,Linux
AI05575,GCP
AI05576,Kubernetes
AI05576,Spark
AI05576,Mathematics
AI05576,Python
AI05576,Computer Vision
AI05577,TensorFlow
AI05577,PyTorch
AI05577,MLOps
AI05577,Python
AI05577,Deep Learning
AI05578,SQL
AI05578,Git
AI05578,Linux
AI05578,Docker
AI05578,Java
AI05579,Statistics
AI05579,Linux
AI05579,R
AI05580,SQL
AI05580,Linux
AI05580,MLOps
AI05580,AWS
AI05581,Kubernetes
AI05581,Scala
AI05581,Tableau
AI05582,Kubernetes
AI05582,Deep Learning
AI05582,Java
AI05582,Python
AI05583,Python
AI05583,Git
AI05583,Statistics
AI05583,TensorFlow
AI05583,Hadoop
AI05584,PyTorch
AI05584,Azure
AI05584,Tableau
AI05585,R
AI05585,Git
AI05585,Kubernetes
AI05585,GCP
AI05586,Data Visualization
AI05586,Kubernetes
AI05586,Tableau
AI05586,Java
AI05587,Java
AI05587,Computer Vision
AI05587,Data Visualization
AI05587,Scala
AI05588,MLOps
AI05588,Computer Vision
AI05588,SQL
AI05588,Data Visualization
AI05589,SQL
AI05589,Hadoop
AI05589,NLP
AI05589,Python
AI05589,Deep Learning
AI05590,Git
AI05590,Spark
AI05590,Linux
AI05590,Data Visualization
AI05590,Docker
AI05591,R
AI05591,Spark
AI05591,Data Visualization
AI05591,Computer Vision
AI05592,SQL
AI05592,Java
AI05592,Computer Vision
AI05592,Deep Learning
AI05593,Kubernetes
AI05593,Spark
AI05593,Statistics
AI05594,NLP
AI05594,Docker
AI05594,MLOps
AI05594,Computer Vision
AI05595,MLOps
AI05595,Kubernetes
AI05595,SQL
AI05595,Linux
AI05596,Docker
AI05596,PyTorch
AI05596,Git
AI05597,Hadoop
AI05597,Deep Learning
AI05597,Linux
AI05597,TensorFlow
AI05598,Java
AI05598,Spark
AI05598,NLP
AI05598,Hadoop
AI05598,Data Visualization
AI05599,AWS
AI05599,Java
AI05599,Python
AI05599,TensorFlow
AI05600,Linux
AI05600,R
AI05600,Kubernetes
AI05601,Docker
AI05601,Kubernetes
AI05601,Data Visualization
AI05602,Data Visualization
AI05602,NLP
AI05602,Python
AI05603,R
AI05603,Docker
AI05603,Azure
AI05603,Python
AI05603,Tableau
AI05604,Kubernetes
AI05604,Computer Vision
AI05604,Azure
AI05604,Spark
AI05604,NLP
AI05605,Kubernetes
AI05605,R
AI05605,Spark
AI05606,Statistics
AI05606,Python
AI05606,TensorFlow
AI05607,Python
AI05607,Data Visualization
AI05607,Git
AI05607,R
AI05607,GCP
AI05608,Deep Learning
AI05608,Java
AI05608,Data Visualization
AI05608,Statistics
AI05608,SQL
AI05609,PyTorch
AI05609,Java
AI05609,Git
AI05609,Azure
AI05610,AWS
AI05610,Kubernetes
AI05610,PyTorch
AI05610,TensorFlow
AI05611,Azure
AI05611,Python
AI05611,Kubernetes
AI05612,R
AI05612,Kubernetes
AI05612,Deep Learning
AI05613,Python
AI05613,TensorFlow
AI05613,Azure
AI05613,AWS
AI05614,R
AI05614,AWS
AI05614,Git
AI05614,Hadoop
AI05615,Kubernetes
AI05615,Data Visualization
AI05615,Azure
AI05615,Scala
AI05616,GCP
AI05616,PyTorch
AI05616,Tableau
AI05617,R
AI05617,Kubernetes
AI05617,NLP
AI05618,NLP
AI05618,Statistics
AI05618,Python
AI05618,Hadoop
AI05619,PyTorch
AI05619,AWS
AI05619,Mathematics
AI05619,TensorFlow
AI05620,TensorFlow
AI05620,Azure
AI05620,Docker
AI05620,Mathematics
AI05620,MLOps
AI05621,SQL
AI05621,Mathematics
AI05621,GCP
AI05621,Deep Learning
AI05622,Scala
AI05622,SQL
AI05622,Computer Vision
AI05622,R
AI05622,TensorFlow
AI05623,Statistics
AI05623,Docker
AI05623,Computer Vision
AI05623,Data Visualization
AI05623,Java
AI05624,MLOps
AI05624,Azure
AI05624,Mathematics
AI05625,MLOps
AI05625,Python
AI05625,Mathematics
AI05626,NLP
AI05626,PyTorch
AI05626,Data Visualization
AI05627,AWS
AI05627,Azure
AI05627,NLP
AI05627,Python
AI05627,Java
AI05628,Python
AI05628,Scala
AI05628,Kubernetes
AI05628,Spark
AI05628,Linux
AI05629,Python
AI05629,Linux
AI05629,Java
AI05629,TensorFlow
AI05629,Kubernetes
AI05630,Python
AI05630,Scala
AI05630,Hadoop
AI05630,GCP
AI05631,Kubernetes
AI05631,Data Visualization
AI05631,Docker
AI05631,Linux
AI05631,Python
AI05632,Tableau
AI05632,Docker
AI05632,Mathematics
AI05632,Deep Learning
AI05633,Computer Vision
AI05633,Python
AI05633,Mathematics
AI05634,Hadoop
AI05634,Data Visualization
AI05634,Linux
AI05635,GCP
AI05635,MLOps
AI05635,PyTorch
AI05635,TensorFlow
AI05635,Docker
AI05636,Python
AI05636,SQL
AI05636,TensorFlow
AI05636,Statistics
AI05637,AWS
AI05637,GCP
AI05637,Deep Learning
AI05637,Kubernetes
AI05637,PyTorch
AI05638,TensorFlow
AI05638,Tableau
AI05638,GCP
AI05639,Tableau
AI05639,Kubernetes
AI05639,PyTorch
AI05639,NLP
AI05640,TensorFlow
AI05640,Statistics
AI05640,Python
AI05640,Azure
AI05641,Tableau
AI05641,R
AI05641,Hadoop
AI05642,NLP
AI05642,Git
AI05642,Docker
AI05643,Spark
AI05643,Computer Vision
AI05643,Java
AI05644,Spark
AI05644,AWS
AI05644,R
AI05644,Hadoop
AI05645,Spark
AI05645,R
AI05645,SQL
AI05646,Java
AI05646,Python
AI05646,Mathematics
AI05646,Kubernetes
AI05646,Linux
AI05647,Kubernetes
AI05647,Python
AI05647,MLOps
AI05648,Kubernetes
AI05648,Mathematics
AI05648,Java
AI05649,Python
AI05649,GCP
AI05649,TensorFlow
AI05649,Kubernetes
AI05650,Git
AI05650,R
AI05650,MLOps
AI05650,GCP
AI05650,Kubernetes
AI05651,Hadoop
AI05651,Deep Learning
AI05651,R
AI05652,Statistics
AI05652,Kubernetes
AI05652,TensorFlow
AI05652,Spark
AI05653,Tableau
AI05653,SQL
AI05653,Kubernetes
AI05653,Deep Learning
AI05654,SQL
AI05654,Kubernetes
AI05654,GCP
AI05655,TensorFlow
AI05655,Linux
AI05655,Computer Vision
AI05655,Mathematics
AI05655,Python
AI05656,Spark
AI05656,Tableau
AI05656,Kubernetes
AI05656,GCP
AI05657,Tableau
AI05657,NLP
AI05657,TensorFlow
AI05658,Git
AI05658,Linux
AI05658,Java
AI05659,SQL
AI05659,TensorFlow
AI05659,R
AI05660,Spark
AI05660,GCP
AI05660,R
AI05660,Git
AI05660,Docker
AI05661,Kubernetes
AI05661,AWS
AI05661,Git
AI05662,Hadoop
AI05662,Scala
AI05662,Statistics
AI05662,Data Visualization
AI05662,GCP
AI05663,R
AI05663,SQL
AI05663,Spark
AI05664,R
AI05664,PyTorch
AI05664,Azure
AI05664,Deep Learning
AI05665,Linux
AI05665,Python
AI05665,Kubernetes
AI05665,Git
AI05665,Mathematics
AI05666,Git
AI05666,Statistics
AI05666,Docker
AI05667,Python
AI05667,MLOps
AI05667,Java
AI05668,Spark
AI05668,Python
AI05668,TensorFlow
AI05669,Azure
AI05669,Git
AI05669,Python
AI05670,TensorFlow
AI05670,Git
AI05670,Mathematics
AI05671,Java
AI05671,Data Visualization
AI05671,Kubernetes
AI05671,TensorFlow
AI05672,Deep Learning
AI05672,Python
AI05672,MLOps
AI05673,SQL
AI05673,NLP
AI05673,Hadoop
AI05673,Statistics
AI05674,Python
AI05674,Mathematics
AI05674,NLP
AI05675,Spark
AI05675,Docker
AI05675,TensorFlow
AI05676,Scala
AI05676,R
AI05676,Mathematics
AI05677,Azure
AI05677,Python
AI05677,Data Visualization
AI05677,TensorFlow
AI05678,GCP
AI05678,Computer Vision
AI05678,Hadoop
AI05678,Kubernetes
AI05678,Git
AI05679,Java
AI05679,Azure
AI05679,Scala
AI05679,SQL
AI05679,PyTorch
AI05680,SQL
AI05680,AWS
AI05680,Deep Learning
AI05680,Git
AI05681,Python
AI05681,Java
AI05681,AWS
AI05682,MLOps
AI05682,TensorFlow
AI05682,Git
AI05682,GCP
AI05682,Statistics
AI05683,NLP
AI05683,Python
AI05683,Spark
AI05684,Computer Vision
AI05684,Mathematics
AI05684,Hadoop
AI05684,GCP
AI05685,PyTorch
AI05685,Hadoop
AI05685,Kubernetes
AI05686,Deep Learning
AI05686,Docker
AI05686,Scala
AI05687,Azure
AI05687,PyTorch
AI05687,TensorFlow
AI05688,Python
AI05688,TensorFlow
AI05688,SQL
AI05688,Scala
AI05689,Python
AI05689,Docker
AI05689,Hadoop
AI05689,Tableau
AI05689,TensorFlow
AI05690,Kubernetes
AI05690,Git
AI05690,NLP
AI05691,Tableau
AI05691,Computer Vision
AI05691,Data Visualization
AI05691,Git
AI05691,Deep Learning
AI05692,NLP
AI05692,SQL
AI05692,Data Visualization
AI05692,R
AI05693,R
AI05693,Java
AI05693,Deep Learning
AI05693,Data Visualization
AI05693,NLP
AI05694,AWS
AI05694,R
AI05694,NLP
AI05694,Computer Vision
AI05694,Linux
AI05695,Data Visualization
AI05695,Scala
AI05695,Git
AI05696,Python
AI05696,TensorFlow
AI05696,Data Visualization
AI05696,MLOps
AI05696,Tableau
AI05697,Data Visualization
AI05697,Scala
AI05697,Azure
AI05697,Linux
AI05697,AWS
AI05698,Python
AI05698,Hadoop
AI05698,NLP
AI05699,Linux
AI05699,NLP
AI05699,Scala
AI05699,Git
AI05700,TensorFlow
AI05700,Tableau
AI05700,AWS
AI05701,TensorFlow
AI05701,Git
AI05701,PyTorch
AI05701,Kubernetes
AI05702,Spark
AI05702,Scala
AI05702,Java
AI05702,Computer Vision
AI05702,Azure
AI05703,Python
AI05703,AWS
AI05703,Hadoop
AI05703,TensorFlow
AI05703,PyTorch
AI05704,Computer Vision
AI05704,R
AI05704,SQL
AI05704,Linux
AI05705,Java
AI05705,Scala
AI05705,Computer Vision
AI05705,Linux
AI05705,Tableau
AI05706,Git
AI05706,Java
AI05706,Statistics
AI05706,Python
AI05706,Deep Learning
AI05707,Hadoop
AI05707,Spark
AI05707,TensorFlow
AI05707,NLP
AI05707,R
AI05708,Python
AI05708,Scala
AI05708,Data Visualization
AI05708,Linux
AI05709,Tableau
AI05709,Python
AI05709,TensorFlow
AI05709,Docker
AI05710,Hadoop
AI05710,NLP
AI05710,PyTorch
AI05710,Tableau
AI05710,Python
AI05711,Statistics
AI05711,Git
AI05711,Data Visualization
AI05712,Spark
AI05712,Docker
AI05712,NLP
AI05713,SQL
AI05713,Linux
AI05713,PyTorch
AI05714,MLOps
AI05714,R
AI05714,Computer Vision
AI05714,Java
AI05715,NLP
AI05715,AWS
AI05715,Spark
AI05715,GCP
AI05715,Statistics
AI05716,Data Visualization
AI05716,PyTorch
AI05716,GCP
AI05716,TensorFlow
AI05717,Tableau
AI05717,Git
AI05717,Azure
AI05717,Python
AI05718,Statistics
AI05718,Spark
AI05718,Data Visualization
AI05718,R
AI05718,Azure
AI05719,Mathematics
AI05719,Python
AI05719,Java
AI05719,Scala
AI05719,Git
AI05720,NLP
AI05720,AWS
AI05720,Spark
AI05721,MLOps
AI05721,Linux
AI05721,Tableau
AI05722,Java
AI05722,Azure
AI05722,NLP
AI05722,R
AI05722,Tableau
AI05723,MLOps
AI05723,Deep Learning
AI05723,AWS
AI05723,Java
AI05723,Mathematics
AI05724,Java
AI05724,R
AI05724,Deep Learning
AI05725,Scala
AI05725,Spark
AI05725,Java
AI05725,Kubernetes
AI05725,Statistics
AI05726,Python
AI05726,Azure
AI05726,Mathematics
AI05726,GCP
AI05727,GCP
AI05727,Linux
AI05727,Hadoop
AI05728,Scala
AI05728,AWS
AI05728,Azure
AI05728,Statistics
AI05729,Git
AI05729,GCP
AI05729,Spark
AI05730,MLOps
AI05730,TensorFlow
AI05730,Data Visualization
AI05730,Linux
AI05731,Kubernetes
AI05731,Deep Learning
AI05731,TensorFlow
AI05732,Kubernetes
AI05732,Linux
AI05732,MLOps
AI05733,Tableau
AI05733,Mathematics
AI05733,Python
AI05733,TensorFlow
AI05733,Git
AI05734,TensorFlow
AI05734,Statistics
AI05734,AWS
AI05735,Python
AI05735,Azure
AI05735,TensorFlow
AI05735,Linux
AI05736,Git
AI05736,Azure
AI05736,Computer Vision
AI05737,SQL
AI05737,PyTorch
AI05737,MLOps
AI05737,Computer Vision
AI05738,Hadoop
AI05738,SQL
AI05738,Kubernetes
AI05739,PyTorch
AI05739,Linux
AI05739,Scala
AI05739,Git
AI05739,SQL
AI05740,Computer Vision
AI05740,Hadoop
AI05740,Azure
AI05740,Deep Learning
AI05741,SQL
AI05741,Linux
AI05741,Hadoop
AI05741,Scala
AI05741,Kubernetes
AI05742,Azure
AI05742,AWS
AI05742,Linux
AI05742,NLP
AI05743,Deep Learning
AI05743,SQL
AI05743,Kubernetes
AI05743,Scala
AI05743,Java
AI05744,Docker
AI05744,TensorFlow
AI05744,PyTorch
AI05744,Mathematics
AI05744,NLP
AI05745,Computer Vision
AI05745,Kubernetes
AI05745,Java
AI05746,Java
AI05746,Git
AI05746,AWS
AI05746,GCP
AI05747,Git
AI05747,Python
AI05747,Azure
AI05747,Statistics
AI05747,GCP
AI05748,PyTorch
AI05748,NLP
AI05748,Azure
AI05748,SQL
AI05748,TensorFlow
AI05749,Kubernetes
AI05749,Computer Vision
AI05749,Deep Learning
AI05749,Python
AI05750,Tableau
AI05750,NLP
AI05750,Scala
AI05750,SQL
AI05750,Java
AI05751,SQL
AI05751,AWS
AI05751,Tableau
AI05751,Kubernetes
AI05752,PyTorch
AI05752,TensorFlow
AI05752,Linux
AI05753,Tableau
AI05753,SQL
AI05753,Deep Learning
AI05753,Mathematics
AI05754,Linux
AI05754,Docker
AI05754,Deep Learning
AI05754,Python
AI05754,Computer Vision
AI05755,SQL
AI05755,Python
AI05755,Kubernetes
AI05756,PyTorch
AI05756,Scala
AI05756,Git
AI05756,Deep Learning
AI05757,PyTorch
AI05757,Computer Vision
AI05757,Hadoop
AI05757,Python
AI05757,Data Visualization
AI05758,R
AI05758,SQL
AI05758,Deep Learning
AI05759,Tableau
AI05759,Git
AI05759,Linux
AI05760,SQL
AI05760,Java
AI05760,NLP
AI05761,Kubernetes
AI05761,Java
AI05761,Spark
AI05761,Data Visualization
AI05762,Spark
AI05762,Tableau
AI05762,Kubernetes
AI05763,AWS
AI05763,Azure
AI05763,Linux
AI05763,Git
AI05764,Azure
AI05764,SQL
AI05764,Spark
AI05764,PyTorch
AI05765,NLP
AI05765,Linux
AI05765,AWS
AI05766,Docker
AI05766,Deep Learning
AI05766,Data Visualization
AI05766,AWS
AI05767,Tableau
AI05767,Python
AI05767,NLP
AI05768,NLP
AI05768,Kubernetes
AI05768,GCP
AI05769,TensorFlow
AI05769,Data Visualization
AI05769,Tableau
AI05770,Git
AI05770,Java
AI05770,SQL
AI05770,PyTorch
AI05771,Java
AI05771,Computer Vision
AI05771,R
AI05771,Azure
AI05772,GCP
AI05772,Docker
AI05772,Git
AI05772,Linux
AI05773,R
AI05773,PyTorch
AI05773,Hadoop
AI05773,Spark
AI05774,R
AI05774,Spark
AI05774,Hadoop
AI05774,SQL
AI05775,PyTorch
AI05775,MLOps
AI05775,Computer Vision
AI05775,Statistics
AI05775,NLP
AI05776,Kubernetes
AI05776,Python
AI05776,TensorFlow
AI05776,Statistics
AI05776,Git
AI05777,Spark
AI05777,SQL
AI05777,Hadoop
AI05778,Python
AI05778,TensorFlow
AI05778,PyTorch
AI05778,Azure
AI05778,MLOps
AI05779,AWS
AI05779,Data Visualization
AI05779,SQL
AI05779,GCP
AI05779,Mathematics
AI05780,R
AI05780,Kubernetes
AI05780,Python
AI05780,Statistics
AI05780,Linux
AI05781,Scala
AI05781,Java
AI05781,Spark
AI05781,NLP
AI05781,MLOps
AI05782,Python
AI05782,TensorFlow
AI05782,AWS
AI05782,Azure
AI05783,Statistics
AI05783,Scala
AI05783,Tableau
AI05783,Azure
AI05784,Spark
AI05784,Kubernetes
AI05784,Mathematics
AI05784,GCP
AI05784,PyTorch
AI05785,TensorFlow
AI05785,Mathematics
AI05785,Scala
AI05785,Kubernetes
AI05786,Deep Learning
AI05786,MLOps
AI05786,Git
AI05786,Computer Vision
AI05787,R
AI05787,Tableau
AI05787,Hadoop
AI05788,TensorFlow
AI05788,Python
AI05788,Data Visualization
AI05788,GCP
AI05789,Mathematics
AI05789,Python
AI05789,TensorFlow
AI05790,MLOps
AI05790,NLP
AI05790,Docker
AI05791,NLP
AI05791,Kubernetes
AI05791,AWS
AI05792,Hadoop
AI05792,MLOps
AI05792,Deep Learning
AI05792,SQL
AI05792,TensorFlow
AI05793,TensorFlow
AI05793,Kubernetes
AI05793,Statistics
AI05793,SQL
AI05793,Spark
AI05794,Spark
AI05794,R
AI05794,Java
AI05794,Computer Vision
AI05795,Hadoop
AI05795,Tableau
AI05795,Spark
AI05795,Scala
AI05796,Python
AI05796,Mathematics
AI05796,TensorFlow
AI05796,Spark
AI05797,PyTorch
AI05797,SQL
AI05797,Linux
AI05797,MLOps
AI05797,Java
AI05798,TensorFlow
AI05798,Python
AI05798,Deep Learning
AI05798,Docker
AI05799,SQL
AI05799,PyTorch
AI05799,Docker
AI05799,Kubernetes
AI05800,Linux
AI05800,AWS
AI05800,Hadoop
AI05801,Java
AI05801,NLP
AI05801,Scala
AI05801,Docker
AI05802,AWS
AI05802,Spark
AI05802,Linux
AI05802,PyTorch
AI05803,Python
AI05803,TensorFlow
AI05803,Spark
AI05804,GCP
AI05804,Python
AI05804,Tableau
AI05804,Data Visualization
AI05804,TensorFlow
AI05805,Data Visualization
AI05805,Scala
AI05805,Kubernetes
AI05806,TensorFlow
AI05806,Git
AI05806,Python
AI05807,Python
AI05807,TensorFlow
AI05807,Docker
AI05807,PyTorch
AI05807,Azure
AI05808,Mathematics
AI05808,MLOps
AI05808,Computer Vision
AI05808,PyTorch
AI05808,Scala
AI05809,Spark
AI05809,Git
AI05809,Tableau
AI05810,AWS
AI05810,Linux
AI05810,Data Visualization
AI05810,NLP
AI05810,Statistics
AI05811,Kubernetes
AI05811,Python
AI05811,Mathematics
AI05812,PyTorch
AI05812,TensorFlow
AI05812,R
AI05813,AWS
AI05813,Python
AI05813,Mathematics
AI05813,TensorFlow
AI05814,GCP
AI05814,R
AI05814,MLOps
AI05814,Hadoop
AI05815,Azure
AI05815,R
AI05815,Kubernetes
AI05816,AWS
AI05816,Azure
AI05816,SQL
AI05816,Spark
AI05817,Mathematics
AI05817,Statistics
AI05817,Linux
AI05817,Tableau
AI05817,Deep Learning
AI05818,Git
AI05818,Spark
AI05818,Linux
AI05818,R
AI05818,Python
AI05819,Docker
AI05819,GCP
AI05819,Hadoop
AI05819,Scala
AI05819,Linux
AI05820,Data Visualization
AI05820,NLP
AI05820,Deep Learning
AI05820,Kubernetes
AI05821,Docker
AI05821,Linux
AI05821,GCP
AI05821,Python
AI05822,Java
AI05822,Deep Learning
AI05822,Docker
AI05823,Kubernetes
AI05823,Hadoop
AI05823,Scala
AI05823,GCP
AI05824,PyTorch
AI05824,AWS
AI05824,SQL
AI05824,Scala
AI05824,TensorFlow
AI05825,Python
AI05825,TensorFlow
AI05825,PyTorch
AI05826,Kubernetes
AI05826,Scala
AI05826,Spark
AI05826,Computer Vision
AI05826,Hadoop
AI05827,Java
AI05827,TensorFlow
AI05827,MLOps
AI05827,Linux
AI05828,Spark
AI05828,SQL
AI05828,Java
AI05828,Azure
AI05828,MLOps
AI05829,Data Visualization
AI05829,Linux
AI05829,Docker
AI05830,PyTorch
AI05830,Linux
AI05830,NLP
AI05830,GCP
AI05830,SQL
AI05831,Data Visualization
AI05831,SQL
AI05831,Azure
AI05831,Docker
AI05832,MLOps
AI05832,Python
AI05832,Linux
AI05832,Computer Vision
AI05832,TensorFlow
AI05833,Azure
AI05833,Java
AI05833,R
AI05833,Hadoop
AI05834,Spark
AI05834,Python
AI05834,Linux
AI05834,TensorFlow
AI05835,Scala
AI05835,Linux
AI05835,Statistics
AI05836,NLP
AI05836,R
AI05836,MLOps
AI05836,Statistics
AI05837,Mathematics
AI05837,GCP
AI05837,Data Visualization
AI05838,Java
AI05838,Python
AI05838,Deep Learning
AI05839,Kubernetes
AI05839,MLOps
AI05839,Spark
AI05839,Scala
AI05839,Hadoop
AI05840,Linux
AI05840,Tableau
AI05840,SQL
AI05841,Python
AI05841,GCP
AI05841,Mathematics
AI05841,Git
AI05842,SQL
AI05842,Hadoop
AI05842,Statistics
AI05843,SQL
AI05843,Python
AI05843,Git
AI05843,AWS
AI05843,Linux
AI05844,PyTorch
AI05844,Git
AI05844,MLOps
AI05844,Kubernetes
AI05845,Scala
AI05845,MLOps
AI05845,R
AI05846,PyTorch
AI05846,Java
AI05846,Deep Learning
AI05847,NLP
AI05847,GCP
AI05847,Java
AI05848,R
AI05848,Java
AI05848,MLOps
AI05848,Git
AI05848,Deep Learning
AI05849,Linux
AI05849,Git
AI05849,Azure
AI05849,Tableau
AI05849,AWS
AI05850,Deep Learning
AI05850,Python
AI05850,Kubernetes
AI05850,SQL
AI05850,R
AI05851,MLOps
AI05851,Data Visualization
AI05851,SQL
AI05851,Statistics
AI05852,PyTorch
AI05852,Python
AI05852,Scala
AI05853,Kubernetes
AI05853,Azure
AI05853,Data Visualization
AI05853,MLOps
AI05853,Python
AI05854,GCP
AI05854,MLOps
AI05854,Python
AI05855,Python
AI05855,Hadoop
AI05855,Kubernetes
AI05856,Linux
AI05856,Azure
AI05856,TensorFlow
AI05856,Statistics
AI05856,Data Visualization
AI05857,R
AI05857,MLOps
AI05857,Python
AI05858,Python
AI05858,NLP
AI05858,Linux
AI05858,Spark
AI05858,TensorFlow
AI05859,TensorFlow
AI05859,Kubernetes
AI05859,Linux
AI05860,Deep Learning
AI05860,Java
AI05860,Tableau
AI05860,AWS
AI05861,AWS
AI05861,Python
AI05861,Tableau
AI05862,Azure
AI05862,Kubernetes
AI05862,Spark
AI05863,Kubernetes
AI05863,Deep Learning
AI05863,GCP
AI05863,AWS
AI05863,R
AI05864,NLP
AI05864,AWS
AI05864,Deep Learning
AI05864,Spark
AI05864,TensorFlow
AI05865,R
AI05865,Hadoop
AI05865,Docker
AI05865,Kubernetes
AI05865,SQL
AI05866,R
AI05866,NLP
AI05866,SQL
AI05866,Docker
AI05866,PyTorch
AI05867,Data Visualization
AI05867,Linux
AI05867,Kubernetes
AI05867,Tableau
AI05867,Docker
AI05868,Java
AI05868,Statistics
AI05868,Deep Learning
AI05868,Computer Vision
AI05869,R
AI05869,Tableau
AI05869,SQL
AI05869,Mathematics
AI05870,NLP
AI05870,Azure
AI05870,Deep Learning
AI05871,PyTorch
AI05871,Scala
AI05871,Tableau
AI05871,Kubernetes
AI05872,NLP
AI05872,Hadoop
AI05872,Java
AI05873,Git
AI05873,Linux
AI05873,Kubernetes
AI05873,Deep Learning
AI05874,Mathematics
AI05874,Git
AI05874,Azure
AI05875,Java
AI05875,Deep Learning
AI05875,Python
AI05875,GCP
AI05876,Hadoop
AI05876,AWS
AI05876,Computer Vision
AI05876,TensorFlow
AI05876,Azure
AI05877,Python
AI05877,Kubernetes
AI05877,TensorFlow
AI05877,AWS
AI05878,Deep Learning
AI05878,TensorFlow
AI05878,MLOps
AI05879,AWS
AI05879,Kubernetes
AI05879,Hadoop
AI05880,R
AI05880,Scala
AI05880,Git
AI05881,Hadoop
AI05881,R
AI05881,Spark
AI05881,Docker
AI05882,Data Visualization
AI05882,GCP
AI05882,Spark
AI05883,SQL
AI05883,Mathematics
AI05883,TensorFlow
AI05883,Deep Learning
AI05883,Spark
AI05884,Git
AI05884,R
AI05884,Deep Learning
AI05885,Mathematics
AI05885,Spark
AI05885,Tableau
AI05885,PyTorch
AI05886,Python
AI05886,MLOps
AI05886,Hadoop
AI05887,R
AI05887,Scala
AI05887,Data Visualization
AI05888,Mathematics
AI05888,Spark
AI05888,AWS
AI05888,Statistics
AI05888,GCP
AI05889,Deep Learning
AI05889,NLP
AI05889,Java
AI05889,Hadoop
AI05890,R
AI05890,Kubernetes
AI05890,GCP
AI05890,Hadoop
AI05891,Computer Vision
AI05891,Docker
AI05891,Mathematics
AI05891,Linux
AI05892,Python
AI05892,Azure
AI05892,MLOps
AI05892,Tableau
AI05893,PyTorch
AI05893,AWS
AI05893,Computer Vision
AI05893,Deep Learning
AI05894,Scala
AI05894,MLOps
AI05894,Data Visualization
AI05895,Tableau
AI05895,Java
AI05895,R
AI05895,Kubernetes
AI05895,Spark
AI05896,Python
AI05896,NLP
AI05896,Data Visualization
AI05896,TensorFlow
AI05897,GCP
AI05897,Scala
AI05897,Azure
AI05897,Java
AI05898,R
AI05898,SQL
AI05898,NLP
AI05898,Mathematics
AI05899,R
AI05899,Kubernetes
AI05899,Java
AI05899,AWS
AI05899,PyTorch
AI05900,Python
AI05900,Spark
AI05900,Tableau
AI05901,Python
AI05901,TensorFlow
AI05901,Azure
AI05901,R
AI05902,SQL
AI05902,MLOps
AI05902,Python
AI05902,Hadoop
AI05902,Spark
AI05903,Data Visualization
AI05903,Computer Vision
AI05903,Scala
AI05903,PyTorch
AI05904,Java
AI05904,Kubernetes
AI05904,MLOps
AI05904,Computer Vision
AI05905,Git
AI05905,Azure
AI05905,Java
AI05906,Computer Vision
AI05906,Python
AI05906,Azure
AI05906,R
AI05906,Mathematics
AI05907,Scala
AI05907,Data Visualization
AI05907,Kubernetes
AI05907,Git
AI05908,Java
AI05908,Linux
AI05908,AWS
AI05908,Tableau
AI05908,Azure
AI05909,Java
AI05909,Python
AI05909,Statistics
AI05910,R
AI05910,Hadoop
AI05910,Java
AI05910,Statistics
AI05910,Azure
AI05911,NLP
AI05911,Scala
AI05911,TensorFlow
AI05911,AWS
AI05911,Azure
AI05912,Java
AI05912,Hadoop
AI05912,Mathematics
AI05912,Linux
AI05912,Statistics
AI05913,Data Visualization
AI05913,Python
AI05913,Azure
AI05913,Deep Learning
AI05914,PyTorch
AI05914,TensorFlow
AI05914,Azure
AI05914,Deep Learning
AI05915,TensorFlow
AI05915,Data Visualization
AI05915,Git
AI05916,Spark
AI05916,SQL
AI05916,Java
AI05916,Azure
AI05916,Data Visualization
AI05917,Hadoop
AI05917,Java
AI05917,PyTorch
AI05917,Azure
AI05917,Kubernetes
AI05918,Python
AI05918,R
AI05918,Scala
AI05918,Java
AI05919,Git
AI05919,Deep Learning
AI05919,MLOps
AI05920,SQL
AI05920,Tableau
AI05920,TensorFlow
AI05920,Kubernetes
AI05921,Python
AI05921,TensorFlow
AI05921,Tableau
AI05921,Docker
AI05922,Mathematics
AI05922,Git
AI05922,MLOps
AI05922,Deep Learning
AI05922,Computer Vision
AI05923,Deep Learning
AI05923,Docker
AI05923,Data Visualization
AI05923,Azure
AI05923,Computer Vision
AI05924,R
AI05924,Linux
AI05924,Mathematics
AI05925,Python
AI05925,Spark
AI05925,Tableau
AI05925,R
AI05926,Python
AI05926,Mathematics
AI05926,Linux
AI05927,Docker
AI05927,Mathematics
AI05927,TensorFlow
AI05928,Python
AI05928,AWS
AI05928,Scala
AI05929,Git
AI05929,Computer Vision
AI05929,Kubernetes
AI05929,NLP
AI05930,Python
AI05930,TensorFlow
AI05930,GCP
AI05931,Hadoop
AI05931,Git
AI05931,Azure
AI05931,TensorFlow
AI05931,Spark
AI05932,PyTorch
AI05932,Kubernetes
AI05932,Python
AI05933,Deep Learning
AI05933,Docker
AI05933,Azure
AI05933,Python
AI05934,R
AI05934,Deep Learning
AI05934,SQL
AI05934,GCP
AI05935,Scala
AI05935,GCP
AI05935,Statistics
AI05935,R
AI05936,Computer Vision
AI05936,Statistics
AI05936,MLOps
AI05936,Scala
AI05936,Data Visualization
AI05937,Data Visualization
AI05937,Scala
AI05937,Mathematics
AI05937,AWS
AI05938,Statistics
AI05938,Deep Learning
AI05938,NLP
AI05939,Mathematics
AI05939,Deep Learning
AI05939,Tableau
AI05939,TensorFlow
AI05940,TensorFlow
AI05940,Tableau
AI05940,Python
AI05941,R
AI05941,Docker
AI05941,SQL
AI05941,Computer Vision
AI05941,GCP
AI05942,Tableau
AI05942,TensorFlow
AI05942,Scala
AI05942,NLP
AI05943,Data Visualization
AI05943,Linux
AI05943,Deep Learning
AI05943,Scala
AI05944,Data Visualization
AI05944,Spark
AI05944,AWS
AI05945,Kubernetes
AI05945,Mathematics
AI05945,Python
AI05945,Spark
AI05946,Data Visualization
AI05946,Hadoop
AI05946,Tableau
AI05946,Kubernetes
AI05947,Scala
AI05947,Git
AI05947,Tableau
AI05947,Kubernetes
AI05948,Scala
AI05948,TensorFlow
AI05948,Python
AI05948,Docker
AI05949,Computer Vision
AI05949,GCP
AI05949,Scala
AI05949,Deep Learning
AI05949,Tableau
AI05950,GCP
AI05950,Scala
AI05950,AWS
AI05950,PyTorch
AI05950,SQL
AI05951,Computer Vision
AI05951,PyTorch
AI05951,GCP
AI05951,TensorFlow
AI05951,MLOps
AI05952,Git
AI05952,NLP
AI05952,Scala
AI05953,AWS
AI05953,Python
AI05953,Tableau
AI05954,Mathematics
AI05954,Python
AI05954,MLOps
AI05954,Azure
AI05955,Python
AI05955,MLOps
AI05955,NLP
AI05955,Spark
AI05956,Mathematics
AI05956,Kubernetes
AI05956,SQL
AI05956,Statistics
AI05956,MLOps
AI05957,SQL
AI05957,Git
AI05957,Tableau
AI05957,AWS
AI05957,PyTorch
AI05958,Statistics
AI05958,Data Visualization
AI05958,NLP
AI05959,Kubernetes
AI05959,Data Visualization
AI05959,MLOps
AI05959,SQL
AI05960,Kubernetes
AI05960,Linux
AI05960,R
AI05961,Azure
AI05961,Spark
AI05961,MLOps
AI05961,Hadoop
AI05961,Data Visualization
AI05962,R
AI05962,Git
AI05962,GCP
AI05962,Statistics
AI05963,R
AI05963,SQL
AI05963,Spark
AI05964,Kubernetes
AI05964,TensorFlow
AI05964,AWS
AI05964,Mathematics
AI05965,Tableau
AI05965,SQL
AI05965,Scala
AI05965,Computer Vision
AI05966,MLOps
AI05966,Scala
AI05966,Python
AI05967,Hadoop
AI05967,Java
AI05967,Data Visualization
AI05967,Computer Vision
AI05968,Spark
AI05968,AWS
AI05968,Mathematics
AI05968,SQL
AI05968,Deep Learning
AI05969,Tableau
AI05969,Scala
AI05969,Hadoop
AI05969,AWS
AI05969,GCP
AI05970,Linux
AI05970,Computer Vision
AI05970,Data Visualization
AI05970,GCP
AI05971,SQL
AI05971,Java
AI05971,Hadoop
AI05971,GCP
AI05971,Git
AI05972,Mathematics
AI05972,Statistics
AI05972,SQL
AI05972,Computer Vision
AI05973,Spark
AI05973,SQL
AI05973,Computer Vision
AI05973,Scala
AI05973,Kubernetes
AI05974,Spark
AI05974,R
AI05974,PyTorch
AI05974,TensorFlow
AI05974,Statistics
AI05975,Kubernetes
AI05975,Scala
AI05975,Tableau
AI05975,R
AI05975,GCP
AI05976,Deep Learning
AI05976,Mathematics
AI05976,MLOps
AI05976,R
AI05976,Python
AI05977,Tableau
AI05977,GCP
AI05977,Scala
AI05978,Mathematics
AI05978,Python
AI05978,R
AI05978,AWS
AI05978,Kubernetes
AI05979,Linux
AI05979,SQL
AI05979,Azure
AI05980,Python
AI05980,Java
AI05980,Deep Learning
AI05981,Java
AI05981,Data Visualization
AI05981,GCP
AI05981,Hadoop
AI05981,Mathematics
AI05982,Docker
AI05982,Linux
AI05982,Deep Learning
AI05983,Linux
AI05983,R
AI05983,Kubernetes
AI05984,TensorFlow
AI05984,Spark
AI05984,Statistics
AI05985,Python
AI05985,Data Visualization
AI05985,Hadoop
AI05985,Statistics
AI05985,AWS
AI05986,Deep Learning
AI05986,PyTorch
AI05986,Data Visualization
AI05986,TensorFlow
AI05987,SQL
AI05987,PyTorch
AI05987,Azure
AI05988,Scala
AI05988,TensorFlow
AI05988,Python
AI05988,Computer Vision
AI05988,Docker
AI05989,SQL
AI05989,Azure
AI05989,NLP
AI05989,PyTorch
AI05990,Linux
AI05990,Git
AI05990,Docker
AI05990,Python
AI05990,TensorFlow
AI05991,Kubernetes
AI05991,R
AI05991,Tableau
AI05992,TensorFlow
AI05992,Spark
AI05992,Kubernetes
AI05992,Linux
AI05992,Python
AI05993,Kubernetes
AI05993,Git
AI05993,Tableau
AI05993,AWS
AI05994,Data Visualization
AI05994,MLOps
AI05994,Java
AI05994,Python
AI05994,Statistics
AI05995,Spark
AI05995,Linux
AI05995,TensorFlow
AI05995,Statistics
AI05995,Deep Learning
AI05996,NLP
AI05996,TensorFlow
AI05996,R
AI05996,Mathematics
AI05996,AWS
AI05997,Statistics
AI05997,Kubernetes
AI05997,Computer Vision
AI05997,Hadoop
AI05997,PyTorch
AI05998,NLP
AI05998,Python
AI05998,Data Visualization
AI05998,Deep Learning
AI05998,Linux
AI05999,Hadoop
AI05999,PyTorch
AI05999,Scala
AI06000,Java
AI06000,Scala
AI06000,Docker
AI06000,R
AI06001,Spark
AI06001,R
AI06001,GCP
AI06001,Scala
AI06002,Python
AI06002,AWS
AI06002,Computer Vision
AI06002,Kubernetes
AI06003,Java
AI06003,Spark
AI06003,MLOps
AI06004,AWS
AI06004,SQL
AI06004,Deep Learning
AI06004,GCP
AI06005,NLP
AI06005,Python
AI06005,Hadoop
AI06005,Tableau
AI06006,Computer Vision
AI06006,Linux
AI06006,Python
AI06006,NLP
AI06007,Kubernetes
AI06007,Linux
AI06007,Spark
AI06007,GCP
AI06008,Docker
AI06008,Python
AI06008,Spark
AI06008,Hadoop
AI06008,Deep Learning
AI06009,SQL
AI06009,MLOps
AI06009,Java
AI06010,Tableau
AI06010,Java
AI06010,Kubernetes
AI06010,Deep Learning
AI06010,R
AI06011,Computer Vision
AI06011,NLP
AI06011,Data Visualization
AI06011,MLOps
AI06012,SQL
AI06012,Computer Vision
AI06012,Docker
AI06013,Linux
AI06013,Azure
AI06013,PyTorch
AI06013,TensorFlow
AI06014,Mathematics
AI06014,Python
AI06014,TensorFlow
AI06014,Java
AI06015,Scala
AI06015,NLP
AI06015,GCP
AI06015,Hadoop
AI06015,TensorFlow
AI06016,Python
AI06016,Computer Vision
AI06016,AWS
AI06016,PyTorch
AI06016,TensorFlow
AI06017,Azure
AI06017,Computer Vision
AI06017,R
AI06017,Data Visualization
AI06018,Python
AI06018,Scala
AI06018,Deep Learning
AI06018,Tableau
AI06019,Git
AI06019,Docker
AI06019,Mathematics
AI06019,Python
AI06020,Data Visualization
AI06020,Python
AI06020,Hadoop
AI06020,TensorFlow
AI06021,Kubernetes
AI06021,Linux
AI06021,Data Visualization
AI06021,Scala
AI06021,SQL
AI06022,Python
AI06022,TensorFlow
AI06022,Computer Vision
AI06022,GCP
AI06022,Spark
AI06023,Git
AI06023,R
AI06023,Python
AI06023,Java
AI06023,Deep Learning
AI06024,Linux
AI06024,Statistics
AI06024,Computer Vision
AI06025,PyTorch
AI06025,Hadoop
AI06025,NLP
AI06025,Computer Vision
AI06025,GCP
AI06026,PyTorch
AI06026,Spark
AI06026,Hadoop
AI06026,Java
AI06027,Statistics
AI06027,SQL
AI06027,Java
AI06027,Mathematics
AI06028,AWS
AI06028,Kubernetes
AI06028,Python
AI06028,Tableau
AI06029,SQL
AI06029,TensorFlow
AI06029,Docker
AI06029,Hadoop
AI06029,AWS
AI06030,R
AI06030,NLP
AI06030,Mathematics
AI06030,AWS
AI06030,Python
AI06031,Computer Vision
AI06031,Spark
AI06031,MLOps
AI06031,Linux
AI06032,Git
AI06032,Linux
AI06032,Data Visualization
AI06032,TensorFlow
AI06032,Scala
AI06033,Hadoop
AI06033,Python
AI06033,Git
AI06034,Java
AI06034,SQL
AI06034,MLOps
AI06034,GCP
AI06035,NLP
AI06035,Statistics
AI06035,Python
AI06036,AWS
AI06036,Azure
AI06036,R
AI06036,SQL
AI06036,Data Visualization
AI06037,Scala
AI06037,R
AI06037,Tableau
AI06037,GCP
AI06037,Linux
AI06038,Deep Learning
AI06038,Scala
AI06038,Computer Vision
AI06038,Data Visualization
AI06038,Tableau
AI06039,Scala
AI06039,Docker
AI06039,NLP
AI06040,PyTorch
AI06040,Java
AI06040,Hadoop
AI06040,GCP
AI06041,Azure
AI06041,Scala
AI06041,R
AI06042,SQL
AI06042,Azure
AI06042,Python
AI06042,NLP
AI06043,Data Visualization
AI06043,PyTorch
AI06043,Tableau
AI06043,Statistics
AI06043,Java
AI06044,AWS
AI06044,PyTorch
AI06044,Azure
AI06044,Data Visualization
AI06044,Hadoop
AI06045,SQL
AI06045,PyTorch
AI06045,NLP
AI06045,Kubernetes
AI06045,MLOps
AI06046,GCP
AI06046,Java
AI06046,Computer Vision
AI06046,Scala
AI06046,TensorFlow
AI06047,Python
AI06047,Docker
AI06047,Computer Vision
AI06048,Data Visualization
AI06048,R
AI06048,Linux
AI06048,SQL
AI06048,Deep Learning
AI06049,Git
AI06049,Azure
AI06049,Tableau
AI06050,Hadoop
AI06050,AWS
AI06050,Docker
AI06050,Tableau
AI06050,Java
AI06051,Statistics
AI06051,Hadoop
AI06051,Python
AI06051,PyTorch
AI06051,Azure
AI06052,Linux
AI06052,Statistics
AI06052,R
AI06052,SQL
AI06052,MLOps
AI06053,Azure
AI06053,SQL
AI06053,Git
AI06054,Python
AI06054,GCP
AI06054,Deep Learning
AI06054,Tableau
AI06054,TensorFlow
AI06055,Kubernetes
AI06055,Python
AI06055,TensorFlow
AI06056,Azure
AI06056,Statistics
AI06056,Scala
AI06057,Kubernetes
AI06057,Azure
AI06057,Data Visualization
AI06057,MLOps
AI06057,PyTorch
AI06058,AWS
AI06058,Deep Learning
AI06058,Docker
AI06058,Git
AI06058,Spark
AI06059,NLP
AI06059,MLOps
AI06059,Python
AI06059,Kubernetes
AI06059,Deep Learning
AI06060,Deep Learning
AI06060,Java
AI06060,SQL
AI06061,Git
AI06061,Mathematics
AI06061,Hadoop
AI06062,Docker
AI06062,Kubernetes
AI06062,Git
AI06062,AWS
AI06062,Hadoop
AI06063,Java
AI06063,Spark
AI06063,Azure
AI06063,Mathematics
AI06064,SQL
AI06064,Git
AI06064,Data Visualization
AI06064,PyTorch
AI06064,GCP
AI06065,Mathematics
AI06065,Computer Vision
AI06065,Scala
AI06065,Deep Learning
AI06065,AWS
AI06066,Python
AI06066,TensorFlow
AI06066,R
AI06066,GCP
AI06066,Computer Vision
AI06067,Deep Learning
AI06067,Kubernetes
AI06067,Python
AI06067,Spark
AI06067,Hadoop
AI06068,Spark
AI06068,SQL
AI06068,Statistics
AI06068,AWS
AI06069,Statistics
AI06069,TensorFlow
AI06069,Python
AI06069,Linux
AI06069,Docker
AI06070,Spark
AI06070,Scala
AI06070,Python
AI06070,AWS
AI06071,Scala
AI06071,Python
AI06071,Data Visualization
AI06072,Computer Vision
AI06072,Statistics
AI06072,PyTorch
AI06072,SQL
AI06072,Java
AI06073,SQL
AI06073,Azure
AI06073,Tableau
AI06073,Spark
AI06073,Linux
AI06074,Hadoop
AI06074,Computer Vision
AI06074,Python
AI06074,Git
AI06074,TensorFlow
AI06075,PyTorch
AI06075,Hadoop
AI06075,Tableau
AI06076,Java
AI06076,Kubernetes
AI06076,Git
AI06076,TensorFlow
AI06077,Kubernetes
AI06077,Statistics
AI06077,R
AI06077,Linux
AI06078,SQL
AI06078,Python
AI06078,Hadoop
AI06078,Deep Learning
AI06079,Computer Vision
AI06079,PyTorch
AI06079,AWS
AI06079,TensorFlow
AI06079,Spark
AI06080,Mathematics
AI06080,GCP
AI06080,R
AI06080,AWS
AI06081,Git
AI06081,Java
AI06081,MLOps
AI06082,Docker
AI06082,TensorFlow
AI06082,GCP
AI06082,Computer Vision
AI06082,Deep Learning
AI06083,Tableau
AI06083,Statistics
AI06083,Python
AI06083,Spark
AI06083,Kubernetes
AI06084,MLOps
AI06084,AWS
AI06084,R
AI06084,Mathematics
AI06084,Computer Vision
AI06085,Scala
AI06085,Docker
AI06085,Tableau
AI06085,R
AI06086,Statistics
AI06086,TensorFlow
AI06086,Hadoop
AI06087,Kubernetes
AI06087,PyTorch
AI06087,Statistics
AI06087,Azure
AI06088,TensorFlow
AI06088,Kubernetes
AI06088,Deep Learning
AI06088,Computer Vision
AI06088,Mathematics
AI06089,R
AI06089,SQL
AI06089,NLP
AI06090,Kubernetes
AI06090,Docker
AI06090,MLOps
AI06090,Python
AI06090,Mathematics
AI06091,Deep Learning
AI06091,AWS
AI06091,Azure
AI06091,TensorFlow
AI06092,Statistics
AI06092,Data Visualization
AI06092,Python
AI06092,Kubernetes
AI06093,Linux
AI06093,Spark
AI06093,Java
AI06093,Computer Vision
AI06094,Python
AI06094,Azure
AI06094,Tableau
AI06094,Kubernetes
AI06095,Python
AI06095,Mathematics
AI06095,NLP
AI06095,TensorFlow
AI06095,PyTorch
AI06096,Spark
AI06096,Linux
AI06096,Python
AI06096,Hadoop
AI06096,TensorFlow
AI06097,Scala
AI06097,Hadoop
AI06097,Computer Vision
AI06097,Java
AI06097,R
AI06098,MLOps
AI06098,Hadoop
AI06098,Python
AI06098,Tableau
AI06099,Java
AI06099,TensorFlow
AI06099,Linux
AI06100,Deep Learning
AI06100,Kubernetes
AI06100,SQL
AI06100,PyTorch
AI06101,Git
AI06101,NLP
AI06101,Deep Learning
AI06102,Computer Vision
AI06102,Mathematics
AI06102,TensorFlow
AI06103,Git
AI06103,NLP
AI06103,Python
AI06103,MLOps
AI06103,TensorFlow
AI06104,Spark
AI06104,GCP
AI06104,Mathematics
AI06105,Deep Learning
AI06105,Spark
AI06105,Kubernetes
AI06105,PyTorch
AI06105,TensorFlow
AI06106,Scala
AI06106,Java
AI06106,Data Visualization
AI06107,Hadoop
AI06107,Computer Vision
AI06107,R
AI06107,Docker
AI06107,Python
AI06108,Spark
AI06108,AWS
AI06108,Kubernetes
AI06108,Java
AI06108,Mathematics
AI06109,Kubernetes
AI06109,Git
AI06109,NLP
AI06109,R
AI06109,GCP
AI06110,Tableau
AI06110,TensorFlow
AI06110,Python
AI06110,Spark
AI06110,GCP
AI06111,Linux
AI06111,GCP
AI06111,Python
AI06111,Scala
AI06112,SQL
AI06112,Python
AI06112,Tableau
AI06112,Data Visualization
AI06113,MLOps
AI06113,Linux
AI06113,SQL
AI06114,Hadoop
AI06114,Spark
AI06114,Computer Vision
AI06114,PyTorch
AI06114,Linux
AI06115,Data Visualization
AI06115,Mathematics
AI06115,Linux
AI06115,AWS
AI06116,Mathematics
AI06116,NLP
AI06116,Python
AI06116,Kubernetes
AI06117,TensorFlow
AI06117,Python
AI06117,Tableau
AI06117,Data Visualization
AI06117,NLP
AI06118,Scala
AI06118,AWS
AI06118,Computer Vision
AI06118,Python
AI06119,Tableau
AI06119,Git
AI06119,SQL
AI06120,SQL
AI06120,TensorFlow
AI06120,Kubernetes
AI06120,Python
AI06121,Data Visualization
AI06121,SQL
AI06121,NLP
AI06121,Azure
AI06121,Spark
AI06122,SQL
AI06122,Java
AI06122,R
AI06122,Tableau
AI06123,Git
AI06123,Kubernetes
AI06123,NLP
AI06123,R
AI06123,Data Visualization
AI06124,SQL
AI06124,Data Visualization
AI06124,Azure
AI06124,Linux
AI06124,Kubernetes
AI06125,MLOps
AI06125,R
AI06125,Git
AI06126,MLOps
AI06126,Tableau
AI06126,R
AI06127,SQL
AI06127,NLP
AI06127,Kubernetes
AI06127,Mathematics
AI06128,Git
AI06128,Azure
AI06128,Computer Vision
AI06129,Statistics
AI06129,PyTorch
AI06129,Data Visualization
AI06130,R
AI06130,Hadoop
AI06130,Kubernetes
AI06130,Deep Learning
AI06131,Scala
AI06131,AWS
AI06131,Data Visualization
AI06131,TensorFlow
AI06132,NLP
AI06132,SQL
AI06132,Deep Learning
AI06132,Linux
AI06132,Hadoop
AI06133,TensorFlow
AI06133,R
AI06133,Mathematics
AI06133,GCP
AI06134,Scala
AI06134,Java
AI06134,AWS
AI06135,Spark
AI06135,Tableau
AI06135,SQL
AI06135,GCP
AI06136,Docker
AI06136,Python
AI06136,Scala
AI06136,AWS
AI06137,SQL
AI06137,Azure
AI06137,Deep Learning
AI06137,MLOps
AI06138,R
AI06138,SQL
AI06138,Azure
AI06138,Git
AI06139,Linux
AI06139,Tableau
AI06139,Computer Vision
AI06139,Spark
AI06140,Linux
AI06140,Python
AI06140,Java
AI06140,SQL
AI06140,Spark
AI06141,NLP
AI06141,Scala
AI06141,Deep Learning
AI06141,PyTorch
AI06141,Computer Vision
AI06142,R
AI06142,Scala
AI06142,TensorFlow
AI06143,AWS
AI06143,MLOps
AI06143,Docker
AI06143,Data Visualization
AI06143,Kubernetes
AI06144,Data Visualization
AI06144,Python
AI06144,GCP
AI06144,TensorFlow
AI06144,Scala
AI06145,Spark
AI06145,Linux
AI06145,Deep Learning
AI06146,Spark
AI06146,Docker
AI06146,Hadoop
AI06147,TensorFlow
AI06147,Computer Vision
AI06147,Mathematics
AI06148,NLP
AI06148,Linux
AI06148,Spark
AI06148,Python
AI06148,Git
AI06149,Azure
AI06149,TensorFlow
AI06149,NLP
AI06149,Python
AI06149,Tableau
AI06150,Mathematics
AI06150,TensorFlow
AI06150,Linux
AI06150,AWS
AI06150,Deep Learning
AI06151,Java
AI06151,Linux
AI06151,NLP
AI06152,Git
AI06152,Azure
AI06152,Python
AI06153,Deep Learning
AI06153,Hadoop
AI06153,Git
AI06153,Python
AI06153,Kubernetes
AI06154,Python
AI06154,TensorFlow
AI06154,PyTorch
AI06154,SQL
AI06155,Spark
AI06155,Linux
AI06155,NLP
AI06155,Statistics
AI06156,SQL
AI06156,Docker
AI06156,Git
AI06156,Hadoop
AI06156,Computer Vision
AI06157,AWS
AI06157,PyTorch
AI06157,Spark
AI06157,Scala
AI06157,Deep Learning
AI06158,Linux
AI06158,Python
AI06158,R
AI06159,Linux
AI06159,TensorFlow
AI06159,Azure
AI06159,SQL
AI06160,Kubernetes
AI06160,Python
AI06160,Data Visualization
AI06160,Git
AI06161,TensorFlow
AI06161,Deep Learning
AI06161,Azure
AI06161,Mathematics
AI06162,GCP
AI06162,SQL
AI06162,Docker
AI06162,Statistics
AI06162,Mathematics
AI06163,SQL
AI06163,Python
AI06163,MLOps
AI06164,Azure
AI06164,Spark
AI06164,TensorFlow
AI06164,Hadoop
AI06165,Scala
AI06165,Java
AI06165,Mathematics
AI06166,AWS
AI06166,SQL
AI06166,Mathematics
AI06166,Scala
AI06166,Deep Learning
AI06167,SQL
AI06167,NLP
AI06167,MLOps
AI06167,Hadoop
AI06168,MLOps
AI06168,Azure
AI06168,Tableau
AI06168,GCP
AI06168,SQL
AI06169,Scala
AI06169,AWS
AI06169,Deep Learning
AI06169,Mathematics
AI06169,Statistics
AI06170,PyTorch
AI06170,Spark
AI06170,Mathematics
AI06170,TensorFlow
AI06170,Python
AI06171,MLOps
AI06171,Docker
AI06171,Python
AI06171,GCP
AI06171,Git
AI06172,Git
AI06172,Linux
AI06172,Spark
AI06172,Python
AI06172,Computer Vision
AI06173,Python
AI06173,TensorFlow
AI06173,AWS
AI06173,Java
AI06173,Git
AI06174,Python
AI06174,Scala
AI06174,Spark
AI06174,Statistics
AI06174,PyTorch
AI06175,Scala
AI06175,Python
AI06175,Docker
AI06175,TensorFlow
AI06176,Hadoop
AI06176,Scala
AI06176,NLP
AI06176,Mathematics
AI06177,MLOps
AI06177,AWS
AI06177,Kubernetes
AI06177,Python
AI06177,Java
AI06178,Git
AI06178,Computer Vision
AI06178,R
AI06179,Scala
AI06179,TensorFlow
AI06179,Git
AI06179,Computer Vision
AI06180,Statistics
AI06180,Azure
AI06180,Docker
AI06180,SQL
AI06180,Python
AI06181,Hadoop
AI06181,Linux
AI06181,Deep Learning
AI06182,AWS
AI06182,TensorFlow
AI06182,Java
AI06182,Hadoop
AI06183,Scala
AI06183,MLOps
AI06183,Java
AI06184,TensorFlow
AI06184,Linux
AI06184,Deep Learning
AI06184,Python
AI06185,PyTorch
AI06185,TensorFlow
AI06185,NLP
AI06185,Python
AI06186,Scala
AI06186,SQL
AI06186,Git
AI06187,Kubernetes
AI06187,Python
AI06187,SQL
AI06187,R
AI06187,Tableau
AI06188,Python
AI06188,Tableau
AI06188,Kubernetes
AI06188,MLOps
AI06189,Kubernetes
AI06189,Linux
AI06189,Deep Learning
AI06189,SQL
AI06189,Azure
AI06190,Python
AI06190,Scala
AI06190,Linux
AI06190,TensorFlow
AI06190,Spark
AI06191,NLP
AI06191,PyTorch
AI06191,Computer Vision
AI06192,Git
AI06192,AWS
AI06192,Tableau
AI06192,Computer Vision
AI06192,PyTorch
AI06193,Computer Vision
AI06193,R
AI06193,PyTorch
AI06193,Tableau
AI06194,TensorFlow
AI06194,Docker
AI06194,Linux
AI06194,SQL
AI06194,Computer Vision
AI06195,Docker
AI06195,Scala
AI06195,Spark
AI06195,Computer Vision
AI06196,TensorFlow
AI06196,Python
AI06196,Statistics
AI06196,Git
AI06197,Python
AI06197,Mathematics
AI06197,Data Visualization
AI06197,Linux
AI06197,SQL
AI06198,Java
AI06198,PyTorch
AI06198,Hadoop
AI06198,Scala
AI06199,R
AI06199,TensorFlow
AI06199,Python
AI06199,Data Visualization
AI06200,Docker
AI06200,Kubernetes
AI06200,Python
AI06200,TensorFlow
AI06200,PyTorch
AI06201,SQL
AI06201,Computer Vision
AI06201,Docker
AI06201,Python
AI06202,MLOps
AI06202,Hadoop
AI06202,Python
AI06202,Computer Vision
AI06202,TensorFlow
AI06203,Azure
AI06203,Mathematics
AI06203,Linux
AI06203,TensorFlow
AI06204,Java
AI06204,Docker
AI06204,MLOps
AI06204,Mathematics
AI06204,Python
AI06205,Hadoop
AI06205,PyTorch
AI06205,Azure
AI06205,MLOps
AI06206,Python
AI06206,TensorFlow
AI06206,GCP
AI06207,Java
AI06207,Python
AI06207,Git
AI06207,Linux
AI06207,Spark
AI06208,Scala
AI06208,Linux
AI06208,Java
AI06208,Git
AI06209,Python
AI06209,AWS
AI06209,Computer Vision
AI06209,GCP
AI06209,MLOps
AI06210,Python
AI06210,MLOps
AI06210,TensorFlow
AI06210,Computer Vision
AI06210,PyTorch
AI06211,Hadoop
AI06211,Git
AI06211,MLOps
AI06211,Kubernetes
AI06212,Deep Learning
AI06212,Scala
AI06212,TensorFlow
AI06212,R
AI06212,Docker
AI06213,Statistics
AI06213,SQL
AI06213,Scala
AI06213,Spark
AI06214,NLP
AI06214,MLOps
AI06214,Data Visualization
AI06215,Docker
AI06215,Computer Vision
AI06215,Spark
AI06216,Hadoop
AI06216,AWS
AI06216,Mathematics
AI06216,Data Visualization
AI06216,Kubernetes
AI06217,Tableau
AI06217,GCP
AI06217,Scala
AI06217,Git
AI06218,Kubernetes
AI06218,Scala
AI06218,NLP
AI06218,Linux
AI06219,Statistics
AI06219,Deep Learning
AI06219,GCP
AI06219,Python
AI06220,GCP
AI06220,Python
AI06220,Scala
AI06220,Hadoop
AI06220,TensorFlow
AI06221,SQL
AI06221,Deep Learning
AI06221,Kubernetes
AI06221,Java
AI06222,Kubernetes
AI06222,R
AI06222,Git
AI06222,Mathematics
AI06223,AWS
AI06223,Scala
AI06223,Spark
AI06223,Python
AI06224,NLP
AI06224,MLOps
AI06224,Python
AI06224,Computer Vision
AI06225,Linux
AI06225,Scala
AI06225,Java
AI06226,Spark
AI06226,Hadoop
AI06226,TensorFlow
AI06226,AWS
AI06226,Mathematics
AI06227,Linux
AI06227,Computer Vision
AI06227,Spark
AI06227,SQL
AI06227,Hadoop
AI06228,Hadoop
AI06228,Python
AI06228,GCP
AI06229,Statistics
AI06229,Data Visualization
AI06229,Python
AI06230,Docker
AI06230,Scala
AI06230,Python
AI06230,Computer Vision
AI06231,Java
AI06231,Deep Learning
AI06231,Linux
AI06231,Computer Vision
AI06232,SQL
AI06232,Deep Learning
AI06232,AWS
AI06232,GCP
AI06232,Kubernetes
AI06233,PyTorch
AI06233,TensorFlow
AI06233,Python
AI06233,Scala
AI06234,Kubernetes
AI06234,Docker
AI06234,Data Visualization
AI06234,Spark
AI06234,Statistics
AI06235,Python
AI06235,Hadoop
AI06235,Linux
AI06235,SQL
AI06235,Spark
AI06236,Python
AI06236,Kubernetes
AI06236,Tableau
AI06237,Statistics
AI06237,Hadoop
AI06237,Python
AI06238,Java
AI06238,Python
AI06238,Docker
AI06238,Scala
AI06239,AWS
AI06239,R
AI06239,Computer Vision
AI06240,Computer Vision
AI06240,Python
AI06240,NLP
AI06241,Python
AI06241,Statistics
AI06241,Computer Vision
AI06241,Linux
AI06242,Tableau
AI06242,Linux
AI06242,PyTorch
AI06243,Spark
AI06243,R
AI06243,PyTorch
AI06243,Azure
AI06243,NLP
AI06244,R
AI06244,Data Visualization
AI06244,Azure
AI06245,Tableau
AI06245,PyTorch
AI06245,Linux
AI06246,AWS
AI06246,SQL
AI06246,Git
AI06246,Azure
AI06247,Java
AI06247,GCP
AI06247,R
AI06247,Computer Vision
AI06248,Hadoop
AI06248,Linux
AI06248,TensorFlow
AI06248,Kubernetes
AI06249,Linux
AI06249,PyTorch
AI06249,Java
AI06250,Kubernetes
AI06250,Java
AI06250,Spark
AI06251,Tableau
AI06251,TensorFlow
AI06251,Java
AI06251,NLP
AI06252,Kubernetes
AI06252,GCP
AI06252,Python
AI06252,TensorFlow
AI06253,Git
AI06253,MLOps
AI06253,Statistics
AI06253,AWS
AI06253,Python
AI06254,GCP
AI06254,Mathematics
AI06254,PyTorch
AI06255,Java
AI06255,Mathematics
AI06255,AWS
AI06256,Azure
AI06256,Hadoop
AI06256,NLP
AI06256,Tableau
AI06257,Computer Vision
AI06257,Deep Learning
AI06257,Hadoop
AI06257,GCP
AI06257,Git
AI06258,Scala
AI06258,Docker
AI06258,NLP
AI06258,Statistics
AI06259,Python
AI06259,Java
AI06259,MLOps
AI06259,AWS
AI06260,Linux
AI06260,Kubernetes
AI06260,Tableau
AI06260,GCP
AI06261,Kubernetes
AI06261,Data Visualization
AI06261,GCP
AI06261,Hadoop
AI06262,Java
AI06262,Spark
AI06262,Data Visualization
AI06263,NLP
AI06263,Git
AI06263,Data Visualization
AI06263,Hadoop
AI06264,Python
AI06264,Hadoop
AI06264,NLP
AI06264,Spark
AI06264,Scala
AI06265,Python
AI06265,Computer Vision
AI06265,GCP
AI06265,Java
AI06266,Tableau
AI06266,PyTorch
AI06266,Java
AI06266,TensorFlow
AI06267,AWS
AI06267,Python
AI06267,TensorFlow
AI06267,PyTorch
AI06267,Scala
AI06268,Kubernetes
AI06268,Azure
AI06268,Scala
AI06269,Computer Vision
AI06269,Linux
AI06269,Statistics
AI06269,Spark
AI06269,Kubernetes
AI06270,Hadoop
AI06270,SQL
AI06270,PyTorch
AI06270,Tableau
AI06271,Statistics
AI06271,Hadoop
AI06271,Azure
AI06272,Linux
AI06272,Scala
AI06272,SQL
AI06272,Hadoop
AI06273,PyTorch
AI06273,Tableau
AI06273,TensorFlow
AI06274,Tableau
AI06274,Docker
AI06274,Spark
AI06274,PyTorch
AI06274,TensorFlow
AI06275,Scala
AI06275,Tableau
AI06275,Hadoop
AI06276,Scala
AI06276,Tableau
AI06276,Linux
AI06277,TensorFlow
AI06277,MLOps
AI06277,GCP
AI06277,Git
AI06278,R
AI06278,Statistics
AI06278,SQL
AI06278,AWS
AI06279,Linux
AI06279,R
AI06279,Spark
AI06279,Azure
AI06280,Kubernetes
AI06280,R
AI06280,NLP
AI06281,Spark
AI06281,Azure
AI06281,Linux
AI06281,Kubernetes
AI06282,AWS
AI06282,Java
AI06282,Computer Vision
AI06283,SQL
AI06283,Deep Learning
AI06283,Python
AI06283,Linux
AI06283,Statistics
AI06284,Java
AI06284,Azure
AI06284,PyTorch
AI06284,Statistics
AI06284,Mathematics
AI06285,Spark
AI06285,SQL
AI06285,PyTorch
AI06285,NLP
AI06285,Java
AI06286,Data Visualization
AI06286,TensorFlow
AI06286,Azure
AI06286,GCP
AI06286,MLOps
AI06287,Hadoop
AI06287,TensorFlow
AI06287,Linux
AI06287,Deep Learning
AI06287,Statistics
AI06288,Hadoop
AI06288,Python
AI06288,Statistics
AI06289,Computer Vision
AI06289,Java
AI06289,Linux
AI06289,SQL
AI06289,Deep Learning
AI06290,NLP
AI06290,Data Visualization
AI06290,Java
AI06290,MLOps
AI06291,NLP
AI06291,Kubernetes
AI06291,PyTorch
AI06291,Mathematics
AI06292,Docker
AI06292,Kubernetes
AI06292,MLOps
AI06292,Computer Vision
AI06292,Java
AI06293,AWS
AI06293,Git
AI06293,Kubernetes
AI06293,Deep Learning
AI06294,Azure
AI06294,R
AI06294,MLOps
AI06295,Python
AI06295,Java
AI06295,Data Visualization
AI06295,Mathematics
AI06296,Docker
AI06296,R
AI06296,Tableau
AI06297,SQL
AI06297,Kubernetes
AI06297,PyTorch
AI06297,Statistics
AI06298,R
AI06298,Spark
AI06298,Deep Learning
AI06298,Mathematics
AI06298,Python
AI06299,Git
AI06299,SQL
AI06299,Mathematics
AI06300,Java
AI06300,Git
AI06300,PyTorch
AI06301,R
AI06301,Deep Learning
AI06301,Python
AI06301,SQL
AI06301,TensorFlow
AI06302,SQL
AI06302,Git
AI06302,Kubernetes
AI06303,GCP
AI06303,Python
AI06303,Computer Vision
AI06304,Kubernetes
AI06304,SQL
AI06304,Deep Learning
AI06304,Computer Vision
AI06305,GCP
AI06305,MLOps
AI06305,Azure
AI06306,Scala
AI06306,Hadoop
AI06306,Mathematics
AI06306,Linux
AI06307,Hadoop
AI06307,Scala
AI06307,AWS
AI06308,MLOps
AI06308,SQL
AI06308,Docker
AI06308,Linux
AI06308,AWS
AI06309,Data Visualization
AI06309,R
AI06309,SQL
AI06309,PyTorch
AI06310,R
AI06310,Linux
AI06310,Deep Learning
AI06310,AWS
AI06311,Data Visualization
AI06311,R
AI06311,AWS
AI06311,GCP
AI06311,Linux
AI06312,Azure
AI06312,Linux
AI06312,Computer Vision
AI06312,Git
AI06312,PyTorch
AI06313,Scala
AI06313,Hadoop
AI06313,R
AI06313,Deep Learning
AI06313,GCP
AI06314,Docker
AI06314,Mathematics
AI06314,Python
AI06314,TensorFlow
AI06314,Computer Vision
AI06315,Git
AI06315,R
AI06315,SQL
AI06315,Hadoop
AI06316,Kubernetes
AI06316,Python
AI06316,Scala
AI06317,Python
AI06317,PyTorch
AI06317,Data Visualization
AI06317,NLP
AI06317,SQL
AI06318,PyTorch
AI06318,Azure
AI06318,Mathematics
AI06319,Computer Vision
AI06319,AWS
AI06319,Mathematics
AI06320,Mathematics
AI06320,Kubernetes
AI06320,Docker
AI06321,PyTorch
AI06321,Data Visualization
AI06321,SQL
AI06321,Computer Vision
AI06321,Kubernetes
AI06322,AWS
AI06322,Git
AI06322,R
AI06323,Statistics
AI06323,Kubernetes
AI06323,Data Visualization
AI06324,Docker
AI06324,Computer Vision
AI06324,MLOps
AI06324,SQL
AI06324,Azure
AI06325,AWS
AI06325,Deep Learning
AI06325,SQL
AI06326,Data Visualization
AI06326,GCP
AI06326,R
AI06326,PyTorch
AI06326,SQL
AI06327,GCP
AI06327,Python
AI06327,Linux
AI06327,PyTorch
AI06328,TensorFlow
AI06328,PyTorch
AI06328,Computer Vision
AI06329,Computer Vision
AI06329,Data Visualization
AI06329,Deep Learning
AI06330,NLP
AI06330,Python
AI06330,Java
AI06330,TensorFlow
AI06331,Mathematics
AI06331,Git
AI06331,Data Visualization
AI06331,Azure
AI06332,Java
AI06332,GCP
AI06332,R
AI06333,R
AI06333,SQL
AI06333,AWS
AI06334,Python
AI06334,TensorFlow
AI06334,Linux
AI06335,Git
AI06335,Tableau
AI06335,NLP
AI06335,Statistics
AI06336,Python
AI06336,R
AI06336,NLP
AI06337,Git
AI06337,R
AI06337,Spark
AI06337,NLP
AI06338,Python
AI06338,Deep Learning
AI06338,Computer Vision
AI06339,Python
AI06339,Statistics
AI06339,TensorFlow
AI06339,Computer Vision
AI06339,Azure
AI06340,Deep Learning
AI06340,Java
AI06340,Python
AI06340,TensorFlow
AI06340,Kubernetes
AI06341,PyTorch
AI06341,TensorFlow
AI06341,Tableau
AI06341,Azure
AI06341,NLP
AI06342,GCP
AI06342,Scala
AI06342,Kubernetes
AI06343,Deep Learning
AI06343,Spark
AI06343,R
AI06343,Python
AI06344,Python
AI06344,TensorFlow
AI06344,PyTorch
AI06344,Computer Vision
AI06345,Linux
AI06345,R
AI06345,MLOps
AI06345,Python
AI06346,Scala
AI06346,Git
AI06346,Hadoop
AI06346,AWS
AI06347,Deep Learning
AI06347,Linux
AI06347,NLP
AI06348,Hadoop
AI06348,GCP
AI06348,Linux
AI06349,Python
AI06349,Kubernetes
AI06349,NLP
AI06350,Hadoop
AI06350,Docker
AI06350,Deep Learning
AI06350,SQL
AI06351,MLOps
AI06351,Kubernetes
AI06351,Azure
AI06351,Computer Vision
AI06352,Kubernetes
AI06352,PyTorch
AI06352,Spark
AI06352,Mathematics
AI06352,TensorFlow
AI06353,Kubernetes
AI06353,GCP
AI06353,R
AI06354,SQL
AI06354,MLOps
AI06354,Linux
AI06355,Git
AI06355,Kubernetes
AI06355,Java
AI06356,Spark
AI06356,Deep Learning
AI06356,Data Visualization
AI06356,Java
AI06357,Mathematics
AI06357,Hadoop
AI06357,AWS
AI06357,PyTorch
AI06358,Kubernetes
AI06358,PyTorch
AI06358,NLP
AI06358,GCP
AI06358,Hadoop
AI06359,Scala
AI06359,R
AI06359,Python
AI06360,Java
AI06360,Git
AI06360,PyTorch
AI06361,Python
AI06361,Azure
AI06361,MLOps
AI06362,Scala
AI06362,PyTorch
AI06362,Linux
AI06363,Docker
AI06363,Python
AI06363,Statistics
AI06363,Computer Vision
AI06363,PyTorch
AI06364,PyTorch
AI06364,Spark
AI06364,Data Visualization
AI06364,SQL
AI06364,Deep Learning
AI06365,Computer Vision
AI06365,Statistics
AI06365,Hadoop
AI06365,Deep Learning
AI06365,Kubernetes
AI06366,Linux
AI06366,Azure
AI06366,Data Visualization
AI06366,NLP
AI06367,SQL
AI06367,Linux
AI06367,Kubernetes
AI06368,Linux
AI06368,Azure
AI06368,Tableau
AI06369,Git
AI06369,GCP
AI06369,Linux
AI06369,Hadoop
AI06370,R
AI06370,PyTorch
AI06370,NLP
AI06370,Statistics
AI06370,Hadoop
AI06371,Kubernetes
AI06371,Tableau
AI06371,Spark
AI06372,SQL
AI06372,Mathematics
AI06372,Java
AI06372,Linux
AI06373,Linux
AI06373,Kubernetes
AI06373,Data Visualization
AI06374,GCP
AI06374,MLOps
AI06374,TensorFlow
AI06374,Mathematics
AI06375,Scala
AI06375,PyTorch
AI06375,Linux
AI06375,Spark
AI06376,R
AI06376,SQL
AI06376,Linux
AI06376,Java
AI06377,Spark
AI06377,Linux
AI06377,MLOps
AI06377,Data Visualization
AI06377,TensorFlow
AI06378,Tableau
AI06378,Spark
AI06378,Java
AI06378,R
AI06379,SQL
AI06379,GCP
AI06379,Data Visualization
AI06379,Java
AI06380,Python
AI06380,R
AI06380,TensorFlow
AI06381,SQL
AI06381,Python
AI06381,GCP
AI06382,Azure
AI06382,GCP
AI06382,Statistics
AI06382,Java
AI06382,Kubernetes
AI06383,NLP
AI06383,Linux
AI06383,GCP
AI06383,Git
AI06383,SQL
AI06384,TensorFlow
AI06384,Python
AI06384,PyTorch
AI06384,Data Visualization
AI06385,Scala
AI06385,Java
AI06385,GCP
AI06385,NLP
AI06386,MLOps
AI06386,Python
AI06386,TensorFlow
AI06387,Hadoop
AI06387,R
AI06387,TensorFlow
AI06387,Computer Vision
AI06388,Computer Vision
AI06388,Kubernetes
AI06388,Data Visualization
AI06389,Mathematics
AI06389,Hadoop
AI06389,PyTorch
AI06389,R
AI06390,GCP
AI06390,Linux
AI06390,Python
AI06390,Mathematics
AI06391,SQL
AI06391,Hadoop
AI06391,PyTorch
AI06391,Kubernetes
AI06392,Computer Vision
AI06392,Java
AI06392,Hadoop
AI06393,Python
AI06393,Azure
AI06393,Deep Learning
AI06394,AWS
AI06394,Java
AI06394,Deep Learning
AI06394,Computer Vision
AI06394,Spark
AI06395,GCP
AI06395,MLOps
AI06395,Linux
AI06395,Java
AI06395,SQL
AI06396,PyTorch
AI06396,AWS
AI06396,Tableau
AI06396,Java
AI06396,Statistics
AI06397,Spark
AI06397,Mathematics
AI06397,R
AI06398,SQL
AI06398,Scala
AI06398,PyTorch
AI06398,GCP
AI06399,GCP
AI06399,Kubernetes
AI06399,Deep Learning
AI06399,R
AI06400,Computer Vision
AI06400,SQL
AI06400,Python
AI06400,Deep Learning
AI06401,Hadoop
AI06401,SQL
AI06401,Linux
AI06401,PyTorch
AI06402,Spark
AI06402,Scala
AI06402,AWS
AI06402,Docker
AI06402,Hadoop
AI06403,Hadoop
AI06403,PyTorch
AI06403,Tableau
AI06403,Scala
AI06404,Statistics
AI06404,Git
AI06404,Deep Learning
AI06405,Scala
AI06405,NLP
AI06405,Python
AI06406,Spark
AI06406,TensorFlow
AI06406,Data Visualization
AI06407,SQL
AI06407,Kubernetes
AI06407,Tableau
AI06407,Docker
AI06407,MLOps
AI06408,Linux
AI06408,Scala
AI06408,Git
AI06408,Java
AI06409,Data Visualization
AI06409,SQL
AI06409,Git
AI06410,Azure
AI06410,Kubernetes
AI06410,Mathematics
AI06411,Git
AI06411,Kubernetes
AI06411,SQL
AI06411,MLOps
AI06412,R
AI06412,SQL
AI06412,Python
AI06412,TensorFlow
AI06412,PyTorch
AI06413,Python
AI06413,Tableau
AI06413,MLOps
AI06413,Kubernetes
AI06414,R
AI06414,TensorFlow
AI06414,AWS
AI06415,Azure
AI06415,NLP
AI06415,SQL
AI06415,Spark
AI06416,MLOps
AI06416,SQL
AI06416,Deep Learning
AI06416,R
AI06416,Mathematics
AI06417,PyTorch
AI06417,TensorFlow
AI06417,R
AI06417,Mathematics
AI06418,Kubernetes
AI06418,Python
AI06418,R
AI06419,Kubernetes
AI06419,TensorFlow
AI06419,Python
AI06420,Java
AI06420,Git
AI06420,Mathematics
AI06420,R
AI06420,GCP
AI06421,GCP
AI06421,Linux
AI06421,SQL
AI06422,R
AI06422,Spark
AI06422,Statistics
AI06422,Hadoop
AI06422,NLP
AI06423,PyTorch
AI06423,SQL
AI06423,NLP
AI06424,Linux
AI06424,Data Visualization
AI06424,AWS
AI06425,Kubernetes
AI06425,Scala
AI06425,Python
AI06425,Hadoop
AI06425,Mathematics
AI06426,Kubernetes
AI06426,R
AI06426,Azure
AI06426,Statistics
AI06426,Mathematics
AI06427,SQL
AI06427,Python
AI06427,Tableau
AI06428,PyTorch
AI06428,Git
AI06428,Computer Vision
AI06429,Kubernetes
AI06429,Python
AI06429,GCP
AI06429,Docker
AI06430,AWS
AI06430,Scala
AI06430,MLOps
AI06430,GCP
AI06431,Data Visualization
AI06431,Statistics
AI06431,PyTorch
AI06431,Spark
AI06431,Python
AI06432,Statistics
AI06432,Kubernetes
AI06432,Scala
AI06433,SQL
AI06433,Hadoop
AI06433,Spark
AI06433,Tableau
AI06434,Tableau
AI06434,Git
AI06434,Linux
AI06434,GCP
AI06434,Kubernetes
AI06435,Python
AI06435,Kubernetes
AI06435,Computer Vision
AI06435,Spark
AI06435,Data Visualization
AI06436,SQL
AI06436,Azure
AI06436,Computer Vision
AI06437,MLOps
AI06437,Java
AI06437,SQL
AI06437,Git
AI06438,Data Visualization
AI06438,Kubernetes
AI06438,GCP
AI06438,Scala
AI06439,Java
AI06439,Deep Learning
AI06439,Linux
AI06439,AWS
AI06439,Mathematics
AI06440,Python
AI06440,Docker
AI06440,Azure
AI06440,Statistics
AI06440,Computer Vision
AI06441,SQL
AI06441,Spark
AI06441,NLP
AI06442,Kubernetes
AI06442,Scala
AI06442,MLOps
AI06442,AWS
AI06442,Tableau
AI06443,Statistics
AI06443,Python
AI06443,Deep Learning
AI06443,Kubernetes
AI06444,Git
AI06444,GCP
AI06444,Hadoop
AI06445,Deep Learning
AI06445,Statistics
AI06445,MLOps
AI06445,TensorFlow
AI06446,Python
AI06446,R
AI06446,MLOps
AI06446,Git
AI06447,Linux
AI06447,SQL
AI06447,Python
AI06447,Hadoop
AI06448,SQL
AI06448,AWS
AI06448,Data Visualization
AI06449,Deep Learning
AI06449,Docker
AI06449,Linux
AI06449,Computer Vision
AI06450,Docker
AI06450,Hadoop
AI06450,Spark
AI06451,AWS
AI06451,Hadoop
AI06451,Linux
AI06451,Data Visualization
AI06451,Java
AI06452,Spark
AI06452,Scala
AI06452,Azure
AI06452,Linux
AI06453,Kubernetes
AI06453,Hadoop
AI06453,Tableau
AI06454,Hadoop
AI06454,Java
AI06454,MLOps
AI06454,TensorFlow
AI06454,Azure
AI06455,Python
AI06455,Computer Vision
AI06455,MLOps
AI06455,Statistics
AI06455,TensorFlow
AI06456,Data Visualization
AI06456,SQL
AI06456,R
AI06456,Azure
AI06456,Java
AI06457,Python
AI06457,PyTorch
AI06457,Tableau
AI06458,PyTorch
AI06458,TensorFlow
AI06458,Tableau
AI06458,AWS
AI06459,MLOps
AI06459,PyTorch
AI06459,Deep Learning
AI06459,Computer Vision
AI06460,Spark
AI06460,MLOps
AI06460,Azure
AI06460,R
AI06460,Java
AI06461,Docker
AI06461,Git
AI06461,SQL
AI06461,Tableau
AI06461,Scala
AI06462,SQL
AI06462,Git
AI06462,Scala
AI06462,Spark
AI06462,Python
AI06463,Docker
AI06463,SQL
AI06463,PyTorch
AI06464,Statistics
AI06464,Scala
AI06464,R
AI06465,Linux
AI06465,Git
AI06465,Java
AI06465,Mathematics
AI06466,Linux
AI06466,Deep Learning
AI06466,Git
AI06467,Mathematics
AI06467,R
AI06467,Java
AI06468,Python
AI06468,Scala
AI06468,Hadoop
AI06468,Statistics
AI06468,Computer Vision
AI06469,Kubernetes
AI06469,GCP
AI06469,Data Visualization
AI06470,Linux
AI06470,TensorFlow
AI06470,PyTorch
AI06471,Computer Vision
AI06471,Linux
AI06471,Python
AI06472,MLOps
AI06472,Python
AI06472,Spark
AI06472,NLP
AI06472,GCP
AI06473,SQL
AI06473,Statistics
AI06473,AWS
AI06473,Azure
AI06474,Git
AI06474,Python
AI06474,Docker
AI06474,Linux
AI06474,NLP
AI06475,SQL
AI06475,Spark
AI06475,NLP
AI06475,Git
AI06476,Tableau
AI06476,Statistics
AI06476,Python
AI06476,Hadoop
AI06477,Docker
AI06477,Kubernetes
AI06477,Linux
AI06478,Kubernetes
AI06478,Linux
AI06478,Computer Vision
AI06478,Mathematics
AI06479,Git
AI06479,Docker
AI06479,Python
AI06479,Statistics
AI06480,Git
AI06480,Deep Learning
AI06480,R
AI06480,Kubernetes
AI06480,Docker
AI06481,Computer Vision
AI06481,GCP
AI06481,Python
AI06482,Linux
AI06482,Data Visualization
AI06482,Java
AI06482,Computer Vision
AI06483,Mathematics
AI06483,Kubernetes
AI06483,NLP
AI06483,Linux
AI06483,Python
AI06484,GCP
AI06484,AWS
AI06484,Spark
AI06484,Python
AI06485,Computer Vision
AI06485,TensorFlow
AI06485,Docker
AI06486,Java
AI06486,Tableau
AI06486,Azure
AI06486,Python
AI06486,MLOps
AI06487,GCP
AI06487,SQL
AI06487,NLP
AI06487,R
AI06487,Python
AI06488,Python
AI06488,GCP
AI06488,Scala
AI06488,Deep Learning
AI06488,Hadoop
AI06489,PyTorch
AI06489,GCP
AI06489,Hadoop
AI06489,Azure
AI06489,Data Visualization
AI06490,PyTorch
AI06490,AWS
AI06490,Data Visualization
AI06490,MLOps
AI06490,Spark
AI06491,Java
AI06491,Computer Vision
AI06491,Data Visualization
AI06491,Scala
AI06491,R
AI06492,SQL
AI06492,Deep Learning
AI06492,Git
AI06493,Python
AI06493,R
AI06493,TensorFlow
AI06493,Kubernetes
AI06493,Hadoop
AI06494,Scala
AI06494,TensorFlow
AI06494,GCP
AI06495,Linux
AI06495,MLOps
AI06495,Spark
AI06495,SQL
AI06495,Kubernetes
AI06496,TensorFlow
AI06496,PyTorch
AI06496,R
AI06497,Kubernetes
AI06497,R
AI06497,Tableau
AI06497,Data Visualization
AI06498,Python
AI06498,TensorFlow
AI06498,Scala
AI06498,Linux
AI06498,Statistics
AI06499,Deep Learning
AI06499,Azure
AI06499,Statistics
AI06500,Deep Learning
AI06500,SQL
AI06500,Computer Vision
AI06500,Git
AI06501,Java
AI06501,GCP
AI06501,Computer Vision
AI06501,Git
AI06502,SQL
AI06502,Hadoop
AI06502,Mathematics
AI06502,Scala
AI06502,Linux
AI06503,AWS
AI06503,Git
AI06503,SQL
AI06503,Hadoop
AI06503,Deep Learning
AI06504,NLP
AI06504,Linux
AI06504,SQL
AI06505,PyTorch
AI06505,Computer Vision
AI06505,SQL
AI06506,Linux
AI06506,Statistics
AI06506,NLP
AI06507,Python
AI06507,Azure
AI06507,Computer Vision
AI06507,Data Visualization
AI06508,Tableau
AI06508,Java
AI06508,Git
AI06508,PyTorch
AI06508,Docker
AI06509,TensorFlow
AI06509,Statistics
AI06509,Deep Learning
AI06509,Linux
AI06510,Python
AI06510,TensorFlow
AI06510,PyTorch
AI06510,Deep Learning
AI06510,SQL
AI06511,R
AI06511,SQL
AI06511,Scala
AI06511,Deep Learning
AI06511,Hadoop
AI06512,Scala
AI06512,Computer Vision
AI06512,Linux
AI06512,MLOps
AI06513,PyTorch
AI06513,GCP
AI06513,Data Visualization
AI06514,Hadoop
AI06514,Computer Vision
AI06514,Python
AI06514,Docker
AI06514,R
AI06515,Docker
AI06515,Python
AI06515,GCP
AI06515,Computer Vision
AI06516,Linux
AI06516,Python
AI06516,Deep Learning
AI06517,SQL
AI06517,Data Visualization
AI06517,PyTorch
AI06518,SQL
AI06518,Data Visualization
AI06518,Docker
AI06519,Tableau
AI06519,Python
AI06519,Kubernetes
AI06519,Azure
AI06520,Computer Vision
AI06520,Kubernetes
AI06520,PyTorch
AI06520,Scala
AI06521,MLOps
AI06521,Azure
AI06521,AWS
AI06521,Git
AI06521,Linux
AI06522,SQL
AI06522,Git
AI06522,PyTorch
AI06523,R
AI06523,Azure
AI06523,AWS
AI06523,Deep Learning
AI06524,Linux
AI06524,Hadoop
AI06524,Computer Vision
AI06524,SQL
AI06525,Statistics
AI06525,Scala
AI06525,Mathematics
AI06525,Computer Vision
AI06526,SQL
AI06526,PyTorch
AI06526,Tableau
AI06527,Data Visualization
AI06527,MLOps
AI06527,Docker
AI06527,Deep Learning
AI06528,SQL
AI06528,Java
AI06528,AWS
AI06528,PyTorch
AI06529,SQL
AI06529,Scala
AI06529,Linux
AI06529,PyTorch
AI06529,Java
AI06530,Java
AI06530,SQL
AI06530,Docker
AI06530,Mathematics
AI06531,PyTorch
AI06531,SQL
AI06531,GCP
AI06531,R
AI06532,Kubernetes
AI06532,PyTorch
AI06532,TensorFlow
AI06533,Data Visualization
AI06533,Python
AI06533,Azure
AI06534,SQL
AI06534,Hadoop
AI06534,Statistics
AI06535,AWS
AI06535,GCP
AI06535,Hadoop
AI06536,Tableau
AI06536,NLP
AI06536,AWS
AI06536,Kubernetes
AI06536,Python
AI06537,Spark
AI06537,Python
AI06537,AWS
AI06537,Statistics
AI06537,Git
AI06538,Python
AI06538,Deep Learning
AI06538,Kubernetes
AI06538,R
AI06539,MLOps
AI06539,TensorFlow
AI06539,SQL
AI06539,Mathematics
AI06539,PyTorch
AI06540,Hadoop
AI06540,Tableau
AI06540,Computer Vision
AI06540,R
AI06541,Java
AI06541,Git
AI06541,Spark
AI06541,Tableau
AI06542,Data Visualization
AI06542,MLOps
AI06542,Linux
AI06542,Scala
AI06542,Python
AI06543,PyTorch
AI06543,Git
AI06543,Data Visualization
AI06543,NLP
AI06544,NLP
AI06544,TensorFlow
AI06544,Deep Learning
AI06544,R
AI06544,Tableau
AI06545,R
AI06545,SQL
AI06545,Hadoop
AI06545,Scala
AI06545,Linux
AI06546,R
AI06546,AWS
AI06546,TensorFlow
AI06547,R
AI06547,Deep Learning
AI06547,Java
AI06547,Scala
AI06547,Hadoop
AI06548,Linux
AI06548,Data Visualization
AI06548,Tableau
AI06548,R
AI06548,Hadoop
AI06549,Kubernetes
AI06549,Java
AI06549,Statistics
AI06549,Azure
AI06549,GCP
AI06550,SQL
AI06550,Mathematics
AI06550,Python
AI06551,Linux
AI06551,Tableau
AI06551,TensorFlow
AI06551,Python
AI06552,Git
AI06552,Python
AI06552,Linux
AI06552,Statistics
AI06552,Hadoop
AI06553,Python
AI06553,Scala
AI06553,Deep Learning
AI06553,Computer Vision
AI06553,Kubernetes
AI06554,Hadoop
AI06554,Kubernetes
AI06554,Mathematics
AI06554,TensorFlow
AI06554,Java
AI06555,Docker
AI06555,Git
AI06555,Linux
AI06555,SQL
AI06555,Python
AI06556,Computer Vision
AI06556,TensorFlow
AI06556,SQL
AI06556,Scala
AI06556,Data Visualization
AI06557,Git
AI06557,Scala
AI06557,Computer Vision
AI06558,Python
AI06558,SQL
AI06558,TensorFlow
AI06559,Hadoop
AI06559,Python
AI06559,NLP
AI06559,Computer Vision
AI06559,Tableau
AI06560,Hadoop
AI06560,R
AI06560,Java
AI06560,Tableau
AI06561,AWS
AI06561,Python
AI06561,Docker
AI06561,Azure
AI06562,Docker
AI06562,Python
AI06562,NLP
AI06563,Hadoop
AI06563,Azure
AI06563,Data Visualization
AI06563,AWS
AI06564,Computer Vision
AI06564,Spark
AI06564,AWS
AI06564,Python
AI06564,Data Visualization
AI06565,Hadoop
AI06565,TensorFlow
AI06565,Kubernetes
AI06566,PyTorch
AI06566,Scala
AI06566,TensorFlow
AI06567,Python
AI06567,Git
AI06567,TensorFlow
AI06567,NLP
AI06568,Data Visualization
AI06568,TensorFlow
AI06568,Python
AI06569,Git
AI06569,Deep Learning
AI06569,Mathematics
AI06569,Spark
AI06569,Docker
AI06570,NLP
AI06570,Kubernetes
AI06570,Python
AI06571,Python
AI06571,Computer Vision
AI06571,NLP
AI06571,Scala
AI06571,AWS
AI06572,SQL
AI06572,Data Visualization
AI06572,PyTorch
AI06573,SQL
AI06573,PyTorch
AI06573,TensorFlow
AI06573,Spark
AI06573,Statistics
AI06574,SQL
AI06574,PyTorch
AI06574,Tableau
AI06574,AWS
AI06574,Data Visualization
AI06575,Azure
AI06575,Scala
AI06575,Deep Learning
AI06576,SQL
AI06576,PyTorch
AI06576,Tableau
AI06576,Azure
AI06577,Python
AI06577,Azure
AI06577,Hadoop
AI06577,GCP
AI06577,NLP
AI06578,Java
AI06578,Python
AI06578,GCP
AI06578,PyTorch
AI06579,Java
AI06579,Spark
AI06579,Python
AI06580,Docker
AI06580,Kubernetes
AI06580,TensorFlow
AI06580,Tableau
AI06580,Git
AI06581,Linux
AI06581,Statistics
AI06581,R
AI06582,Kubernetes
AI06582,GCP
AI06582,Tableau
AI06583,Statistics
AI06583,MLOps
AI06583,Linux
AI06583,Deep Learning
AI06584,SQL
AI06584,R
AI06584,Computer Vision
AI06584,Statistics
AI06584,NLP
AI06585,Tableau
AI06585,Spark
AI06585,Azure
AI06585,AWS
AI06585,Git
AI06586,Mathematics
AI06586,SQL
AI06586,Java
AI06586,R
AI06587,Java
AI06587,SQL
AI06587,Tableau
AI06587,Kubernetes
AI06587,Spark
AI06588,Python
AI06588,Scala
AI06588,Deep Learning
AI06589,NLP
AI06589,GCP
AI06589,Docker
AI06589,MLOps
AI06590,MLOps
AI06590,SQL
AI06590,Tableau
AI06591,GCP
AI06591,AWS
AI06591,Mathematics
AI06591,SQL
AI06591,Spark
AI06592,TensorFlow
AI06592,NLP
AI06592,Kubernetes
AI06592,GCP
AI06592,Data Visualization
AI06593,Computer Vision
AI06593,Kubernetes
AI06593,Linux
AI06593,Git
AI06593,Data Visualization
AI06594,Kubernetes
AI06594,PyTorch
AI06594,Mathematics
AI06595,Git
AI06595,Kubernetes
AI06595,Java
AI06596,Spark
AI06596,Deep Learning
AI06596,R
AI06596,Mathematics
AI06596,MLOps
AI06597,Git
AI06597,Data Visualization
AI06597,Hadoop
AI06598,PyTorch
AI06598,Mathematics
AI06598,Hadoop
AI06598,TensorFlow
AI06598,Azure
AI06599,MLOps
AI06599,PyTorch
AI06599,TensorFlow
AI06599,Deep Learning
AI06600,Hadoop
AI06600,AWS
AI06600,Azure
AI06600,Python
AI06601,Docker
AI06601,Java
AI06601,Computer Vision
AI06601,PyTorch
AI06602,Statistics
AI06602,Azure
AI06602,Linux
AI06603,R
AI06603,Azure
AI06603,Data Visualization
AI06603,Statistics
AI06604,SQL
AI06604,Data Visualization
AI06604,AWS
AI06604,NLP
AI06605,Linux
AI06605,TensorFlow
AI06605,Tableau
AI06605,SQL
AI06605,Mathematics
AI06606,AWS
AI06606,Python
AI06606,TensorFlow
AI06607,Tableau
AI06607,Mathematics
AI06607,Kubernetes
AI06607,Data Visualization
AI06608,Computer Vision
AI06608,Hadoop
AI06608,MLOps
AI06608,Docker
AI06609,TensorFlow
AI06609,Scala
AI06609,Python
AI06610,Kubernetes
AI06610,Python
AI06610,Statistics
AI06610,Deep Learning
AI06611,MLOps
AI06611,Scala
AI06611,GCP
AI06611,Mathematics
AI06612,Scala
AI06612,Java
AI06612,Kubernetes
AI06613,Python
AI06613,TensorFlow
AI06613,Deep Learning
AI06613,Kubernetes
AI06614,Java
AI06614,PyTorch
AI06614,NLP
AI06614,Git
AI06614,Scala
AI06615,Data Visualization
AI06615,Java
AI06615,Scala
AI06615,AWS
AI06616,R
AI06616,SQL
AI06616,Java
AI06616,Mathematics
AI06617,TensorFlow
AI06617,Mathematics
AI06617,NLP
AI06617,Computer Vision
AI06618,Python
AI06618,TensorFlow
AI06618,Spark
AI06618,Statistics
AI06618,AWS
AI06619,Git
AI06619,Kubernetes
AI06619,Data Visualization
AI06619,R
AI06619,Tableau
AI06620,MLOps
AI06620,Java
AI06620,SQL
AI06621,Scala
AI06621,MLOps
AI06621,SQL
AI06621,NLP
AI06621,Spark
AI06622,Statistics
AI06622,SQL
AI06622,PyTorch
AI06623,SQL
AI06623,Data Visualization
AI06623,R
AI06623,Azure
AI06624,Python
AI06624,Mathematics
AI06624,Deep Learning
AI06624,TensorFlow
AI06624,Computer Vision
AI06625,Statistics
AI06625,SQL
AI06625,Linux
AI06625,PyTorch
AI06626,Statistics
AI06626,PyTorch
AI06626,NLP
AI06626,Spark
AI06626,AWS
AI06627,PyTorch
AI06627,R
AI06627,Deep Learning
AI06628,Python
AI06628,Tableau
AI06628,Linux
AI06628,TensorFlow
AI06629,Python
AI06629,Hadoop
AI06629,TensorFlow
AI06629,Scala
AI06629,NLP
AI06630,Tableau
AI06630,Azure
AI06630,AWS
AI06630,Computer Vision
AI06631,Spark
AI06631,MLOps
AI06631,PyTorch
AI06631,Linux
AI06631,Computer Vision
AI06632,TensorFlow
AI06632,Git
AI06632,Computer Vision
AI06632,Spark
AI06633,Statistics
AI06633,Scala
AI06633,Python
AI06633,GCP
AI06634,PyTorch
AI06634,SQL
AI06634,Deep Learning
AI06635,Azure
AI06635,Computer Vision
AI06635,Hadoop
AI06635,Spark
AI06635,Python
AI06636,Azure
AI06636,PyTorch
AI06636,Mathematics
AI06636,Statistics
AI06637,Linux
AI06637,Spark
AI06637,Git
AI06637,Java
AI06638,R
AI06638,SQL
AI06638,Statistics
AI06638,Spark
AI06639,Linux
AI06639,Spark
AI06639,PyTorch
AI06639,NLP
AI06640,Python
AI06640,TensorFlow
AI06640,SQL
AI06641,Python
AI06641,TensorFlow
AI06641,Azure
AI06641,MLOps
AI06642,Python
AI06642,SQL
AI06642,Tableau
AI06642,TensorFlow
AI06643,Git
AI06643,Tableau
AI06643,TensorFlow
AI06643,SQL
AI06643,MLOps
AI06644,Statistics
AI06644,Azure
AI06644,TensorFlow
AI06645,PyTorch
AI06645,Scala
AI06645,TensorFlow
AI06646,Scala
AI06646,Java
AI06646,Spark
AI06646,Docker
AI06646,Computer Vision
AI06647,Scala
AI06647,SQL
AI06647,AWS
AI06648,Git
AI06648,Python
AI06648,TensorFlow
AI06648,Mathematics
AI06648,Statistics
AI06649,Hadoop
AI06649,PyTorch
AI06649,Spark
AI06650,Python
AI06650,Deep Learning
AI06650,AWS
AI06650,Java
AI06651,Azure
AI06651,TensorFlow
AI06651,AWS
AI06652,SQL
AI06652,Tableau
AI06652,Python
AI06652,Kubernetes
AI06652,Git
AI06653,GCP
AI06653,Git
AI06653,Python
AI06654,Computer Vision
AI06654,Docker
AI06654,Linux
AI06655,PyTorch
AI06655,NLP
AI06655,SQL
AI06656,Git
AI06656,Python
AI06656,TensorFlow
AI06656,Spark
AI06657,Scala
AI06657,MLOps
AI06657,Linux
AI06658,Linux
AI06658,Statistics
AI06658,PyTorch
AI06658,Spark
AI06658,Azure
AI06659,NLP
AI06659,Git
AI06659,Scala
AI06659,Spark
AI06660,Python
AI06660,Scala
AI06660,Computer Vision
AI06661,PyTorch
AI06661,Git
AI06661,Tableau
AI06661,GCP
AI06662,Python
AI06662,Git
AI06662,MLOps
AI06662,TensorFlow
AI06662,R
AI06663,Spark
AI06663,Linux
AI06663,Azure
AI06664,Git
AI06664,Python
AI06664,Kubernetes
AI06664,Tableau
AI06665,Hadoop
AI06665,Deep Learning
AI06665,Kubernetes
AI06666,Mathematics
AI06666,R
AI06666,Computer Vision
AI06666,Linux
AI06667,Azure
AI06667,Data Visualization
AI06667,MLOps
AI06667,TensorFlow
AI06667,PyTorch
AI06668,Scala
AI06668,Linux
AI06668,PyTorch
AI06668,TensorFlow
AI06668,Computer Vision
AI06669,Git
AI06669,Spark
AI06669,NLP
AI06670,TensorFlow
AI06670,Hadoop
AI06670,Spark
AI06671,Java
AI06671,SQL
AI06671,TensorFlow
AI06671,Git
AI06672,Tableau
AI06672,Mathematics
AI06672,Statistics
AI06672,Python
AI06672,Kubernetes
AI06673,TensorFlow
AI06673,Java
AI06673,SQL
AI06673,Linux
AI06674,Mathematics
AI06674,SQL
AI06674,TensorFlow
AI06674,Hadoop
AI06675,R
AI06675,Java
AI06675,GCP
AI06676,TensorFlow
AI06676,Kubernetes
AI06676,Spark
AI06676,Deep Learning
AI06677,GCP
AI06677,Data Visualization
AI06677,Python
AI06677,Tableau
AI06677,SQL
AI06678,Scala
AI06678,GCP
AI06678,Computer Vision
AI06679,Deep Learning
AI06679,Tableau
AI06679,Azure
AI06679,PyTorch
AI06679,GCP
AI06680,Python
AI06680,Tableau
AI06680,Java
AI06681,SQL
AI06681,Java
AI06681,TensorFlow
AI06681,GCP
AI06682,R
AI06682,Java
AI06682,TensorFlow
AI06682,Linux
AI06683,Docker
AI06683,Python
AI06683,Git
AI06684,Hadoop
AI06684,Linux
AI06684,Docker
AI06684,Spark
AI06684,Python
AI06685,Kubernetes
AI06685,Computer Vision
AI06685,Scala
AI06685,Java
AI06686,GCP
AI06686,Spark
AI06686,Deep Learning
AI06686,TensorFlow
AI06686,Statistics
AI06687,SQL
AI06687,Python
AI06687,NLP
AI06688,Hadoop
AI06688,Mathematics
AI06688,R
AI06689,MLOps
AI06689,SQL
AI06689,Mathematics
AI06689,Tableau
AI06690,Azure
AI06690,Python
AI06690,Scala
AI06691,PyTorch
AI06691,Kubernetes
AI06691,Statistics
AI06692,Git
AI06692,GCP
AI06692,Docker
AI06692,Python
AI06692,Scala
AI06693,Data Visualization
AI06693,R
AI06693,Java
AI06693,Spark
AI06694,R
AI06694,AWS
AI06694,Deep Learning
AI06695,Git
AI06695,Python
AI06695,NLP
AI06696,Java
AI06696,Tableau
AI06696,PyTorch
AI06696,Linux
AI06697,Azure
AI06697,Git
AI06697,Spark
AI06697,AWS
AI06697,Hadoop
AI06698,Git
AI06698,Azure
AI06698,Data Visualization
AI06698,SQL
AI06699,TensorFlow
AI06699,Kubernetes
AI06699,Data Visualization
AI06699,Git
AI06699,Mathematics
AI06700,Linux
AI06700,Statistics
AI06700,Data Visualization
AI06700,R
AI06700,AWS
AI06701,Azure
AI06701,Kubernetes
AI06701,Statistics
AI06701,Spark
AI06702,Scala
AI06702,Azure
AI06702,Git
AI06703,Docker
AI06703,Python
AI06703,MLOps
AI06703,TensorFlow
AI06703,Mathematics
AI06704,Tableau
AI06704,Scala
AI06704,AWS
AI06705,R
AI06705,MLOps
AI06705,Kubernetes
AI06706,AWS
AI06706,Tableau
AI06706,Kubernetes
AI06706,Linux
AI06707,MLOps
AI06707,Azure
AI06707,Kubernetes
AI06707,Mathematics
AI06707,Statistics
AI06708,MLOps
AI06708,R
AI06708,TensorFlow
AI06708,NLP
AI06708,GCP
AI06709,Docker
AI06709,Linux
AI06709,Git
AI06709,Spark
AI06709,Python
AI06710,Linux
AI06710,Python
AI06710,PyTorch
AI06710,SQL
AI06711,PyTorch
AI06711,Hadoop
AI06711,Computer Vision
AI06712,Computer Vision
AI06712,MLOps
AI06712,Data Visualization
AI06712,PyTorch
AI06712,Docker
AI06713,Git
AI06713,TensorFlow
AI06713,MLOps
AI06713,Python
AI06714,SQL
AI06714,Hadoop
AI06714,Computer Vision
AI06714,Git
AI06714,Statistics
AI06715,Python
AI06715,Docker
AI06715,Tableau
AI06715,Git
AI06715,Azure
AI06716,Azure
AI06716,R
AI06716,Mathematics
AI06717,Spark
AI06717,Java
AI06717,Tableau
AI06717,Deep Learning
AI06718,GCP
AI06718,Java
AI06718,Linux
AI06719,R
AI06719,SQL
AI06719,Computer Vision
AI06720,Azure
AI06720,Linux
AI06720,GCP
AI06720,NLP
AI06720,Spark
AI06721,Scala
AI06721,Hadoop
AI06721,Statistics
AI06722,Python
AI06722,Hadoop
AI06722,Mathematics
AI06722,Spark
AI06723,Java
AI06723,Kubernetes
AI06723,Mathematics
AI06723,Docker
AI06723,Azure
AI06724,Scala
AI06724,SQL
AI06724,PyTorch
AI06724,Git
AI06725,NLP
AI06725,GCP
AI06725,AWS
AI06725,Python
AI06726,Spark
AI06726,Kubernetes
AI06726,Python
AI06726,Computer Vision
AI06727,SQL
AI06727,Java
AI06727,Hadoop
AI06727,Git
AI06727,Azure
AI06728,Statistics
AI06728,Azure
AI06728,Java
AI06728,Data Visualization
AI06729,Deep Learning
AI06729,Scala
AI06729,Statistics
AI06729,Docker
AI06730,Statistics
AI06730,AWS
AI06730,Docker
AI06731,Scala
AI06731,Docker
AI06731,Spark
AI06732,Python
AI06732,GCP
AI06732,Java
AI06733,TensorFlow
AI06733,Hadoop
AI06733,PyTorch
AI06733,Statistics
AI06734,Java
AI06734,Data Visualization
AI06734,AWS
AI06735,GCP
AI06735,Python
AI06735,MLOps
AI06735,TensorFlow
AI06735,Linux
AI06736,Java
AI06736,Python
AI06736,Linux
AI06737,Statistics
AI06737,TensorFlow
AI06737,Tableau
AI06737,Git
AI06738,Docker
AI06738,Python
AI06738,Deep Learning
AI06738,Mathematics
AI06739,AWS
AI06739,Spark
AI06739,Tableau
AI06739,Deep Learning
AI06740,Spark
AI06740,PyTorch
AI06740,Data Visualization
AI06740,R
AI06741,Python
AI06741,Git
AI06741,Tableau
AI06741,R
AI06741,Kubernetes
AI06742,Python
AI06742,Hadoop
AI06742,TensorFlow
AI06742,Azure
AI06743,Kubernetes
AI06743,Computer Vision
AI06743,AWS
AI06744,Deep Learning
AI06744,Docker
AI06744,Scala
AI06745,Statistics
AI06745,GCP
AI06745,SQL
AI06746,Linux
AI06746,Python
AI06746,Java
AI06746,NLP
AI06747,Python
AI06747,PyTorch
AI06747,Statistics
AI06747,Kubernetes
AI06747,Linux
AI06748,Python
AI06748,Hadoop
AI06748,Data Visualization
AI06748,Statistics
AI06748,Azure
AI06749,R
AI06749,Kubernetes
AI06749,NLP
AI06749,SQL
AI06749,Docker
AI06750,Deep Learning
AI06750,PyTorch
AI06750,Computer Vision
AI06751,Spark
AI06751,SQL
AI06751,Statistics
AI06751,AWS
AI06751,Mathematics
AI06752,Kubernetes
AI06752,Git
AI06752,Linux
AI06753,Docker
AI06753,AWS
AI06753,Python
AI06753,Hadoop
AI06754,Python
AI06754,TensorFlow
AI06754,GCP
AI06755,Docker
AI06755,MLOps
AI06755,Computer Vision
AI06756,Azure
AI06756,Linux
AI06756,Statistics
AI06756,Computer Vision
AI06757,Deep Learning
AI06757,Python
AI06757,NLP
AI06758,Spark
AI06758,Scala
AI06758,Docker
AI06758,AWS
AI06758,Hadoop
AI06759,SQL
AI06759,Computer Vision
AI06759,GCP
AI06760,R
AI06760,Java
AI06760,Azure
AI06760,Python
AI06761,NLP
AI06761,Linux
AI06761,MLOps
AI06761,Kubernetes
AI06762,Docker
AI06762,Kubernetes
AI06762,MLOps
AI06762,NLP
AI06762,Linux
AI06763,AWS
AI06763,SQL
AI06763,Data Visualization
AI06764,NLP
AI06764,Deep Learning
AI06764,Tableau
AI06765,Python
AI06765,TensorFlow
AI06765,Tableau
AI06766,Java
AI06766,Git
AI06766,Data Visualization
AI06766,Hadoop
AI06767,Hadoop
AI06767,Python
AI06767,Computer Vision
AI06767,AWS
AI06767,Linux
AI06768,PyTorch
AI06768,Hadoop
AI06768,GCP
AI06769,Kubernetes
AI06769,Mathematics
AI06769,Computer Vision
AI06769,SQL
AI06769,Spark
AI06770,Deep Learning
AI06770,SQL
AI06770,TensorFlow
AI06770,R
AI06770,Kubernetes
AI06771,Azure
AI06771,Linux
AI06771,R
AI06771,GCP
AI06771,Computer Vision
AI06772,Git
AI06772,Java
AI06772,MLOps
AI06773,Java
AI06773,Data Visualization
AI06773,Python
AI06773,Git
AI06773,Docker
AI06774,Tableau
AI06774,PyTorch
AI06774,Kubernetes
AI06774,Computer Vision
AI06774,Deep Learning
AI06775,Hadoop
AI06775,NLP
AI06775,Git
AI06775,SQL
AI06775,TensorFlow
AI06776,Mathematics
AI06776,GCP
AI06776,Computer Vision
AI06776,Git
AI06776,TensorFlow
AI06777,MLOps
AI06777,R
AI06777,PyTorch
AI06777,Tableau
AI06778,Kubernetes
AI06778,Mathematics
AI06778,NLP
AI06778,PyTorch
AI06779,Azure
AI06779,Kubernetes
AI06779,Docker
AI06780,Deep Learning
AI06780,Kubernetes
AI06780,Statistics
AI06780,TensorFlow
AI06780,Docker
AI06781,Scala
AI06781,Azure
AI06781,Data Visualization
AI06781,TensorFlow
AI06782,Deep Learning
AI06782,GCP
AI06782,NLP
AI06782,Java
AI06783,PyTorch
AI06783,Statistics
AI06783,Tableau
AI06783,SQL
AI06784,SQL
AI06784,PyTorch
AI06784,R
AI06784,Deep Learning
AI06784,Docker
AI06785,Linux
AI06785,PyTorch
AI06785,Kubernetes
AI06785,Java
AI06786,Azure
AI06786,PyTorch
AI06786,Tableau
AI06786,Python
AI06787,Tableau
AI06787,Kubernetes
AI06787,Scala
AI06787,Hadoop
AI06788,Tableau
AI06788,Git
AI06788,TensorFlow
AI06788,SQL
AI06789,Tableau
AI06789,TensorFlow
AI06789,Kubernetes
AI06789,Data Visualization
AI06789,Deep Learning
AI06790,Linux
AI06790,Kubernetes
AI06790,Mathematics
AI06791,Data Visualization
AI06791,Python
AI06791,R
AI06791,Spark
AI06792,Spark
AI06792,Azure
AI06792,Statistics
AI06793,Git
AI06793,Python
AI06793,NLP
AI06793,R
AI06793,PyTorch
AI06794,Deep Learning
AI06794,Git
AI06794,Scala
AI06795,Git
AI06795,Java
AI06795,PyTorch
AI06795,MLOps
AI06795,Computer Vision
AI06796,AWS
AI06796,Java
AI06796,Mathematics
AI06796,Deep Learning
AI06796,GCP
AI06797,Data Visualization
AI06797,SQL
AI06797,Python
AI06798,Scala
AI06798,Java
AI06798,SQL
AI06799,Spark
AI06799,Scala
AI06799,R
AI06799,Statistics
AI06800,Linux
AI06800,R
AI06800,Computer Vision
AI06800,Data Visualization
AI06801,MLOps
AI06801,Azure
AI06801,Deep Learning
AI06802,Python
AI06802,TensorFlow
AI06802,PyTorch
AI06803,Python
AI06803,TensorFlow
AI06803,MLOps
AI06803,Deep Learning
AI06804,MLOps
AI06804,Deep Learning
AI06804,Linux
AI06805,Python
AI06805,Docker
AI06805,TensorFlow
AI06806,Deep Learning
AI06806,Git
AI06806,Mathematics
AI06806,Computer Vision
AI06806,SQL
AI06807,GCP
AI06807,TensorFlow
AI06807,MLOps
AI06808,PyTorch
AI06808,Statistics
AI06808,Computer Vision
AI06809,SQL
AI06809,NLP
AI06809,PyTorch
AI06809,Computer Vision
AI06810,SQL
AI06810,MLOps
AI06810,GCP
AI06810,Linux
AI06811,Python
AI06811,TensorFlow
AI06811,Docker
AI06811,Kubernetes
AI06811,PyTorch
AI06812,SQL
AI06812,Hadoop
AI06812,Computer Vision
AI06812,Python
AI06812,Azure
AI06813,Spark
AI06813,Python
AI06813,Hadoop
AI06814,Computer Vision
AI06814,SQL
AI06814,Java
AI06814,MLOps
AI06814,Data Visualization
AI06815,Java
AI06815,Tableau
AI06815,R
AI06816,Mathematics
AI06816,SQL
AI06816,Kubernetes
AI06816,Data Visualization
AI06816,MLOps
AI06817,Computer Vision
AI06817,Mathematics
AI06817,SQL
AI06818,Java
AI06818,SQL
AI06818,Kubernetes
AI06819,Azure
AI06819,R
AI06819,Deep Learning
AI06819,SQL
AI06819,TensorFlow
AI06820,SQL
AI06820,Data Visualization
AI06820,Computer Vision
AI06821,Kubernetes
AI06821,Linux
AI06821,R
AI06821,Python
AI06821,Docker
AI06822,SQL
AI06822,Git
AI06822,Java
AI06822,Hadoop
AI06823,Git
AI06823,Deep Learning
AI06823,R
AI06823,Linux
AI06824,Mathematics
AI06824,MLOps
AI06824,Python
AI06824,TensorFlow
AI06824,PyTorch
AI06825,Docker
AI06825,Computer Vision
AI06825,R
AI06826,Data Visualization
AI06826,Scala
AI06826,Azure
AI06827,Spark
AI06827,MLOps
AI06827,Scala
AI06827,Mathematics
AI06827,Kubernetes
AI06828,Linux
AI06828,Computer Vision
AI06828,Python
AI06828,TensorFlow
AI06828,Git
AI06829,PyTorch
AI06829,R
AI06829,Tableau
AI06830,Git
AI06830,Docker
AI06830,MLOps
AI06831,Computer Vision
AI06831,Git
AI06831,NLP
AI06831,SQL
AI06831,Statistics
AI06832,R
AI06832,Docker
AI06832,PyTorch
AI06833,Docker
AI06833,MLOps
AI06833,Tableau
AI06833,Spark
AI06834,GCP
AI06834,Deep Learning
AI06834,Git
AI06835,Python
AI06835,AWS
AI06835,TensorFlow
AI06836,Linux
AI06836,SQL
AI06836,GCP
AI06836,PyTorch
AI06836,Spark
AI06837,Git
AI06837,Mathematics
AI06837,Data Visualization
AI06837,AWS
AI06837,Linux
AI06838,Scala
AI06838,Docker
AI06838,Spark
AI06839,Scala
AI06839,Deep Learning
AI06839,Computer Vision
AI06839,Linux
AI06840,Python
AI06840,Java
AI06840,MLOps
AI06841,Python
AI06841,Computer Vision
AI06841,Linux
AI06841,TensorFlow
AI06842,TensorFlow
AI06842,AWS
AI06842,Hadoop
AI06843,Linux
AI06843,R
AI06843,NLP
AI06843,Kubernetes
AI06844,Kubernetes
AI06844,Git
AI06844,AWS
AI06844,Tableau
AI06844,GCP
AI06845,PyTorch
AI06845,GCP
AI06845,Tableau
AI06846,NLP
AI06846,Python
AI06846,Tableau
AI06846,Azure
AI06847,NLP
AI06847,PyTorch
AI06847,SQL
AI06848,NLP
AI06848,Tableau
AI06848,Hadoop
AI06849,PyTorch
AI06849,Linux
AI06849,Scala
AI06850,Mathematics
AI06850,Java
AI06850,Tableau
AI06851,Statistics
AI06851,Java
AI06851,SQL
AI06852,Linux
AI06852,SQL
AI06852,PyTorch
AI06852,Azure
AI06853,SQL
AI06853,Spark
AI06853,GCP
AI06853,Git
AI06853,Scala
AI06854,Tableau
AI06854,SQL
AI06854,R
AI06855,Deep Learning
AI06855,TensorFlow
AI06855,Kubernetes
AI06855,Docker
AI06856,Data Visualization
AI06856,Spark
AI06856,TensorFlow
AI06857,R
AI06857,TensorFlow
AI06857,Azure
AI06857,Linux
AI06857,Spark
AI06858,SQL
AI06858,Kubernetes
AI06858,Azure
AI06858,TensorFlow
AI06858,AWS
AI06859,Python
AI06859,Scala
AI06859,Git
AI06859,Azure
AI06860,Python
AI06860,AWS
AI06860,Data Visualization
AI06860,Mathematics
AI06861,GCP
AI06861,Kubernetes
AI06861,Git
AI06861,Azure
AI06862,AWS
AI06862,Linux
AI06862,Java
AI06863,TensorFlow
AI06863,MLOps
AI06863,Scala
AI06863,Computer Vision
AI06864,Tableau
AI06864,GCP
AI06864,Hadoop
AI06864,Python
AI06865,Linux
AI06865,Python
AI06865,Docker
AI06866,MLOps
AI06866,Java
AI06866,Data Visualization
AI06867,Deep Learning
AI06867,Kubernetes
AI06867,Hadoop
AI06867,Azure
AI06868,Python
AI06868,Kubernetes
AI06868,Scala
AI06868,Spark
AI06869,Docker
AI06869,Scala
AI06869,AWS
AI06869,Java
AI06869,R
AI06870,SQL
AI06870,PyTorch
AI06870,AWS
AI06870,R
AI06870,MLOps
AI06871,Scala
AI06871,Git
AI06871,MLOps
AI06871,Deep Learning
AI06871,Python
AI06872,Python
AI06872,Mathematics
AI06872,MLOps
AI06873,NLP
AI06873,PyTorch
AI06873,Deep Learning
AI06873,Tableau
AI06873,Git
AI06874,GCP
AI06874,SQL
AI06874,MLOps
AI06874,Docker
AI06875,Kubernetes
AI06875,Spark
AI06875,Data Visualization
AI06875,NLP
AI06875,Mathematics
AI06876,SQL
AI06876,PyTorch
AI06876,Azure
AI06876,Computer Vision
AI06877,Docker
AI06877,Spark
AI06877,AWS
AI06877,Statistics
AI06877,MLOps
AI06878,TensorFlow
AI06878,Linux
AI06878,Python
AI06879,Spark
AI06879,Git
AI06879,Docker
AI06879,AWS
AI06879,MLOps
AI06880,Spark
AI06880,Python
AI06880,GCP
AI06880,NLP
AI06881,Mathematics
AI06881,MLOps
AI06881,Deep Learning
AI06882,TensorFlow
AI06882,AWS
AI06882,NLP
AI06882,Mathematics
AI06883,AWS
AI06883,Hadoop
AI06883,Azure
AI06883,Mathematics
AI06883,R
AI06884,Kubernetes
AI06884,Git
AI06884,Mathematics
AI06884,Hadoop
AI06884,Deep Learning
AI06885,Python
AI06885,Linux
AI06885,Mathematics
AI06886,NLP
AI06886,Kubernetes
AI06886,Data Visualization
AI06887,PyTorch
AI06887,Git
AI06887,Python
AI06887,Kubernetes
AI06888,Data Visualization
AI06888,Statistics
AI06888,Hadoop
AI06888,PyTorch
AI06888,AWS
AI06889,Python
AI06889,TensorFlow
AI06889,MLOps
AI06890,Python
AI06890,Scala
AI06890,Tableau
AI06891,Git
AI06891,PyTorch
AI06891,Tableau
AI06891,TensorFlow
AI06891,Java
AI06892,PyTorch
AI06892,Spark
AI06892,Kubernetes
AI06892,Data Visualization
AI06892,Tableau
AI06893,Deep Learning
AI06893,PyTorch
AI06893,Tableau
AI06893,TensorFlow
AI06894,Python
AI06894,TensorFlow
AI06894,PyTorch
AI06894,Statistics
AI06895,SQL
AI06895,Python
AI06895,MLOps
AI06895,TensorFlow
AI06896,Java
AI06896,Spark
AI06896,SQL
AI06896,Computer Vision
AI06896,Azure
AI06897,Data Visualization
AI06897,SQL
AI06897,PyTorch
AI06897,Kubernetes
AI06897,Deep Learning
AI06898,Statistics
AI06898,Scala
AI06898,R
AI06899,TensorFlow
AI06899,Python
AI06899,GCP
AI06899,AWS
AI06899,Computer Vision
AI06900,Python
AI06900,SQL
AI06900,Azure
AI06901,Python
AI06901,Scala
AI06901,Data Visualization
AI06901,TensorFlow
AI06902,Kubernetes
AI06902,Data Visualization
AI06902,PyTorch
AI06903,Tableau
AI06903,Java
AI06903,Docker
AI06903,Statistics
AI06903,PyTorch
AI06904,PyTorch
AI06904,Azure
AI06904,Linux
AI06904,Git
AI06904,Spark
AI06905,Tableau
AI06905,Scala
AI06905,Python
AI06906,Hadoop
AI06906,TensorFlow
AI06906,Python
AI06906,MLOps
AI06907,Computer Vision
AI06907,Git
AI06907,Java
AI06907,Kubernetes
AI06908,Git
AI06908,Spark
AI06908,Scala
AI06908,Python
AI06909,Hadoop
AI06909,SQL
AI06909,MLOps
AI06910,Java
AI06910,Kubernetes
AI06910,Statistics
AI06910,Computer Vision
AI06911,Data Visualization
AI06911,Git
AI06911,R
AI06911,PyTorch
AI06911,Docker
AI06912,MLOps
AI06912,Kubernetes
AI06912,Git
AI06912,Mathematics
AI06912,SQL
AI06913,GCP
AI06913,PyTorch
AI06913,Kubernetes
AI06914,Kubernetes
AI06914,Docker
AI06914,R
AI06914,Mathematics
AI06915,TensorFlow
AI06915,Tableau
AI06915,Linux
AI06915,Deep Learning
AI06915,Statistics
AI06916,Azure
AI06916,Kubernetes
AI06916,GCP
AI06916,Python
AI06917,Statistics
AI06917,Kubernetes
AI06917,Hadoop
AI06917,TensorFlow
AI06918,GCP
AI06918,Data Visualization
AI06918,Python
AI06919,Python
AI06919,TensorFlow
AI06919,Spark
AI06920,Mathematics
AI06920,R
AI06920,SQL
AI06920,Deep Learning
AI06920,GCP
AI06921,PyTorch
AI06921,Docker
AI06921,SQL
AI06921,AWS
AI06921,Statistics
AI06922,Scala
AI06922,Spark
AI06922,Data Visualization
AI06923,R
AI06923,GCP
AI06923,Hadoop
AI06923,AWS
AI06923,Python
AI06924,Hadoop
AI06924,Spark
AI06924,Data Visualization
AI06924,MLOps
AI06924,Scala
AI06925,Azure
AI06925,Docker
AI06925,Tableau
AI06926,SQL
AI06926,Java
AI06926,Mathematics
AI06926,PyTorch
AI06926,GCP
AI06927,Data Visualization
AI06927,Spark
AI06927,Tableau
AI06927,Python
AI06927,MLOps
AI06928,Python
AI06928,TensorFlow
AI06928,Computer Vision
AI06928,Mathematics
AI06928,Statistics
AI06929,Python
AI06929,Mathematics
AI06929,Kubernetes
AI06929,Azure
AI06929,Git
AI06930,Computer Vision
AI06930,SQL
AI06930,Tableau
AI06931,PyTorch
AI06931,NLP
AI06931,Docker
AI06932,Deep Learning
AI06932,Python
AI06932,TensorFlow
AI06932,Computer Vision
AI06933,SQL
AI06933,Kubernetes
AI06933,NLP
AI06933,Scala
AI06934,GCP
AI06934,Java
AI06934,MLOps
AI06934,Azure
AI06934,PyTorch
AI06935,SQL
AI06935,TensorFlow
AI06935,Kubernetes
AI06935,Hadoop
AI06935,Linux
AI06936,Git
AI06936,Deep Learning
AI06936,Tableau
AI06936,Docker
AI06936,GCP
AI06937,Scala
AI06937,Git
AI06937,Linux
AI06938,Kubernetes
AI06938,Scala
AI06938,R
AI06938,Docker
AI06938,Deep Learning
AI06939,Python
AI06939,AWS
AI06939,Tableau
AI06940,Scala
AI06940,Data Visualization
AI06940,Tableau
AI06940,R
AI06941,GCP
AI06941,TensorFlow
AI06941,Java
AI06942,MLOps
AI06942,Scala
AI06942,Python
AI06942,Azure
AI06942,Hadoop
AI06943,NLP
AI06943,AWS
AI06943,Computer Vision
AI06943,SQL
AI06943,Git
AI06944,R
AI06944,Linux
AI06944,Deep Learning
AI06945,Data Visualization
AI06945,TensorFlow
AI06945,Kubernetes
AI06945,Hadoop
AI06945,Azure
AI06946,Tableau
AI06946,PyTorch
AI06946,SQL
AI06946,Data Visualization
AI06946,Statistics
AI06947,R
AI06947,AWS
AI06947,Kubernetes
AI06948,NLP
AI06948,Hadoop
AI06948,Linux
AI06948,TensorFlow
AI06949,Data Visualization
AI06949,Docker
AI06949,Python
AI06949,MLOps
AI06949,Linux
AI06950,Scala
AI06950,Deep Learning
AI06950,SQL
AI06950,Azure
AI06951,Computer Vision
AI06951,Python
AI06951,Linux
AI06951,Mathematics
AI06951,Hadoop
AI06952,Mathematics
AI06952,AWS
AI06952,Deep Learning
AI06952,MLOps
AI06953,Spark
AI06953,MLOps
AI06953,Python
AI06954,Data Visualization
AI06954,TensorFlow
AI06954,Tableau
AI06954,Spark
AI06955,Hadoop
AI06955,Git
AI06955,NLP
AI06955,GCP
AI06956,Git
AI06956,Kubernetes
AI06956,R
AI06956,Linux
AI06957,Docker
AI06957,Mathematics
AI06957,Python
AI06958,AWS
AI06958,TensorFlow
AI06958,Python
AI06959,Spark
AI06959,Hadoop
AI06959,Tableau
AI06960,PyTorch
AI06960,NLP
AI06960,Hadoop
AI06960,SQL
AI06961,Spark
AI06961,Computer Vision
AI06961,PyTorch
AI06962,GCP
AI06962,Python
AI06962,TensorFlow
AI06963,Scala
AI06963,NLP
AI06963,PyTorch
AI06964,Java
AI06964,NLP
AI06964,R
AI06964,Spark
AI06965,R
AI06965,Git
AI06965,NLP
AI06965,SQL
AI06966,NLP
AI06966,Linux
AI06966,Spark
AI06966,TensorFlow
AI06966,R
AI06967,Tableau
AI06967,Azure
AI06967,SQL
AI06968,GCP
AI06968,Scala
AI06968,Data Visualization
AI06969,Linux
AI06969,Python
AI06969,MLOps
AI06969,Scala
AI06970,Scala
AI06970,PyTorch
AI06970,Python
AI06970,AWS
AI06970,R
AI06971,Python
AI06971,Tableau
AI06971,Java
AI06971,Kubernetes
AI06972,Kubernetes
AI06972,GCP
AI06972,NLP
AI06972,Computer Vision
AI06973,Scala
AI06973,NLP
AI06973,TensorFlow
AI06974,Computer Vision
AI06974,Azure
AI06974,Java
AI06974,Python
AI06974,Data Visualization
AI06975,AWS
AI06975,Mathematics
AI06975,Git
AI06976,PyTorch
AI06976,TensorFlow
AI06976,Computer Vision
AI06977,Mathematics
AI06977,MLOps
AI06977,PyTorch
AI06977,TensorFlow
AI06978,Scala
AI06978,Git
AI06978,Spark
AI06979,Spark
AI06979,R
AI06979,Python
AI06980,Java
AI06980,Git
AI06980,R
AI06980,Computer Vision
AI06980,SQL
AI06981,Mathematics
AI06981,Git
AI06981,Python
AI06981,MLOps
AI06982,Git
AI06982,TensorFlow
AI06982,PyTorch
AI06983,Kubernetes
AI06983,Tableau
AI06983,R
AI06983,Python
AI06984,Tableau
AI06984,Python
AI06984,Computer Vision
AI06984,Java
AI06984,Scala
AI06985,GCP
AI06985,SQL
AI06985,Data Visualization
AI06985,PyTorch
AI06985,Spark
AI06986,R
AI06986,NLP
AI06986,Tableau
AI06986,MLOps
AI06986,Deep Learning
AI06987,Python
AI06987,NLP
AI06987,Spark
AI06988,PyTorch
AI06988,Computer Vision
AI06988,Python
AI06989,Deep Learning
AI06989,Java
AI06989,GCP
AI06989,Kubernetes
AI06989,Spark
AI06990,Linux
AI06990,Kubernetes
AI06990,MLOps
AI06991,Mathematics
AI06991,SQL
AI06991,Tableau
AI06992,Linux
AI06992,SQL
AI06992,Computer Vision
AI06993,Python
AI06993,Docker
AI06993,TensorFlow
AI06993,Computer Vision
AI06993,Tableau
AI06994,SQL
AI06994,Scala
AI06994,Mathematics
AI06994,Git
AI06994,Hadoop
AI06995,Computer Vision
AI06995,Docker
AI06995,Deep Learning
AI06995,Data Visualization
AI06996,Computer Vision
AI06996,NLP
AI06996,MLOps
AI06996,AWS
AI06997,AWS
AI06997,Data Visualization
AI06997,SQL
AI06998,Hadoop
AI06998,Statistics
AI06998,Azure
AI06998,Mathematics
AI06999,Data Visualization
AI06999,Linux
AI06999,PyTorch
AI06999,NLP
AI06999,TensorFlow
AI07000,PyTorch
AI07000,Kubernetes
AI07000,TensorFlow
AI07001,Python
AI07001,Linux
AI07001,NLP
AI07002,Java
AI07002,R
AI07002,Python
AI07002,Azure
AI07003,Linux
AI07003,Java
AI07003,Scala
AI07003,GCP
AI07003,Spark
AI07004,Data Visualization
AI07004,Python
AI07004,Tableau
AI07004,Hadoop
AI07005,Kubernetes
AI07005,Deep Learning
AI07005,Spark
AI07005,SQL
AI07006,Mathematics
AI07006,Hadoop
AI07006,Spark
AI07006,Statistics
AI07006,Tableau
AI07007,PyTorch
AI07007,SQL
AI07007,Deep Learning
AI07007,Mathematics
AI07008,Scala
AI07008,SQL
AI07008,Linux
AI07008,Python
AI07008,GCP
AI07009,Python
AI07009,GCP
AI07009,TensorFlow
AI07009,Java
AI07009,Spark
AI07010,Scala
AI07010,Tableau
AI07010,Data Visualization
AI07011,Statistics
AI07011,Data Visualization
AI07011,Docker
AI07011,MLOps
AI07011,Python
AI07012,Spark
AI07012,Python
AI07012,TensorFlow
AI07012,GCP
AI07013,TensorFlow
AI07013,Python
AI07013,Azure
AI07014,Scala
AI07014,TensorFlow
AI07014,Statistics
AI07015,PyTorch
AI07015,Kubernetes
AI07015,Azure
AI07015,Python
AI07016,NLP
AI07016,Docker
AI07016,Scala
AI07016,MLOps
AI07016,SQL
AI07017,Git
AI07017,NLP
AI07017,SQL
AI07017,Python
AI07018,Python
AI07018,Deep Learning
AI07018,R
AI07019,Mathematics
AI07019,Docker
AI07019,Tableau
AI07019,Python
AI07019,AWS
AI07020,Python
AI07020,TensorFlow
AI07020,GCP
AI07020,SQL
AI07020,Scala
AI07021,SQL
AI07021,Deep Learning
AI07021,PyTorch
AI07021,Hadoop
AI07021,Computer Vision
AI07022,Kubernetes
AI07022,Scala
AI07022,Java
AI07022,Docker
AI07022,Azure
AI07023,SQL
AI07023,Kubernetes
AI07023,TensorFlow
AI07023,Azure
AI07023,Java
AI07024,MLOps
AI07024,PyTorch
AI07024,Spark
AI07024,TensorFlow
AI07024,Linux
AI07025,Statistics
AI07025,MLOps
AI07025,Kubernetes
AI07025,Python
AI07025,TensorFlow
AI07026,Data Visualization
AI07026,PyTorch
AI07026,NLP
AI07027,Git
AI07027,Python
AI07027,Java
AI07027,NLP
AI07027,Scala
AI07028,PyTorch
AI07028,NLP
AI07028,TensorFlow
AI07028,Tableau
AI07028,Scala
AI07029,Python
AI07029,Data Visualization
AI07029,Computer Vision
AI07029,TensorFlow
AI07029,Scala
AI07030,Java
AI07030,Python
AI07030,NLP
AI07031,Linux
AI07031,Azure
AI07031,Java
AI07031,Spark
AI07031,NLP
AI07032,MLOps
AI07032,Tableau
AI07032,Python
AI07032,Docker
AI07032,NLP
AI07033,Tableau
AI07033,Kubernetes
AI07033,Data Visualization
AI07033,Computer Vision
AI07034,Java
AI07034,Hadoop
AI07034,Git
AI07034,Kubernetes
AI07034,Python
AI07035,Docker
AI07035,Azure
AI07035,Python
AI07036,Docker
AI07036,PyTorch
AI07036,Spark
AI07037,Git
AI07037,PyTorch
AI07037,Hadoop
AI07037,Statistics
AI07037,Mathematics
AI07038,PyTorch
AI07038,TensorFlow
AI07038,Mathematics
AI07038,SQL
AI07038,Kubernetes
AI07039,Python
AI07039,Deep Learning
AI07039,Git
AI07040,GCP
AI07040,Hadoop
AI07040,Kubernetes
AI07040,Scala
AI07040,Azure
AI07041,Hadoop
AI07041,Linux
AI07041,Java
AI07041,Scala
AI07042,Java
AI07042,Deep Learning
AI07042,Tableau
AI07042,Scala
AI07042,TensorFlow
AI07043,Linux
AI07043,Data Visualization
AI07043,Computer Vision
AI07043,Kubernetes
AI07044,R
AI07044,AWS
AI07044,SQL
AI07044,PyTorch
AI07045,AWS
AI07045,R
AI07045,Scala
AI07045,Git
AI07046,NLP
AI07046,SQL
AI07046,GCP
AI07046,Computer Vision
AI07046,Python
AI07047,Python
AI07047,Mathematics
AI07047,Computer Vision
AI07047,Java
AI07047,Scala
AI07048,Linux
AI07048,Java
AI07048,Hadoop
AI07048,GCP
AI07048,Deep Learning
AI07049,Java
AI07049,Scala
AI07049,Deep Learning
AI07049,AWS
AI07050,Git
AI07050,Hadoop
AI07050,Deep Learning
AI07050,MLOps
AI07051,TensorFlow
AI07051,Java
AI07051,Python
AI07051,Hadoop
AI07051,AWS
AI07052,SQL
AI07052,PyTorch
AI07052,TensorFlow
AI07052,AWS
AI07052,R
AI07053,Data Visualization
AI07053,PyTorch
AI07053,Statistics
AI07054,Scala
AI07054,Statistics
AI07054,TensorFlow
AI07055,Git
AI07055,Kubernetes
AI07055,Mathematics
AI07056,GCP
AI07056,Deep Learning
AI07056,Python
AI07056,R
AI07057,Mathematics
AI07057,Deep Learning
AI07057,Scala
AI07058,Python
AI07058,SQL
AI07058,Deep Learning
AI07059,Scala
AI07059,R
AI07059,Linux
AI07059,Mathematics
AI07060,Hadoop
AI07060,Git
AI07060,Data Visualization
AI07060,Linux
AI07060,Kubernetes
AI07061,Computer Vision
AI07061,Python
AI07061,Linux
AI07061,TensorFlow
AI07061,Tableau
AI07062,Python
AI07062,Mathematics
AI07062,R
AI07062,AWS
AI07063,Python
AI07063,Java
AI07063,MLOps
AI07063,Computer Vision
AI07063,SQL
AI07064,TensorFlow
AI07064,Java
AI07064,Hadoop
AI07065,Scala
AI07065,Data Visualization
AI07065,Git
AI07065,SQL
AI07066,Mathematics
AI07066,Statistics
AI07066,TensorFlow
AI07067,Computer Vision
AI07067,Hadoop
AI07067,Linux
AI07067,Statistics
AI07068,Python
AI07068,Data Visualization
AI07068,Spark
AI07068,Computer Vision
AI07069,Spark
AI07069,Data Visualization
AI07069,AWS
AI07070,Linux
AI07070,SQL
AI07070,AWS
AI07070,Hadoop
AI07071,TensorFlow
AI07071,Python
AI07071,AWS
AI07071,Linux
AI07071,Tableau
AI07072,R
AI07072,Kubernetes
AI07072,Git
AI07072,Deep Learning
AI07073,Scala
AI07073,SQL
AI07073,Tableau
AI07073,Data Visualization
AI07073,MLOps
AI07074,R
AI07074,SQL
AI07074,Git
AI07074,Kubernetes
AI07074,Mathematics
AI07075,Tableau
AI07075,Linux
AI07075,Kubernetes
AI07075,Git
AI07075,Scala
AI07076,Linux
AI07076,Deep Learning
AI07076,R
AI07076,NLP
AI07077,Kubernetes
AI07077,Statistics
AI07077,R
AI07077,Python
AI07078,Data Visualization
AI07078,GCP
AI07078,Tableau
AI07079,PyTorch
AI07079,Python
AI07079,Scala
AI07079,Tableau
AI07080,R
AI07080,Kubernetes
AI07080,Statistics
AI07080,Python
AI07081,Kubernetes
AI07081,Data Visualization
AI07081,SQL
AI07081,GCP
AI07081,AWS
AI07082,MLOps
AI07082,Python
AI07082,Tableau
AI07083,PyTorch
AI07083,Scala
AI07083,Java
AI07084,TensorFlow
AI07084,GCP
AI07084,Scala
AI07084,Kubernetes
AI07084,Deep Learning
AI07085,Hadoop
AI07085,Spark
AI07085,Kubernetes
AI07085,Computer Vision
AI07085,Statistics
AI07086,Java
AI07086,R
AI07086,Mathematics
AI07087,Python
AI07087,GCP
AI07087,Scala
AI07087,Docker
AI07087,Git
AI07088,Python
AI07088,Hadoop
AI07088,MLOps
AI07089,R
AI07089,Python
AI07089,Kubernetes
AI07089,Deep Learning
AI07089,Git
AI07090,Git
AI07090,R
AI07090,TensorFlow
AI07091,SQL
AI07091,R
AI07091,NLP
AI07092,GCP
AI07092,Kubernetes
AI07092,NLP
AI07093,SQL
AI07093,TensorFlow
AI07093,Statistics
AI07094,SQL
AI07094,R
AI07094,GCP
AI07094,MLOps
AI07094,Computer Vision
AI07095,SQL
AI07095,MLOps
AI07095,PyTorch
AI07095,Hadoop
AI07095,TensorFlow
AI07096,Data Visualization
AI07096,Java
AI07096,Python
AI07097,Java
AI07097,Scala
AI07097,Python
AI07098,NLP
AI07098,Java
AI07098,PyTorch
AI07098,TensorFlow
AI07098,Hadoop
AI07099,Deep Learning
AI07099,Git
AI07099,Docker
AI07100,R
AI07100,Statistics
AI07100,Kubernetes
AI07100,Scala
AI07100,Computer Vision
AI07101,NLP
AI07101,Linux
AI07101,PyTorch
AI07101,Git
AI07101,Scala
AI07102,Linux
AI07102,Statistics
AI07102,Git
AI07102,R
AI07102,Computer Vision
AI07103,Hadoop
AI07103,Scala
AI07103,Python
AI07103,Docker
AI07104,GCP
AI07104,TensorFlow
AI07104,Git
AI07104,NLP
AI07105,PyTorch
AI07105,TensorFlow
AI07105,Kubernetes
AI07105,R
AI07106,Kubernetes
AI07106,Java
AI07106,SQL
AI07106,Azure
AI07107,AWS
AI07107,Scala
AI07107,Tableau
AI07108,SQL
AI07108,Spark
AI07108,Git
AI07109,MLOps
AI07109,Kubernetes
AI07109,R
AI07110,Statistics
AI07110,Kubernetes
AI07110,Scala
AI07110,Mathematics
AI07111,Kubernetes
AI07111,Python
AI07111,NLP
AI07112,Scala
AI07112,Azure
AI07112,PyTorch
AI07112,GCP
AI07113,PyTorch
AI07113,Statistics
AI07113,SQL
AI07113,Docker
AI07114,SQL
AI07114,R
AI07114,Computer Vision
AI07115,Kubernetes
AI07115,Tableau
AI07115,GCP
AI07115,Mathematics
AI07116,Java
AI07116,Hadoop
AI07116,MLOps
AI07116,R
AI07117,Azure
AI07117,PyTorch
AI07117,Scala
AI07118,GCP
AI07118,Kubernetes
AI07118,Azure
AI07118,TensorFlow
AI07119,Statistics
AI07119,Hadoop
AI07119,SQL
AI07119,Deep Learning
AI07120,Azure
AI07120,AWS
AI07120,Mathematics
AI07120,Scala
AI07121,Docker
AI07121,Git
AI07121,Deep Learning
AI07122,Tableau
AI07122,AWS
AI07122,Mathematics
AI07123,SQL
AI07123,Statistics
AI07123,MLOps
AI07123,Python
AI07123,Git
AI07124,GCP
AI07124,Linux
AI07124,Data Visualization
AI07125,Python
AI07125,Computer Vision
AI07125,Linux
AI07125,Scala
AI07126,Scala
AI07126,PyTorch
AI07126,SQL
AI07126,Azure
AI07126,Computer Vision
AI07127,Spark
AI07127,Deep Learning
AI07127,Tableau
AI07128,Hadoop
AI07128,SQL
AI07128,Mathematics
AI07129,TensorFlow
AI07129,R
AI07129,Statistics
AI07129,Azure
AI07129,Kubernetes
AI07130,R
AI07130,Linux
AI07130,Scala
AI07130,GCP
AI07130,Data Visualization
AI07131,TensorFlow
AI07131,Mathematics
AI07131,Tableau
AI07132,Kubernetes
AI07132,Statistics
AI07132,TensorFlow
AI07132,Hadoop
AI07132,MLOps
AI07133,Java
AI07133,MLOps
AI07133,Hadoop
AI07134,NLP
AI07134,Scala
AI07134,Data Visualization
AI07134,Kubernetes
AI07135,Azure
AI07135,Scala
AI07135,Java
AI07136,Computer Vision
AI07136,Python
AI07136,R
AI07136,Deep Learning
AI07137,TensorFlow
AI07137,Python
AI07137,Tableau
AI07137,Git
AI07137,Mathematics
AI07138,Kubernetes
AI07138,TensorFlow
AI07138,Azure
AI07138,Statistics
AI07138,Deep Learning
AI07139,Python
AI07139,Docker
AI07139,Hadoop
AI07140,NLP
AI07140,TensorFlow
AI07140,Statistics
AI07141,GCP
AI07141,SQL
AI07141,Git
AI07141,Tableau
AI07142,Git
AI07142,MLOps
AI07142,Deep Learning
AI07143,SQL
AI07143,PyTorch
AI07143,Tableau
AI07143,Kubernetes
AI07144,SQL
AI07144,Git
AI07144,PyTorch
AI07145,Python
AI07145,TensorFlow
AI07145,Computer Vision
AI07146,Python
AI07146,Statistics
AI07146,TensorFlow
AI07146,PyTorch
AI07147,Git
AI07147,PyTorch
AI07147,SQL
AI07147,Kubernetes
AI07147,Linux
AI07148,MLOps
AI07148,Scala
AI07148,NLP
AI07148,Python
AI07149,Python
AI07149,TensorFlow
AI07149,NLP
AI07149,Hadoop
AI07149,Git
AI07150,Statistics
AI07150,Docker
AI07150,MLOps
AI07150,Java
AI07150,Data Visualization
AI07151,Linux
AI07151,Statistics
AI07151,Deep Learning
AI07152,SQL
AI07152,Python
AI07152,AWS
AI07153,Java
AI07153,Tableau
AI07153,GCP
AI07153,Computer Vision
AI07153,Scala
AI07154,Java
AI07154,R
AI07154,SQL
AI07155,Linux
AI07155,Mathematics
AI07155,Data Visualization
AI07155,Kubernetes
AI07155,Git
AI07156,Data Visualization
AI07156,SQL
AI07156,Java
AI07156,Docker
AI07157,Hadoop
AI07157,Git
AI07157,Data Visualization
AI07157,Python
AI07157,SQL
AI07158,GCP
AI07158,Java
AI07158,Mathematics
AI07158,SQL
AI07159,Kubernetes
AI07159,Linux
AI07159,Scala
AI07159,Git
AI07160,PyTorch
AI07160,Azure
AI07160,Deep Learning
AI07161,Hadoop
AI07161,PyTorch
AI07161,Deep Learning
AI07161,Docker
AI07162,TensorFlow
AI07162,Linux
AI07162,SQL
AI07162,Mathematics
AI07162,GCP
AI07163,TensorFlow
AI07163,R
AI07163,Tableau
AI07163,Statistics
AI07164,Scala
AI07164,Java
AI07164,SQL
AI07164,Tableau
AI07165,Scala
AI07165,Python
AI07165,TensorFlow
AI07165,Docker
AI07165,Computer Vision
AI07166,Tableau
AI07166,Data Visualization
AI07166,Git
AI07166,Python
AI07167,Kubernetes
AI07167,AWS
AI07167,Mathematics
AI07168,Git
AI07168,Data Visualization
AI07168,AWS
AI07168,Python
AI07168,Deep Learning
AI07169,Git
AI07169,PyTorch
AI07169,R
AI07170,Java
AI07170,Docker
AI07170,AWS
AI07171,SQL
AI07171,TensorFlow
AI07171,Data Visualization
AI07172,SQL
AI07172,Statistics
AI07172,Computer Vision
AI07172,MLOps
AI07173,Data Visualization
AI07173,Git
AI07173,Deep Learning
AI07173,GCP
AI07174,Data Visualization
AI07174,GCP
AI07174,Statistics
AI07174,PyTorch
AI07174,Spark
AI07175,Git
AI07175,Linux
AI07175,MLOps
AI07175,Azure
AI07176,Hadoop
AI07176,GCP
AI07176,TensorFlow
AI07176,Java
AI07176,PyTorch
AI07177,Azure
AI07177,Python
AI07177,Statistics
AI07177,Git
AI07178,Python
AI07178,TensorFlow
AI07178,Tableau
AI07179,Python
AI07179,Java
AI07179,NLP
AI07180,TensorFlow
AI07180,Java
AI07180,Scala
AI07180,Linux
AI07180,AWS
AI07181,Docker
AI07181,Hadoop
AI07181,Tableau
AI07181,Mathematics
AI07182,PyTorch
AI07182,Kubernetes
AI07182,GCP
AI07182,SQL
AI07182,MLOps
AI07183,SQL
AI07183,Python
AI07183,Git
AI07184,Mathematics
AI07184,AWS
AI07184,Deep Learning
AI07185,SQL
AI07185,Data Visualization
AI07185,Scala
AI07186,Deep Learning
AI07186,Python
AI07186,SQL
AI07187,Linux
AI07187,SQL
AI07187,Python
AI07187,Hadoop
AI07188,Hadoop
AI07188,AWS
AI07188,Tableau
AI07189,Java
AI07189,Python
AI07189,Mathematics
AI07190,Mathematics
AI07190,Linux
AI07190,Data Visualization
AI07190,Spark
AI07191,Git
AI07191,Docker
AI07191,SQL
AI07191,R
AI07192,Linux
AI07192,Computer Vision
AI07192,SQL
AI07193,Deep Learning
AI07193,TensorFlow
AI07193,NLP
AI07193,Mathematics
AI07193,Git
AI07194,Java
AI07194,Kubernetes
AI07194,NLP
AI07194,Deep Learning
AI07194,Git
AI07195,NLP
AI07195,Scala
AI07195,Computer Vision
AI07195,Git
AI07195,GCP
AI07196,TensorFlow
AI07196,MLOps
AI07196,Data Visualization
AI07197,SQL
AI07197,Spark
AI07197,Computer Vision
AI07197,Python
AI07197,NLP
AI07198,Computer Vision
AI07198,Git
AI07198,NLP
AI07199,GCP
AI07199,R
AI07199,Hadoop
AI07199,Kubernetes
AI07200,GCP
AI07200,TensorFlow
AI07200,Spark
AI07200,Git
AI07201,Kubernetes
AI07201,Computer Vision
AI07201,Docker
AI07201,Deep Learning
AI07202,TensorFlow
AI07202,Git
AI07202,Deep Learning
AI07202,Statistics
AI07203,Hadoop
AI07203,Spark
AI07203,Git
AI07203,Python
AI07204,Scala
AI07204,PyTorch
AI07204,Java
AI07205,Computer Vision
AI07205,PyTorch
AI07205,NLP
AI07205,Git
AI07205,Scala
AI07206,Data Visualization
AI07206,Python
AI07206,Deep Learning
AI07206,Git
AI07207,NLP
AI07207,Data Visualization
AI07207,Python
AI07207,Docker
AI07208,Git
AI07208,TensorFlow
AI07208,Scala
AI07208,GCP
AI07209,Kubernetes
AI07209,PyTorch
AI07209,Computer Vision
AI07210,Azure
AI07210,Linux
AI07210,Scala
AI07210,Mathematics
AI07210,NLP
AI07211,SQL
AI07211,Scala
AI07211,Azure
AI07212,Git
AI07212,Python
AI07212,TensorFlow
AI07213,GCP
AI07213,SQL
AI07213,MLOps
AI07213,Mathematics
AI07213,R
AI07214,Kubernetes
AI07214,TensorFlow
AI07214,Statistics
AI07214,Mathematics
AI07215,Tableau
AI07215,SQL
AI07215,PyTorch
AI07215,Deep Learning
AI07216,Kubernetes
AI07216,Docker
AI07216,Computer Vision
AI07217,NLP
AI07217,Linux
AI07217,Python
AI07218,Hadoop
AI07218,Python
AI07218,MLOps
AI07218,Mathematics
AI07219,Kubernetes
AI07219,Git
AI07219,Java
AI07220,Docker
AI07220,Tableau
AI07220,Azure
AI07220,Java
AI07221,Kubernetes
AI07221,NLP
AI07221,AWS
AI07221,Computer Vision
AI07221,Scala
AI07222,Deep Learning
AI07222,Mathematics
AI07222,R
AI07222,Scala
AI07223,Kubernetes
AI07223,SQL
AI07223,GCP
AI07223,Computer Vision
AI07223,AWS
AI07224,R
AI07224,GCP
AI07224,Tableau
AI07224,Azure
AI07224,SQL
AI07225,Spark
AI07225,PyTorch
AI07225,Linux
AI07225,Data Visualization
AI07225,TensorFlow
AI07226,Kubernetes
AI07226,Mathematics
AI07226,Scala
AI07226,Data Visualization
AI07226,Linux
AI07227,Linux
AI07227,Deep Learning
AI07227,Spark
AI07228,Scala
AI07228,PyTorch
AI07228,Statistics
AI07228,SQL
AI07229,Data Visualization
AI07229,PyTorch
AI07229,TensorFlow
AI07229,Python
AI07230,R
AI07230,Docker
AI07230,Statistics
AI07231,Kubernetes
AI07231,Hadoop
AI07231,Statistics
AI07231,Python
AI07232,Tableau
AI07232,Computer Vision
AI07232,Java
AI07233,NLP
AI07233,Linux
AI07233,Python
AI07233,TensorFlow
AI07234,Linux
AI07234,Scala
AI07234,Statistics
AI07234,PyTorch
AI07234,NLP
AI07235,Linux
AI07235,Azure
AI07235,Tableau
AI07235,Data Visualization
AI07236,Hadoop
AI07236,Mathematics
AI07236,SQL
AI07236,NLP
AI07237,Computer Vision
AI07237,NLP
AI07237,GCP
AI07237,Java
AI07238,Kubernetes
AI07238,Statistics
AI07238,Deep Learning
AI07238,Spark
AI07238,Azure
AI07239,SQL
AI07239,TensorFlow
AI07239,R
AI07239,Java
AI07239,Python
AI07240,NLP
AI07240,Python
AI07240,TensorFlow
AI07240,PyTorch
AI07240,Tableau
AI07241,Tableau
AI07241,Python
AI07241,AWS
AI07242,Java
AI07242,Data Visualization
AI07242,Hadoop
AI07243,Computer Vision
AI07243,Linux
AI07243,Azure
AI07243,Statistics
AI07243,MLOps
AI07244,Tableau
AI07244,SQL
AI07244,Spark
AI07244,AWS
AI07244,Mathematics
AI07245,Hadoop
AI07245,Git
AI07245,GCP
AI07245,Azure
AI07245,Spark
AI07246,Python
AI07246,AWS
AI07246,Mathematics
AI07247,Hadoop
AI07247,Mathematics
AI07247,R
AI07247,Computer Vision
AI07247,Spark
AI07248,PyTorch
AI07248,SQL
AI07248,Kubernetes
AI07249,GCP
AI07249,SQL
AI07249,Mathematics
AI07250,Kubernetes
AI07250,Hadoop
AI07250,GCP
AI07250,Deep Learning
AI07251,Tableau
AI07251,Scala
AI07251,Python
AI07252,TensorFlow
AI07252,Mathematics
AI07252,Statistics
AI07253,Docker
AI07253,Computer Vision
AI07253,SQL
AI07253,Mathematics
AI07253,MLOps
AI07254,R
AI07254,Azure
AI07254,Git
AI07254,Python
AI07254,Java
AI07255,Docker
AI07255,GCP
AI07255,Tableau
AI07255,MLOps
AI07255,AWS
AI07256,Git
AI07256,Linux
AI07256,Computer Vision
AI07257,Mathematics
AI07257,Docker
AI07257,Data Visualization
AI07257,Deep Learning
AI07257,Linux
AI07258,PyTorch
AI07258,SQL
AI07258,Java
AI07258,Kubernetes
AI07259,Python
AI07259,R
AI07259,SQL
AI07259,Mathematics
AI07259,TensorFlow
AI07260,MLOps
AI07260,Deep Learning
AI07260,Data Visualization
AI07260,R
AI07260,Computer Vision
AI07261,Python
AI07261,Git
AI07261,TensorFlow
AI07261,Deep Learning
AI07262,GCP
AI07262,Java
AI07262,SQL
AI07262,Mathematics
AI07263,R
AI07263,Python
AI07263,Linux
AI07263,Docker
AI07264,Data Visualization
AI07264,Git
AI07264,Computer Vision
AI07264,Kubernetes
AI07264,Python
AI07265,Scala
AI07265,Mathematics
AI07265,TensorFlow
AI07266,TensorFlow
AI07266,AWS
AI07266,Computer Vision
AI07266,GCP
AI07267,Azure
AI07267,Computer Vision
AI07267,SQL
AI07268,Kubernetes
AI07268,Statistics
AI07268,Hadoop
AI07268,Deep Learning
AI07268,R
AI07269,NLP
AI07269,Docker
AI07269,TensorFlow
AI07269,Azure
AI07270,AWS
AI07270,Data Visualization
AI07270,SQL
AI07271,Azure
AI07271,PyTorch
AI07271,Git
AI07271,MLOps
AI07271,R
AI07272,Computer Vision
AI07272,Hadoop
AI07272,R
AI07272,SQL
AI07273,SQL
AI07273,Tableau
AI07273,Statistics
AI07273,Data Visualization
AI07274,Linux
AI07274,GCP
AI07274,Data Visualization
AI07274,SQL
AI07274,NLP
AI07275,AWS
AI07275,Mathematics
AI07275,Computer Vision
AI07275,Kubernetes
AI07276,R
AI07276,Kubernetes
AI07276,GCP
AI07276,Python
AI07277,Spark
AI07277,Deep Learning
AI07277,Kubernetes
AI07277,Mathematics
AI07277,Linux
AI07278,GCP
AI07278,Statistics
AI07278,Docker
AI07278,SQL
AI07278,Scala
AI07279,MLOps
AI07279,Linux
AI07279,Git
AI07280,PyTorch
AI07280,Deep Learning
AI07280,Computer Vision
AI07280,Azure
AI07281,Python
AI07281,TensorFlow
AI07281,Data Visualization
AI07281,Tableau
AI07282,Git
AI07282,Scala
AI07282,Java
AI07282,NLP
AI07283,Computer Vision
AI07283,Python
AI07283,Hadoop
AI07283,GCP
AI07283,TensorFlow
AI07284,Kubernetes
AI07284,PyTorch
AI07284,Docker
AI07285,Linux
AI07285,Azure
AI07285,Deep Learning
AI07285,TensorFlow
AI07285,Data Visualization
AI07286,Java
AI07286,Hadoop
AI07286,TensorFlow
AI07286,Spark
AI07287,Java
AI07287,TensorFlow
AI07287,Python
AI07288,Java
AI07288,SQL
AI07288,GCP
AI07288,PyTorch
AI07289,Spark
AI07289,Git
AI07289,NLP
AI07290,R
AI07290,Scala
AI07290,Linux
AI07291,PyTorch
AI07291,Scala
AI07291,Linux
AI07291,Docker
AI07291,MLOps
AI07292,MLOps
AI07292,SQL
AI07292,AWS
AI07292,R
AI07292,Kubernetes
AI07293,TensorFlow
AI07293,Kubernetes
AI07293,Docker
AI07293,Java
AI07293,R
AI07294,Git
AI07294,Kubernetes
AI07294,Python
AI07294,MLOps
AI07295,Git
AI07295,Kubernetes
AI07295,PyTorch
AI07295,Java
AI07295,Linux
AI07296,Tableau
AI07296,Mathematics
AI07296,Docker
AI07296,Git
AI07296,MLOps
AI07297,Data Visualization
AI07297,Deep Learning
AI07297,Azure
AI07297,GCP
AI07298,GCP
AI07298,Spark
AI07298,Scala
AI07299,Scala
AI07299,Python
AI07299,Linux
AI07299,GCP
AI07300,AWS
AI07300,Hadoop
AI07300,Git
AI07301,SQL
AI07301,Python
AI07301,Tableau
AI07301,Computer Vision
AI07301,Docker
AI07302,Statistics
AI07302,Azure
AI07302,Python
AI07303,PyTorch
AI07303,Data Visualization
AI07303,Linux
AI07303,Git
AI07303,MLOps
AI07304,Statistics
AI07304,Java
AI07304,Mathematics
AI07305,SQL
AI07305,Python
AI07305,TensorFlow
AI07305,Azure
AI07305,Linux
AI07306,Hadoop
AI07306,Kubernetes
AI07306,Data Visualization
AI07307,Computer Vision
AI07307,SQL
AI07307,Deep Learning
AI07307,AWS
AI07307,Java
AI07308,Git
AI07308,SQL
AI07308,Python
AI07308,Deep Learning
AI07308,Spark
AI07309,Git
AI07309,Mathematics
AI07309,NLP
AI07309,Java
AI07310,AWS
AI07310,Scala
AI07310,Linux
AI07310,R
AI07310,Python
AI07311,Git
AI07311,PyTorch
AI07311,Kubernetes
AI07312,Python
AI07312,AWS
AI07312,Scala
AI07312,NLP
AI07312,Kubernetes
AI07313,Hadoop
AI07313,R
AI07313,Python
AI07313,Docker
AI07313,Tableau
AI07314,Kubernetes
AI07314,PyTorch
AI07314,SQL
AI07315,GCP
AI07315,Python
AI07315,Data Visualization
AI07316,Computer Vision
AI07316,Spark
AI07316,TensorFlow
AI07317,Computer Vision
AI07317,NLP
AI07317,Kubernetes
AI07318,Scala
AI07318,GCP
AI07318,MLOps
AI07319,Docker
AI07319,Python
AI07319,Data Visualization
AI07320,Spark
AI07320,Python
AI07320,Azure
AI07320,Computer Vision
AI07320,TensorFlow
AI07321,AWS
AI07321,Computer Vision
AI07321,Kubernetes
AI07322,Java
AI07322,Kubernetes
AI07322,Azure
AI07323,AWS
AI07323,R
AI07323,SQL
AI07323,Kubernetes
AI07323,Java
AI07324,SQL
AI07324,Scala
AI07324,Kubernetes
AI07325,Scala
AI07325,Python
AI07325,GCP
AI07325,Azure
AI07325,Computer Vision
AI07326,R
AI07326,MLOps
AI07326,Java
AI07326,Linux
AI07327,Data Visualization
AI07327,Hadoop
AI07327,Docker
AI07327,Computer Vision
AI07327,GCP
AI07328,Hadoop
AI07328,Python
AI07328,Git
AI07328,NLP
AI07329,GCP
AI07329,Azure
AI07329,Hadoop
AI07329,Scala
AI07330,Git
AI07330,Python
AI07330,Tableau
AI07331,TensorFlow
AI07331,Computer Vision
AI07331,Python
AI07331,Java
AI07332,Python
AI07332,Data Visualization
AI07332,Tableau
AI07333,Linux
AI07333,SQL
AI07333,Data Visualization
AI07333,Azure
AI07334,MLOps
AI07334,Deep Learning
AI07334,PyTorch
AI07334,TensorFlow
AI07334,Hadoop
AI07335,SQL
AI07335,Scala
AI07335,Spark
AI07335,Statistics
AI07336,Python
AI07336,Docker
AI07336,GCP
AI07336,AWS
AI07336,Linux
AI07337,Data Visualization
AI07337,Hadoop
AI07337,Computer Vision
AI07338,Kubernetes
AI07338,PyTorch
AI07338,Python
AI07339,Tableau
AI07339,GCP
AI07339,Docker
AI07339,Linux
AI07340,PyTorch
AI07340,Deep Learning
AI07340,Data Visualization
AI07340,Tableau
AI07341,Kubernetes
AI07341,Azure
AI07341,Java
AI07341,Mathematics
AI07341,PyTorch
AI07342,PyTorch
AI07342,TensorFlow
AI07342,GCP
AI07342,Azure
AI07342,Python
AI07343,Docker
AI07343,Java
AI07343,Kubernetes
AI07344,Linux
AI07344,SQL
AI07344,Java
AI07345,GCP
AI07345,Python
AI07345,Mathematics
AI07346,Scala
AI07346,Spark
AI07346,Computer Vision
AI07347,Java
AI07347,Python
AI07347,Scala
AI07347,Linux
AI07347,R
AI07348,PyTorch
AI07348,Java
AI07348,Deep Learning
AI07349,Data Visualization
AI07349,Python
AI07349,Kubernetes
AI07349,Tableau
AI07349,Spark
AI07350,SQL
AI07350,Computer Vision
AI07350,NLP
AI07351,MLOps
AI07351,Scala
AI07351,Mathematics
AI07351,Data Visualization
AI07351,Python
AI07352,Kubernetes
AI07352,Spark
AI07352,Python
AI07353,Mathematics
AI07353,Statistics
AI07353,Data Visualization
AI07353,Git
AI07353,Java
AI07354,Linux
AI07354,Statistics
AI07354,Data Visualization
AI07355,Kubernetes
AI07355,Java
AI07355,Tableau
AI07355,Scala
AI07356,NLP
AI07356,Python
AI07356,Linux
AI07357,GCP
AI07357,Git
AI07357,Statistics
AI07358,Git
AI07358,Deep Learning
AI07358,Statistics
AI07358,Spark
AI07359,SQL
AI07359,NLP
AI07359,MLOps
AI07360,Computer Vision
AI07360,Hadoop
AI07360,R
AI07360,Kubernetes
AI07361,NLP
AI07361,Scala
AI07361,Azure
AI07361,Computer Vision
AI07361,Python
AI07362,AWS
AI07362,Git
AI07362,Docker
AI07362,Python
AI07362,Linux
AI07363,Kubernetes
AI07363,Scala
AI07363,Statistics
AI07363,Git
AI07364,Python
AI07364,TensorFlow
AI07364,Mathematics
AI07364,Deep Learning
AI07365,SQL
AI07365,PyTorch
AI07365,Java
AI07365,Computer Vision
AI07365,R
AI07366,Kubernetes
AI07366,Data Visualization
AI07366,Tableau
AI07367,PyTorch
AI07367,R
AI07367,Statistics
AI07368,Hadoop
AI07368,PyTorch
AI07368,AWS
AI07368,Mathematics
AI07368,NLP
AI07369,Tableau
AI07369,MLOps
AI07369,SQL
AI07369,Java
AI07369,GCP
AI07370,Linux
AI07370,Spark
AI07370,GCP
AI07371,Data Visualization
AI07371,Python
AI07371,Git
AI07371,TensorFlow
AI07372,Kubernetes
AI07372,Java
AI07372,Docker
AI07372,R
AI07372,Mathematics
AI07373,Git
AI07373,Mathematics
AI07373,SQL
AI07373,Hadoop
AI07373,AWS
AI07374,Spark
AI07374,GCP
AI07374,PyTorch
AI07375,Java
AI07375,Scala
AI07375,Hadoop
AI07375,AWS
AI07375,Mathematics
AI07376,Kubernetes
AI07376,Java
AI07376,Tableau
AI07376,NLP
AI07376,SQL
AI07377,Linux
AI07377,GCP
AI07377,Scala
AI07377,Java
AI07377,Git
AI07378,Spark
AI07378,AWS
AI07378,SQL
AI07378,Computer Vision
AI07379,Git
AI07379,Kubernetes
AI07379,NLP
AI07380,Git
AI07380,Scala
AI07380,Computer Vision
AI07380,GCP
AI07381,Tableau
AI07381,Git
AI07381,Kubernetes
AI07382,Java
AI07382,R
AI07382,GCP
AI07382,Azure
AI07382,SQL
AI07383,Spark
AI07383,Tableau
AI07383,Java
AI07383,Kubernetes
AI07384,PyTorch
AI07384,Computer Vision
AI07384,TensorFlow
AI07385,Statistics
AI07385,R
AI07385,Java
AI07385,Python
AI07385,GCP
AI07386,Data Visualization
AI07386,NLP
AI07386,Linux
AI07387,Hadoop
AI07387,Linux
AI07387,Scala
AI07388,Spark
AI07388,Scala
AI07388,Java
AI07388,NLP
AI07389,NLP
AI07389,Hadoop
AI07389,Python
AI07389,Azure
AI07389,Git
AI07390,PyTorch
AI07390,Kubernetes
AI07390,Scala
AI07390,Computer Vision
AI07390,Azure
AI07391,Hadoop
AI07391,Java
AI07391,MLOps
AI07392,Python
AI07392,GCP
AI07392,Git
AI07392,TensorFlow
AI07392,MLOps
AI07393,TensorFlow
AI07393,R
AI07393,Data Visualization
AI07394,Statistics
AI07394,Tableau
AI07394,Python
AI07394,TensorFlow
AI07394,Git
AI07395,Python
AI07395,Java
AI07395,Azure
AI07396,SQL
AI07396,Deep Learning
AI07396,Azure
AI07397,R
AI07397,Hadoop
AI07397,Java
AI07397,Statistics
AI07398,Deep Learning
AI07398,SQL
AI07398,Spark
AI07398,Java
AI07398,Kubernetes
AI07399,Docker
AI07399,SQL
AI07399,Azure
AI07399,Java
AI07399,Scala
AI07400,Docker
AI07400,Hadoop
AI07400,Mathematics
AI07400,Scala
AI07400,Data Visualization
AI07401,SQL
AI07401,NLP
AI07401,Hadoop
AI07401,Tableau
AI07401,Kubernetes
AI07402,Docker
AI07402,PyTorch
AI07402,GCP
AI07402,Python
AI07402,Statistics
AI07403,Data Visualization
AI07403,Azure
AI07403,Git
AI07404,Spark
AI07404,Python
AI07404,Scala
AI07404,Kubernetes
AI07405,Python
AI07405,Azure
AI07405,MLOps
AI07405,Mathematics
AI07406,Git
AI07406,MLOps
AI07406,Java
AI07406,PyTorch
AI07406,SQL
AI07407,Deep Learning
AI07407,Statistics
AI07407,Scala
AI07407,Kubernetes
AI07408,R
AI07408,AWS
AI07408,Data Visualization
AI07408,Spark
AI07409,Python
AI07409,AWS
AI07409,Java
AI07410,MLOps
AI07410,Kubernetes
AI07410,Deep Learning
AI07410,PyTorch
AI07410,Docker
AI07411,Scala
AI07411,Computer Vision
AI07411,Linux
AI07412,Spark
AI07412,Kubernetes
AI07412,Mathematics
AI07412,TensorFlow
AI07412,NLP
AI07413,Kubernetes
AI07413,Linux
AI07413,R
AI07413,Azure
AI07414,Docker
AI07414,MLOps
AI07414,Python
AI07414,GCP
AI07415,SQL
AI07415,Git
AI07415,Java
AI07415,TensorFlow
AI07416,Scala
AI07416,GCP
AI07416,Tableau
AI07417,Scala
AI07417,Kubernetes
AI07417,AWS
AI07418,GCP
AI07418,Python
AI07418,Computer Vision
AI07419,R
AI07419,Java
AI07419,Computer Vision
AI07419,MLOps
AI07419,Data Visualization
AI07420,Python
AI07420,SQL
AI07420,Java
AI07420,Tableau
AI07421,Python
AI07421,Kubernetes
AI07421,Statistics
AI07421,Spark
AI07422,Git
AI07422,Linux
AI07422,MLOps
AI07423,Docker
AI07423,AWS
AI07423,Git
AI07423,Kubernetes
AI07424,GCP
AI07424,Java
AI07424,TensorFlow
AI07425,Spark
AI07425,PyTorch
AI07425,TensorFlow
AI07425,AWS
AI07426,Scala
AI07426,PyTorch
AI07426,Tableau
AI07427,Git
AI07427,Scala
AI07427,Linux
AI07427,Kubernetes
AI07427,R
AI07428,AWS
AI07428,Git
AI07428,Java
AI07429,NLP
AI07429,Docker
AI07429,Kubernetes
AI07429,MLOps
AI07430,Scala
AI07430,Linux
AI07430,Hadoop
AI07430,Git
AI07431,Python
AI07431,Scala
AI07431,Statistics
AI07432,GCP
AI07432,Hadoop
AI07432,Python
AI07433,Spark
AI07433,Scala
AI07433,MLOps
AI07433,Kubernetes
AI07433,Git
AI07434,Data Visualization
AI07434,Deep Learning
AI07434,Linux
AI07434,Mathematics
AI07434,Spark
AI07435,Python
AI07435,MLOps
AI07435,Data Visualization
AI07435,Azure
AI07436,SQL
AI07436,Kubernetes
AI07436,Scala
AI07436,Hadoop
AI07436,PyTorch
AI07437,Kubernetes
AI07437,SQL
AI07437,Data Visualization
AI07438,AWS
AI07438,R
AI07438,Azure
AI07438,GCP
AI07439,Hadoop
AI07439,AWS
AI07439,Computer Vision
AI07440,Kubernetes
AI07440,Scala
AI07440,Azure
AI07441,Docker
AI07441,Kubernetes
AI07441,Statistics
AI07442,Statistics
AI07442,TensorFlow
AI07442,R
AI07442,Scala
AI07443,Deep Learning
AI07443,Git
AI07443,Python
AI07443,TensorFlow
AI07443,MLOps
AI07444,Scala
AI07444,Azure
AI07444,Mathematics
AI07444,Kubernetes
AI07445,Kubernetes
AI07445,PyTorch
AI07445,AWS
AI07445,Statistics
AI07445,Scala
AI07446,Statistics
AI07446,PyTorch
AI07446,SQL
AI07446,Docker
AI07447,GCP
AI07447,SQL
AI07447,AWS
AI07448,PyTorch
AI07448,Docker
AI07448,Computer Vision
AI07448,Statistics
AI07449,Linux
AI07449,Python
AI07449,Data Visualization
AI07450,PyTorch
AI07450,GCP
AI07450,Scala
AI07451,Statistics
AI07451,SQL
AI07451,Mathematics
AI07451,AWS
AI07451,Kubernetes
AI07452,Hadoop
AI07452,SQL
AI07452,AWS
AI07452,Deep Learning
AI07452,GCP
AI07453,Statistics
AI07453,Docker
AI07453,MLOps
AI07453,Deep Learning
AI07454,R
AI07454,Linux
AI07454,TensorFlow
AI07454,Deep Learning
AI07455,Tableau
AI07455,Spark
AI07455,MLOps
AI07455,Linux
AI07455,Scala
AI07456,GCP
AI07456,Scala
AI07456,MLOps
AI07456,SQL
AI07457,Azure
AI07457,Linux
AI07457,Scala
AI07458,Kubernetes
AI07458,AWS
AI07458,Deep Learning
AI07459,PyTorch
AI07459,Data Visualization
AI07459,MLOps
AI07459,GCP
AI07460,R
AI07460,GCP
AI07460,Data Visualization
AI07460,Git
AI07461,Python
AI07461,Java
AI07461,NLP
AI07461,Git
AI07462,Python
AI07462,TensorFlow
AI07462,Tableau
AI07462,Kubernetes
AI07462,Git
AI07463,NLP
AI07463,Docker
AI07463,Python
AI07463,AWS
AI07464,Kubernetes
AI07464,Python
AI07464,GCP
AI07465,Kubernetes
AI07465,R
AI07465,Spark
AI07465,SQL
AI07465,Java
AI07466,Spark
AI07466,SQL
AI07466,NLP
AI07466,Python
AI07467,R
AI07467,Data Visualization
AI07467,Scala
AI07467,SQL
AI07467,Git
AI07468,Azure
AI07468,Spark
AI07468,Python
AI07468,Linux
AI07468,Data Visualization
AI07469,Git
AI07469,Scala
AI07469,Spark
AI07469,Tableau
AI07469,PyTorch
AI07470,AWS
AI07470,Data Visualization
AI07470,SQL
AI07470,Mathematics
AI07471,Statistics
AI07471,Scala
AI07471,Tableau
AI07471,AWS
AI07472,Tableau
AI07472,PyTorch
AI07472,Spark
AI07473,Tableau
AI07473,Docker
AI07473,Python
AI07473,Computer Vision
AI07474,PyTorch
AI07474,Kubernetes
AI07474,Data Visualization
AI07474,MLOps
AI07474,Hadoop
AI07475,Docker
AI07475,Kubernetes
AI07475,SQL
AI07476,Computer Vision
AI07476,Azure
AI07476,Python
AI07477,Statistics
AI07477,Computer Vision
AI07477,Scala
AI07478,Python
AI07478,Azure
AI07478,SQL
AI07478,Hadoop
AI07478,Kubernetes
AI07479,TensorFlow
AI07479,Scala
AI07479,Python
AI07479,PyTorch
AI07479,Linux
AI07480,Scala
AI07480,Java
AI07480,Docker
AI07481,Spark
AI07481,Kubernetes
AI07481,Java
AI07481,GCP
AI07482,Hadoop
AI07482,Python
AI07482,Mathematics
AI07482,MLOps
AI07483,Mathematics
AI07483,Hadoop
AI07483,Deep Learning
AI07484,Computer Vision
AI07484,Python
AI07484,PyTorch
AI07484,Azure
AI07485,Azure
AI07485,Python
AI07485,Statistics
AI07485,Git
AI07485,Java
AI07486,Statistics
AI07486,Computer Vision
AI07486,PyTorch
AI07487,MLOps
AI07487,SQL
AI07487,Docker
AI07488,R
AI07488,Kubernetes
AI07488,TensorFlow
AI07489,SQL
AI07489,Linux
AI07489,Computer Vision
AI07489,GCP
AI07489,NLP
AI07490,PyTorch
AI07490,Kubernetes
AI07490,MLOps
AI07490,Statistics
AI07490,Hadoop
AI07491,Spark
AI07491,Statistics
AI07491,Mathematics
AI07491,SQL
AI07492,Azure
AI07492,PyTorch
AI07492,Deep Learning
AI07493,Azure
AI07493,Java
AI07493,PyTorch
AI07493,SQL
AI07494,Hadoop
AI07494,Linux
AI07494,TensorFlow
AI07495,AWS
AI07495,Computer Vision
AI07495,TensorFlow
AI07495,R
AI07495,Git
AI07496,Spark
AI07496,Git
AI07496,TensorFlow
AI07496,Hadoop
AI07496,GCP
AI07497,Kubernetes
AI07497,Computer Vision
AI07497,Python
AI07498,Scala
AI07498,Docker
AI07498,Java
AI07498,Azure
AI07499,PyTorch
AI07499,SQL
AI07499,Computer Vision
AI07499,Data Visualization
AI07499,Hadoop
AI07500,AWS
AI07500,Kubernetes
AI07500,Python
AI07501,Git
AI07501,Statistics
AI07501,Tableau
AI07501,Mathematics
AI07502,MLOps
AI07502,R
AI07502,Statistics
AI07502,Java
AI07502,Hadoop
AI07503,NLP
AI07503,Hadoop
AI07503,Deep Learning
AI07503,Git
AI07503,SQL
AI07504,GCP
AI07504,R
AI07504,Deep Learning
AI07504,Spark
AI07504,Azure
AI07505,Java
AI07505,Data Visualization
AI07505,Scala
AI07505,MLOps
AI07505,Azure
AI07506,Spark
AI07506,Kubernetes
AI07506,Computer Vision
AI07506,Deep Learning
AI07507,MLOps
AI07507,Hadoop
AI07507,Spark
AI07507,SQL
AI07508,Mathematics
AI07508,Java
AI07508,Tableau
AI07508,AWS
AI07508,Python
AI07509,Kubernetes
AI07509,SQL
AI07509,Git
AI07509,Computer Vision
AI07510,Computer Vision
AI07510,Hadoop
AI07510,Statistics
AI07511,R
AI07511,Spark
AI07511,Hadoop
AI07511,Python
AI07511,TensorFlow
AI07512,AWS
AI07512,PyTorch
AI07512,NLP
AI07512,GCP
AI07512,Kubernetes
AI07513,AWS
AI07513,Docker
AI07513,Deep Learning
AI07513,Kubernetes
AI07513,NLP
AI07514,Statistics
AI07514,Azure
AI07514,TensorFlow
AI07515,Scala
AI07515,MLOps
AI07515,Git
AI07515,Statistics
AI07515,Azure
AI07516,Statistics
AI07516,Azure
AI07516,GCP
AI07516,Java
AI07517,Java
AI07517,TensorFlow
AI07517,NLP
AI07517,Azure
AI07518,TensorFlow
AI07518,Python
AI07518,Data Visualization
AI07518,Kubernetes
AI07518,Mathematics
AI07519,Scala
AI07519,R
AI07519,Kubernetes
AI07520,Linux
AI07520,Kubernetes
AI07520,TensorFlow
AI07520,Computer Vision
AI07520,NLP
AI07521,Mathematics
AI07521,R
AI07521,Kubernetes
AI07521,PyTorch
AI07521,Git
AI07522,Kubernetes
AI07522,TensorFlow
AI07522,Docker
AI07522,Statistics
AI07523,Git
AI07523,NLP
AI07523,Data Visualization
AI07523,SQL
AI07524,GCP
AI07524,SQL
AI07524,Java
AI07524,Scala
AI07524,Deep Learning
AI07525,Scala
AI07525,Azure
AI07525,Data Visualization
AI07525,Git
AI07525,Python
AI07526,SQL
AI07526,Scala
AI07526,GCP
AI07526,NLP
AI07527,Data Visualization
AI07527,Spark
AI07527,Kubernetes
AI07527,Tableau
AI07528,SQL
AI07528,Linux
AI07528,Tableau
AI07528,Python
AI07528,MLOps
AI07529,Scala
AI07529,Java
AI07529,Deep Learning
AI07530,Python
AI07530,Computer Vision
AI07530,Git
AI07531,Java
AI07531,TensorFlow
AI07531,NLP
AI07532,Computer Vision
AI07532,GCP
AI07532,Data Visualization
AI07533,Data Visualization
AI07533,Hadoop
AI07533,Kubernetes
AI07533,Statistics
AI07534,Hadoop
AI07534,R
AI07534,Scala
AI07534,NLP
AI07535,Azure
AI07535,Kubernetes
AI07535,Java
AI07536,Data Visualization
AI07536,Computer Vision
AI07536,Deep Learning
AI07537,Spark
AI07537,SQL
AI07537,MLOps
AI07537,Java
AI07538,Docker
AI07538,Data Visualization
AI07538,Statistics
AI07539,Tableau
AI07539,SQL
AI07539,TensorFlow
AI07540,Linux
AI07540,AWS
AI07540,Computer Vision
AI07541,Git
AI07541,Hadoop
AI07541,Deep Learning
AI07541,Statistics
AI07541,Data Visualization
AI07542,Linux
AI07542,GCP
AI07542,TensorFlow
AI07543,R
AI07543,Git
AI07543,SQL
AI07544,Azure
AI07544,Tableau
AI07544,SQL
AI07544,MLOps
AI07545,Python
AI07545,TensorFlow
AI07545,PyTorch
AI07545,Git
AI07546,Scala
AI07546,TensorFlow
AI07546,Kubernetes
AI07547,Scala
AI07547,Java
AI07547,Tableau
AI07547,Data Visualization
AI07548,Kubernetes
AI07548,Hadoop
AI07548,Python
AI07549,GCP
AI07549,PyTorch
AI07549,MLOps
AI07549,Deep Learning
AI07550,Git
AI07550,Computer Vision
AI07550,Scala
AI07551,Spark
AI07551,Computer Vision
AI07551,Java
AI07551,MLOps
AI07552,Statistics
AI07552,SQL
AI07552,MLOps
AI07552,Deep Learning
AI07553,AWS
AI07553,Python
AI07553,Docker
AI07553,Mathematics
AI07554,Linux
AI07554,PyTorch
AI07554,GCP
AI07554,SQL
AI07555,Data Visualization
AI07555,Azure
AI07555,Docker
AI07555,GCP
AI07555,Statistics
AI07556,R
AI07556,MLOps
AI07556,Kubernetes
AI07556,Docker
AI07557,Linux
AI07557,Java
AI07557,Python
AI07558,Python
AI07558,TensorFlow
AI07558,PyTorch
AI07558,Mathematics
AI07558,SQL
AI07559,Spark
AI07559,Java
AI07559,Data Visualization
AI07560,R
AI07560,SQL
AI07560,Java
AI07561,TensorFlow
AI07561,Git
AI07561,Python
AI07562,Java
AI07562,TensorFlow
AI07562,Tableau
AI07563,Hadoop
AI07563,Deep Learning
AI07563,Java
AI07563,Mathematics
AI07563,R
AI07564,Linux
AI07564,Scala
AI07564,Spark
AI07565,Python
AI07565,Git
AI07565,SQL
AI07565,GCP
AI07565,TensorFlow
AI07566,Hadoop
AI07566,Linux
AI07566,Tableau
AI07566,Deep Learning
AI07567,GCP
AI07567,Java
AI07567,NLP
AI07567,Computer Vision
AI07568,R
AI07568,Scala
AI07568,Deep Learning
AI07568,Linux
AI07568,Python
AI07569,Tableau
AI07569,Linux
AI07569,Python
AI07569,Hadoop
AI07569,GCP
AI07570,SQL
AI07570,MLOps
AI07570,TensorFlow
AI07571,R
AI07571,SQL
AI07571,Hadoop
AI07572,TensorFlow
AI07572,Computer Vision
AI07572,Hadoop
AI07572,R
AI07572,Linux
AI07573,Tableau
AI07573,Python
AI07573,NLP
AI07573,Hadoop
AI07574,Hadoop
AI07574,Python
AI07574,TensorFlow
AI07575,Python
AI07575,PyTorch
AI07575,SQL
AI07575,Kubernetes
AI07575,Java
AI07576,R
AI07576,SQL
AI07576,Data Visualization
AI07576,Deep Learning
AI07576,Azure
AI07577,Computer Vision
AI07577,Linux
AI07577,NLP
AI07577,SQL
AI07577,PyTorch
AI07578,Java
AI07578,Linux
AI07578,NLP
AI07578,Docker
AI07578,Kubernetes
AI07579,Tableau
AI07579,Python
AI07579,TensorFlow
AI07579,Scala
AI07580,Python
AI07580,MLOps
AI07580,Spark
AI07581,Azure
AI07581,MLOps
AI07581,Data Visualization
AI07582,Python
AI07582,TensorFlow
AI07582,Statistics
AI07582,Mathematics
AI07582,GCP
AI07583,MLOps
AI07583,PyTorch
AI07583,Data Visualization
AI07584,Kubernetes
AI07584,Git
AI07584,Hadoop
AI07585,Statistics
AI07585,Deep Learning
AI07585,Python
AI07585,Data Visualization
AI07586,NLP
AI07586,GCP
AI07586,Kubernetes
AI07587,Python
AI07587,Deep Learning
AI07587,Linux
AI07587,Computer Vision
AI07587,SQL
AI07588,Git
AI07588,Docker
AI07588,MLOps
AI07588,Deep Learning
AI07588,PyTorch
AI07589,Spark
AI07589,SQL
AI07589,Git
AI07590,SQL
AI07590,PyTorch
AI07590,Docker
AI07591,Java
AI07591,SQL
AI07591,Tableau
AI07591,Deep Learning
AI07591,Git
AI07592,Deep Learning
AI07592,MLOps
AI07592,Azure
AI07592,Docker
AI07593,Azure
AI07593,Deep Learning
AI07593,Java
AI07593,Statistics
AI07593,SQL
AI07594,Java
AI07594,R
AI07594,Data Visualization
AI07594,SQL
AI07595,Linux
AI07595,Kubernetes
AI07595,NLP
AI07596,SQL
AI07596,Python
AI07596,Deep Learning
AI07597,Python
AI07597,Data Visualization
AI07597,R
AI07597,NLP
AI07598,Azure
AI07598,Data Visualization
AI07598,Java
AI07598,SQL
AI07599,Data Visualization
AI07599,Linux
AI07599,Python
AI07600,Computer Vision
AI07600,SQL
AI07600,PyTorch
AI07600,MLOps
AI07600,Deep Learning
AI07601,GCP
AI07601,Java
AI07601,Scala
AI07602,Spark
AI07602,AWS
AI07602,R
AI07603,R
AI07603,Spark
AI07603,Git
AI07603,Kubernetes
AI07604,Python
AI07604,Docker
AI07604,Linux
AI07604,PyTorch
AI07605,PyTorch
AI07605,Linux
AI07605,GCP
AI07605,TensorFlow
AI07605,Kubernetes
AI07606,Computer Vision
AI07606,Docker
AI07606,MLOps
AI07606,Spark
AI07606,Kubernetes
AI07607,Scala
AI07607,Deep Learning
AI07607,Kubernetes
AI07607,GCP
AI07607,Azure
AI07608,Git
AI07608,PyTorch
AI07608,Kubernetes
AI07609,Azure
AI07609,MLOps
AI07609,TensorFlow
AI07610,Data Visualization
AI07610,Linux
AI07610,MLOps
AI07610,AWS
AI07611,Computer Vision
AI07611,Python
AI07611,TensorFlow
AI07612,Scala
AI07612,SQL
AI07612,PyTorch
AI07612,Data Visualization
AI07612,Kubernetes
AI07613,TensorFlow
AI07613,Kubernetes
AI07613,MLOps
AI07614,Spark
AI07614,NLP
AI07614,SQL
AI07614,Scala
AI07614,Kubernetes
AI07615,Deep Learning
AI07615,NLP
AI07615,Azure
AI07616,Python
AI07616,TensorFlow
AI07616,PyTorch
AI07616,Hadoop
AI07617,Kubernetes
AI07617,PyTorch
AI07617,Statistics
AI07617,Spark
AI07618,Scala
AI07618,Kubernetes
AI07618,Hadoop
AI07619,Spark
AI07619,Statistics
AI07619,Tableau
AI07620,Java
AI07620,Tableau
AI07620,Docker
AI07621,NLP
AI07621,Python
AI07621,Hadoop
AI07621,Mathematics
AI07621,TensorFlow
AI07622,Data Visualization
AI07622,Scala
AI07622,Python
AI07623,Linux
AI07623,Tableau
AI07623,Python
AI07624,MLOps
AI07624,Python
AI07624,Spark
AI07625,Python
AI07625,TensorFlow
AI07625,Docker
AI07625,PyTorch
AI07626,Tableau
AI07626,Linux
AI07626,Spark
AI07626,R
AI07626,Deep Learning
AI07627,Azure
AI07627,SQL
AI07627,Kubernetes
AI07627,PyTorch
AI07627,AWS
AI07628,R
AI07628,Git
AI07628,Data Visualization
AI07628,PyTorch
AI07628,Spark
AI07629,Azure
AI07629,Statistics
AI07629,TensorFlow
AI07630,Scala
AI07630,Kubernetes
AI07630,Statistics
AI07630,GCP
AI07631,Computer Vision
AI07631,AWS
AI07631,NLP
AI07631,PyTorch
AI07631,Data Visualization
AI07632,Spark
AI07632,Deep Learning
AI07632,SQL
AI07632,Tableau
AI07633,Git
AI07633,Python
AI07633,NLP
AI07633,Kubernetes
AI07633,Computer Vision
AI07634,Scala
AI07634,R
AI07634,Mathematics
AI07635,Azure
AI07635,Linux
AI07635,Mathematics
AI07635,AWS
AI07636,Mathematics
AI07636,SQL
AI07636,Hadoop
AI07636,NLP
AI07637,MLOps
AI07637,Java
AI07637,Tableau
AI07637,Deep Learning
AI07637,SQL
AI07638,Python
AI07638,Docker
AI07638,Computer Vision
AI07638,Deep Learning
AI07639,SQL
AI07639,Tableau
AI07639,PyTorch
AI07640,Hadoop
AI07640,Linux
AI07640,Mathematics
AI07640,Java
AI07640,MLOps
AI07641,Data Visualization
AI07641,SQL
AI07641,Kubernetes
AI07642,Docker
AI07642,R
AI07642,Git
AI07642,Computer Vision
AI07643,Computer Vision
AI07643,MLOps
AI07643,Kubernetes
AI07643,Python
AI07644,Scala
AI07644,Mathematics
AI07644,TensorFlow
AI07644,Java
AI07645,AWS
AI07645,R
AI07645,Python
AI07646,Hadoop
AI07646,Python
AI07646,Deep Learning
AI07647,AWS
AI07647,Python
AI07647,GCP
AI07648,AWS
AI07648,Mathematics
AI07648,MLOps
AI07649,Python
AI07649,TensorFlow
AI07649,PyTorch
AI07649,AWS
AI07649,Tableau
AI07650,Docker
AI07650,NLP
AI07650,Git
AI07651,Hadoop
AI07651,Kubernetes
AI07651,Computer Vision
AI07652,Linux
AI07652,NLP
AI07652,Python
AI07652,SQL
AI07653,Linux
AI07653,Spark
AI07653,Docker
AI07654,Scala
AI07654,Azure
AI07654,MLOps
AI07654,Mathematics
AI07655,Linux
AI07655,Deep Learning
AI07655,Scala
AI07656,AWS
AI07656,Git
AI07656,Kubernetes
AI07656,Statistics
AI07656,Deep Learning
AI07657,Kubernetes
AI07657,Scala
AI07657,Mathematics
AI07658,Computer Vision
AI07658,SQL
AI07658,Tableau
AI07658,Spark
AI07658,Kubernetes
AI07659,MLOps
AI07659,Docker
AI07659,Git
AI07659,R
AI07660,Kubernetes
AI07660,Linux
AI07660,Docker
AI07660,AWS
AI07661,Python
AI07661,Data Visualization
AI07661,GCP
AI07662,Scala
AI07662,Linux
AI07662,Kubernetes
AI07662,Mathematics
AI07663,Docker
AI07663,Computer Vision
AI07663,Deep Learning
AI07663,Python
AI07664,AWS
AI07664,Hadoop
AI07664,Python
AI07665,Java
AI07665,Azure
AI07665,SQL
AI07665,Statistics
AI07666,R
AI07666,Hadoop
AI07666,Computer Vision
AI07666,Git
AI07666,Deep Learning
AI07667,Scala
AI07667,Linux
AI07667,SQL
AI07668,MLOps
AI07668,TensorFlow
AI07668,Mathematics
AI07669,Deep Learning
AI07669,Java
AI07669,Mathematics
AI07670,Java
AI07670,Scala
AI07670,Azure
AI07670,Docker
AI07671,Java
AI07671,Data Visualization
AI07671,NLP
AI07672,TensorFlow
AI07672,PyTorch
AI07672,Kubernetes
AI07673,Kubernetes
AI07673,Spark
AI07673,Data Visualization
AI07674,Docker
AI07674,Spark
AI07674,Kubernetes
AI07674,SQL
AI07675,Azure
AI07675,Statistics
AI07675,MLOps
AI07676,GCP
AI07676,MLOps
AI07676,Hadoop
AI07676,Mathematics
AI07676,TensorFlow
AI07677,Hadoop
AI07677,MLOps
AI07677,SQL
AI07678,Linux
AI07678,AWS
AI07678,Python
AI07678,TensorFlow
AI07678,Azure
AI07679,Hadoop
AI07679,R
AI07679,SQL
AI07679,GCP
AI07680,Git
AI07680,Python
AI07680,Spark
AI07680,Tableau
AI07680,NLP
AI07681,Java
AI07681,Data Visualization
AI07681,Git
AI07681,MLOps
AI07682,Python
AI07682,TensorFlow
AI07682,Git
AI07682,GCP
AI07682,Azure
AI07683,Statistics
AI07683,Linux
AI07683,NLP
AI07684,TensorFlow
AI07684,Python
AI07684,Computer Vision
AI07684,Linux
AI07684,SQL
AI07685,Docker
AI07685,Hadoop
AI07685,Linux
AI07685,Azure
AI07686,Computer Vision
AI07686,Python
AI07686,AWS
AI07686,Statistics
AI07686,Tableau
AI07687,R
AI07687,Kubernetes
AI07687,Deep Learning
AI07688,PyTorch
AI07688,R
AI07688,Java
AI07688,Tableau
AI07689,PyTorch
AI07689,Azure
AI07689,MLOps
AI07690,Spark
AI07690,R
AI07690,SQL
AI07690,Tableau
AI07691,Azure
AI07691,Git
AI07691,Docker
AI07691,Deep Learning
AI07691,Python
AI07692,Git
AI07692,Java
AI07692,NLP
AI07692,Statistics
AI07693,Statistics
AI07693,TensorFlow
AI07693,Kubernetes
AI07693,Computer Vision
AI07693,Tableau
AI07694,Java
AI07694,Scala
AI07694,Statistics
AI07695,R
AI07695,Computer Vision
AI07695,Python
AI07696,MLOps
AI07696,Azure
AI07696,Tableau
AI07696,Computer Vision
AI07697,Computer Vision
AI07697,Linux
AI07697,SQL
AI07697,Deep Learning
AI07698,Python
AI07698,Git
AI07698,Hadoop
AI07699,NLP
AI07699,GCP
AI07699,Deep Learning
AI07699,Azure
AI07699,Mathematics
AI07700,Python
AI07700,Deep Learning
AI07700,TensorFlow
AI07700,AWS
AI07700,Java
AI07701,Python
AI07701,MLOps
AI07701,Kubernetes
AI07702,Scala
AI07702,SQL
AI07702,NLP
AI07703,Git
AI07703,Kubernetes
AI07703,Tableau
AI07703,TensorFlow
AI07704,Data Visualization
AI07704,Python
AI07704,Tableau
AI07705,Java
AI07705,Tableau
AI07705,NLP
AI07705,Computer Vision
AI07706,Spark
AI07706,Mathematics
AI07706,SQL
AI07707,TensorFlow
AI07707,Azure
AI07707,Deep Learning
AI07707,Python
AI07707,Mathematics
AI07708,AWS
AI07708,Data Visualization
AI07708,SQL
AI07708,Azure
AI07709,Python
AI07709,Deep Learning
AI07709,Spark
AI07709,Hadoop
AI07709,TensorFlow
AI07710,Python
AI07710,TensorFlow
AI07710,Statistics
AI07711,Kubernetes
AI07711,SQL
AI07711,AWS
AI07711,Linux
AI07712,Kubernetes
AI07712,Spark
AI07712,TensorFlow
AI07712,Java
AI07713,Git
AI07713,AWS
AI07713,Mathematics
AI07713,Tableau
AI07714,Deep Learning
AI07714,SQL
AI07714,MLOps
AI07715,SQL
AI07715,Azure
AI07715,Scala
AI07715,AWS
AI07715,GCP
AI07716,NLP
AI07716,Docker
AI07716,Python
AI07717,Linux
AI07717,Hadoop
AI07717,Scala
AI07717,Spark
AI07718,Hadoop
AI07718,Docker
AI07718,Python
AI07718,TensorFlow
AI07718,Computer Vision
AI07719,Deep Learning
AI07719,Python
AI07719,Azure
AI07719,Git
AI07720,Linux
AI07720,Kubernetes
AI07720,Python
AI07720,Tableau
AI07720,TensorFlow
AI07721,Data Visualization
AI07721,Hadoop
AI07721,SQL
AI07721,Azure
AI07722,Linux
AI07722,Scala
AI07722,GCP
AI07723,Git
AI07723,R
AI07723,SQL
AI07723,Scala
AI07724,Java
AI07724,Scala
AI07724,AWS
AI07724,Docker
AI07724,Deep Learning
AI07725,Python
AI07725,TensorFlow
AI07725,Tableau
AI07725,GCP
AI07725,MLOps
AI07726,Tableau
AI07726,Python
AI07726,Data Visualization
AI07726,Deep Learning
AI07726,Hadoop
AI07727,Hadoop
AI07727,Linux
AI07727,Data Visualization
AI07727,Azure
AI07727,Scala
AI07728,SQL
AI07728,TensorFlow
AI07728,Hadoop
AI07728,Scala
AI07729,Git
AI07729,PyTorch
AI07729,TensorFlow
AI07729,Azure
AI07729,Tableau
AI07730,Mathematics
AI07730,NLP
AI07730,MLOps
AI07730,GCP
AI07730,Deep Learning
AI07731,Scala
AI07731,Docker
AI07731,GCP
AI07731,Kubernetes
AI07732,Statistics
AI07732,Java
AI07732,Python
AI07733,Hadoop
AI07733,Python
AI07733,Mathematics
AI07733,TensorFlow
AI07734,PyTorch
AI07734,Java
AI07734,R
AI07734,Mathematics
AI07734,Deep Learning
AI07735,Python
AI07735,Azure
AI07735,Computer Vision
AI07735,GCP
AI07735,NLP
AI07736,Mathematics
AI07736,MLOps
AI07736,Spark
AI07737,AWS
AI07737,Git
AI07737,Computer Vision
AI07737,NLP
AI07738,SQL
AI07738,GCP
AI07738,Tableau
AI07738,Java
AI07738,Python
AI07739,Computer Vision
AI07739,Tableau
AI07739,Kubernetes
AI07739,Mathematics
AI07739,NLP
AI07740,NLP
AI07740,Java
AI07740,SQL
AI07740,Data Visualization
AI07741,Tableau
AI07741,Data Visualization
AI07741,Statistics
AI07742,Hadoop
AI07742,Python
AI07742,NLP
AI07742,MLOps
AI07742,Azure
AI07743,PyTorch
AI07743,Git
AI07743,TensorFlow
AI07744,Kubernetes
AI07744,Azure
AI07744,R
AI07744,Git
AI07744,AWS
AI07745,Hadoop
AI07745,Docker
AI07745,Spark
AI07745,Deep Learning
AI07746,Spark
AI07746,Docker
AI07746,Mathematics
AI07747,Kubernetes
AI07747,Spark
AI07747,MLOps
AI07748,Statistics
AI07748,Python
AI07748,Tableau
AI07748,MLOps
AI07748,Computer Vision
AI07749,Data Visualization
AI07749,SQL
AI07749,AWS
AI07749,Statistics
AI07750,Python
AI07750,GCP
AI07750,Git
AI07750,Statistics
AI07751,Python
AI07751,TensorFlow
AI07751,Java
AI07751,Hadoop
AI07752,MLOps
AI07752,PyTorch
AI07752,Python
AI07753,Git
AI07753,TensorFlow
AI07753,Azure
AI07753,Scala
AI07753,Docker
AI07754,Kubernetes
AI07754,Linux
AI07754,SQL
AI07754,Computer Vision
AI07755,AWS
AI07755,SQL
AI07755,Computer Vision
AI07755,PyTorch
AI07755,Deep Learning
AI07756,Scala
AI07756,SQL
AI07756,Python
AI07756,Mathematics
AI07757,Python
AI07757,R
AI07757,NLP
AI07757,Computer Vision
AI07757,MLOps
AI07758,NLP
AI07758,TensorFlow
AI07758,Docker
AI07758,Statistics
AI07759,Python
AI07759,PyTorch
AI07759,Mathematics
AI07759,GCP
AI07759,Azure
AI07760,Python
AI07760,Azure
AI07760,Mathematics
AI07761,Python
AI07761,Kubernetes
AI07761,GCP
AI07762,Python
AI07762,Hadoop
AI07762,TensorFlow
AI07762,Azure
AI07763,Data Visualization
AI07763,Computer Vision
AI07763,Linux
AI07764,R
AI07764,Data Visualization
AI07764,TensorFlow
AI07765,SQL
AI07765,TensorFlow
AI07765,Tableau
AI07765,MLOps
AI07766,Kubernetes
AI07766,Computer Vision
AI07766,MLOps
AI07766,SQL
AI07767,Linux
AI07767,PyTorch
AI07767,Tableau
AI07767,Kubernetes
AI07768,Python
AI07768,Linux
AI07768,Git
AI07769,Computer Vision
AI07769,PyTorch
AI07769,TensorFlow
AI07770,Data Visualization
AI07770,Statistics
AI07770,TensorFlow
AI07771,TensorFlow
AI07771,Azure
AI07771,Java
AI07771,PyTorch
AI07772,GCP
AI07772,AWS
AI07772,Tableau
AI07772,Linux
AI07772,Computer Vision
AI07773,Python
AI07773,Docker
AI07773,Tableau
AI07773,Data Visualization
AI07774,Java
AI07774,PyTorch
AI07774,Python
AI07775,Tableau
AI07775,Data Visualization
AI07775,Git
AI07775,Python
AI07776,Git
AI07776,Hadoop
AI07776,NLP
AI07777,Python
AI07777,Hadoop
AI07777,Git
AI07777,Java
AI07777,Statistics
AI07778,Python
AI07778,R
AI07778,Git
AI07779,GCP
AI07779,Azure
AI07779,Data Visualization
AI07779,Linux
AI07779,Spark
AI07780,PyTorch
AI07780,Git
AI07780,Hadoop
AI07780,Java
AI07780,Tableau
AI07781,SQL
AI07781,Computer Vision
AI07781,MLOps
AI07782,Computer Vision
AI07782,GCP
AI07782,Tableau
AI07783,Computer Vision
AI07783,PyTorch
AI07783,Java
AI07783,Mathematics
AI07784,Kubernetes
AI07784,R
AI07784,Git
AI07785,PyTorch
AI07785,Git
AI07785,GCP
AI07786,Kubernetes
AI07786,Spark
AI07786,NLP
AI07786,TensorFlow
AI07786,SQL
AI07787,Data Visualization
AI07787,Deep Learning
AI07787,Linux
AI07788,Kubernetes
AI07788,Docker
AI07788,Azure
AI07789,Scala
AI07789,NLP
AI07789,Python
AI07790,R
AI07790,Data Visualization
AI07790,Tableau
AI07790,Java
AI07790,Hadoop
AI07791,Kubernetes
AI07791,PyTorch
AI07791,TensorFlow
AI07791,Tableau
AI07791,Spark
AI07792,Python
AI07792,Linux
AI07792,Computer Vision
AI07792,TensorFlow
AI07793,SQL
AI07793,Azure
AI07793,NLP
AI07794,Scala
AI07794,NLP
AI07794,Tableau
AI07794,GCP
AI07795,Git
AI07795,Python
AI07795,Mathematics
AI07796,GCP
AI07796,Git
AI07796,Tableau
AI07796,NLP
AI07796,MLOps
AI07797,Python
AI07797,Java
AI07797,Hadoop
AI07797,Mathematics
AI07798,Python
AI07798,Spark
AI07798,Deep Learning
AI07798,NLP
AI07798,TensorFlow
AI07799,NLP
AI07799,Kubernetes
AI07799,Hadoop
AI07799,Mathematics
AI07799,Deep Learning
AI07800,Scala
AI07800,Linux
AI07800,Hadoop
AI07800,PyTorch
AI07801,Kubernetes
AI07801,Scala
AI07801,Statistics
AI07801,Git
AI07802,MLOps
AI07802,TensorFlow
AI07802,Spark
AI07803,Deep Learning
AI07803,Computer Vision
AI07803,Statistics
AI07803,Scala
AI07804,Java
AI07804,TensorFlow
AI07804,Spark
AI07804,SQL
AI07805,Tableau
AI07805,Kubernetes
AI07805,Java
AI07806,Linux
AI07806,PyTorch
AI07806,Kubernetes
AI07806,Git
AI07807,Deep Learning
AI07807,GCP
AI07807,AWS
AI07807,Statistics
AI07808,TensorFlow
AI07808,Statistics
AI07808,Data Visualization
AI07809,TensorFlow
AI07809,Linux
AI07809,Data Visualization
AI07810,PyTorch
AI07810,SQL
AI07810,TensorFlow
AI07810,Docker
AI07811,TensorFlow
AI07811,Python
AI07811,Hadoop
AI07811,Linux
AI07812,AWS
AI07812,Git
AI07812,Linux
AI07813,SQL
AI07813,TensorFlow
AI07813,Git
AI07813,Statistics
AI07813,Python
AI07814,AWS
AI07814,R
AI07814,Computer Vision
AI07814,Mathematics
AI07815,SQL
AI07815,GCP
AI07815,Git
AI07815,Docker
AI07816,Scala
AI07816,GCP
AI07816,Python
AI07817,Python
AI07817,Spark
AI07817,TensorFlow
AI07818,Mathematics
AI07818,Scala
AI07818,Deep Learning
AI07818,TensorFlow
AI07819,MLOps
AI07819,SQL
AI07819,Data Visualization
AI07820,Azure
AI07820,Docker
AI07820,Spark
AI07820,Kubernetes
AI07821,NLP
AI07821,Hadoop
AI07821,Azure
AI07822,AWS
AI07822,SQL
AI07822,Tableau
AI07822,TensorFlow
AI07822,R
AI07823,Git
AI07823,Kubernetes
AI07823,MLOps
AI07824,Scala
AI07824,Deep Learning
AI07824,Java
AI07824,Computer Vision
AI07825,Statistics
AI07825,Docker
AI07825,AWS
AI07825,Deep Learning
AI07826,Mathematics
AI07826,Data Visualization
AI07826,Azure
AI07826,Java
AI07827,Deep Learning
AI07827,Statistics
AI07827,Linux
AI07827,Python
AI07828,NLP
AI07828,Java
AI07828,Tableau
AI07828,TensorFlow
AI07828,Mathematics
AI07829,Python
AI07829,TensorFlow
AI07829,R
AI07830,AWS
AI07830,Git
AI07830,MLOps
AI07830,Hadoop
AI07830,Deep Learning
AI07831,Python
AI07831,Azure
AI07831,Scala
AI07832,Docker
AI07832,Data Visualization
AI07832,Statistics
AI07832,R
AI07832,Tableau
AI07833,Data Visualization
AI07833,Python
AI07833,TensorFlow
AI07833,Mathematics
AI07834,Azure
AI07834,TensorFlow
AI07834,R
AI07835,Python
AI07835,Data Visualization
AI07835,Computer Vision
AI07836,Spark
AI07836,NLP
AI07836,Data Visualization
AI07836,R
AI07837,Python
AI07837,TensorFlow
AI07837,Linux
AI07838,AWS
AI07838,MLOps
AI07838,Docker
AI07838,Python
AI07839,Java
AI07839,Linux
AI07839,TensorFlow
AI07840,Spark
AI07840,Azure
AI07840,Computer Vision
AI07841,Python
AI07841,GCP
AI07841,Hadoop
AI07841,Java
AI07841,Statistics
AI07842,Computer Vision
AI07842,Kubernetes
AI07842,Hadoop
AI07843,Azure
AI07843,MLOps
AI07843,Statistics
AI07844,Linux
AI07844,MLOps
AI07844,Kubernetes
AI07845,R
AI07845,Scala
AI07845,PyTorch
AI07845,AWS
AI07845,Git
AI07846,Git
AI07846,Spark
AI07846,Computer Vision
AI07846,Tableau
AI07847,GCP
AI07847,Tableau
AI07847,PyTorch
AI07847,Statistics
AI07848,GCP
AI07848,AWS
AI07848,Azure
AI07848,Python
AI07848,Spark
AI07849,Scala
AI07849,TensorFlow
AI07849,Mathematics
AI07849,Linux
AI07849,AWS
AI07850,Hadoop
AI07850,Mathematics
AI07850,Docker
AI07851,Kubernetes
AI07851,NLP
AI07851,SQL
AI07851,Docker
AI07851,Mathematics
AI07852,Python
AI07852,TensorFlow
AI07852,Computer Vision
AI07852,Data Visualization
AI07853,PyTorch
AI07853,Kubernetes
AI07853,GCP
AI07854,Scala
AI07854,SQL
AI07854,NLP
AI07854,Azure
AI07854,Mathematics
AI07855,SQL
AI07855,Python
AI07855,TensorFlow
AI07855,Docker
AI07856,Computer Vision
AI07856,Git
AI07856,PyTorch
AI07856,Java
AI07856,GCP
AI07857,PyTorch
AI07857,Docker
AI07857,Git
AI07857,Scala
AI07858,Hadoop
AI07858,Python
AI07858,MLOps
AI07859,PyTorch
AI07859,Linux
AI07859,R
AI07859,AWS
AI07859,Git
AI07860,AWS
AI07860,Docker
AI07860,Azure
AI07860,Computer Vision
AI07860,Linux
AI07861,Azure
AI07861,Mathematics
AI07861,Tableau
AI07861,Linux
AI07861,Kubernetes
AI07862,Spark
AI07862,Tableau
AI07862,SQL
AI07862,Data Visualization
AI07862,NLP
AI07863,GCP
AI07863,Linux
AI07863,Tableau
AI07863,AWS
AI07863,NLP
AI07864,Docker
AI07864,Python
AI07864,Git
AI07864,Spark
AI07864,TensorFlow
AI07865,TensorFlow
AI07865,Python
AI07865,Tableau
AI07865,Kubernetes
AI07866,GCP
AI07866,MLOps
AI07866,PyTorch
AI07867,Hadoop
AI07867,Kubernetes
AI07867,R
AI07868,Data Visualization
AI07868,Git
AI07868,Deep Learning
AI07868,R
AI07868,SQL
AI07869,Kubernetes
AI07869,Git
AI07869,Tableau
AI07869,Scala
AI07869,Azure
AI07870,SQL
AI07870,NLP
AI07870,R
AI07871,Tableau
AI07871,Kubernetes
AI07871,MLOps
AI07872,Docker
AI07872,Kubernetes
AI07872,SQL
AI07873,Python
AI07873,Scala
AI07873,MLOps
AI07874,GCP
AI07874,PyTorch
AI07874,SQL
AI07874,AWS
AI07874,Java
AI07875,TensorFlow
AI07875,SQL
AI07875,Data Visualization
AI07875,Statistics
AI07876,Data Visualization
AI07876,Python
AI07876,Tableau
AI07877,Scala
AI07877,Linux
AI07877,Python
AI07877,MLOps
AI07877,Docker
AI07878,Git
AI07878,Scala
AI07878,Mathematics
AI07879,Tableau
AI07879,Hadoop
AI07879,Mathematics
AI07880,GCP
AI07880,Computer Vision
AI07880,Python
AI07881,Python
AI07881,Scala
AI07881,Java
AI07881,TensorFlow
AI07881,Spark
AI07882,R
AI07882,Azure
AI07882,Tableau
AI07882,Deep Learning
AI07882,Hadoop
AI07883,NLP
AI07883,Spark
AI07883,Python
AI07883,Java
AI07884,Scala
AI07884,Computer Vision
AI07884,TensorFlow
AI07885,PyTorch
AI07885,MLOps
AI07885,SQL
AI07886,Azure
AI07886,MLOps
AI07886,Python
AI07886,Computer Vision
AI07887,Spark
AI07887,R
AI07887,Python
AI07887,AWS
AI07888,Computer Vision
AI07888,GCP
AI07888,Statistics
AI07889,Azure
AI07889,Statistics
AI07889,Tableau
AI07889,AWS
AI07890,Azure
AI07890,PyTorch
AI07890,MLOps
AI07890,Scala
AI07891,Kubernetes
AI07891,AWS
AI07891,Docker
AI07892,TensorFlow
AI07892,Scala
AI07892,Hadoop
AI07893,Spark
AI07893,Scala
AI07893,Kubernetes
AI07893,TensorFlow
AI07893,Mathematics
AI07894,AWS
AI07894,Python
AI07894,Tableau
AI07894,Java
AI07894,Computer Vision
AI07895,Kubernetes
AI07895,Python
AI07895,Mathematics
AI07895,GCP
AI07895,NLP
AI07896,Kubernetes
AI07896,TensorFlow
AI07896,Python
AI07896,Mathematics
AI07896,Hadoop
AI07897,MLOps
AI07897,Java
AI07897,SQL
AI07897,R
AI07897,Statistics
AI07898,GCP
AI07898,Kubernetes
AI07898,Hadoop
AI07898,Linux
AI07899,Kubernetes
AI07899,Tableau
AI07899,Java
AI07899,R
AI07899,SQL
AI07900,Python
AI07900,Azure
AI07900,Spark
AI07900,Docker
AI07900,Data Visualization
AI07901,NLP
AI07901,R
AI07901,Linux
AI07901,Docker
AI07902,TensorFlow
AI07902,MLOps
AI07902,Java
AI07902,Computer Vision
AI07902,GCP
AI07903,Spark
AI07903,Linux
AI07903,Scala
AI07904,Data Visualization
AI07904,AWS
AI07904,Azure
AI07904,GCP
AI07905,SQL
AI07905,GCP
AI07905,Statistics
AI07905,PyTorch
AI07905,Scala
AI07906,GCP
AI07906,Java
AI07906,MLOps
AI07906,R
AI07907,Docker
AI07907,Spark
AI07907,Kubernetes
AI07907,Data Visualization
AI07907,Azure
AI07908,Spark
AI07908,Python
AI07908,Kubernetes
AI07909,Python
AI07909,AWS
AI07909,Deep Learning
AI07909,Hadoop
AI07909,Azure
AI07910,Mathematics
AI07910,Deep Learning
AI07910,R
AI07911,PyTorch
AI07911,TensorFlow
AI07911,MLOps
AI07911,GCP
AI07912,Data Visualization
AI07912,Scala
AI07912,Spark
AI07913,TensorFlow
AI07913,NLP
AI07913,Tableau
AI07913,Computer Vision
AI07913,Data Visualization
AI07914,Data Visualization
AI07914,Tableau
AI07914,Kubernetes
AI07914,SQL
AI07914,Azure
AI07915,PyTorch
AI07915,Computer Vision
AI07915,TensorFlow
AI07915,Azure
AI07916,PyTorch
AI07916,SQL
AI07916,NLP
AI07916,Mathematics
AI07917,PyTorch
AI07917,NLP
AI07917,Tableau
AI07917,Linux
AI07917,MLOps
AI07918,Computer Vision
AI07918,Deep Learning
AI07918,Tableau
AI07918,TensorFlow
AI07919,Java
AI07919,PyTorch
AI07919,Azure
AI07919,NLP
AI07919,Mathematics
AI07920,Hadoop
AI07920,Kubernetes
AI07920,Tableau
AI07920,Python
AI07921,Spark
AI07921,Git
AI07921,Deep Learning
AI07921,SQL
AI07922,Spark
AI07922,Hadoop
AI07922,Java
AI07923,AWS
AI07923,Python
AI07923,Docker
AI07923,NLP
AI07923,GCP
AI07924,PyTorch
AI07924,Data Visualization
AI07924,Scala
AI07925,Java
AI07925,R
AI07925,Computer Vision
AI07925,TensorFlow
AI07926,Scala
AI07926,Git
AI07926,Python
AI07927,R
AI07927,Linux
AI07927,Tableau
AI07927,Java
AI07928,Deep Learning
AI07928,TensorFlow
AI07928,Computer Vision
AI07929,SQL
AI07929,Hadoop
AI07929,Tableau
AI07929,Mathematics
AI07930,NLP
AI07930,PyTorch
AI07930,Scala
AI07931,SQL
AI07931,NLP
AI07931,PyTorch
AI07931,Computer Vision
AI07931,TensorFlow
AI07932,Linux
AI07932,Azure
AI07932,Mathematics
AI07932,Computer Vision
AI07932,Python
AI07933,Spark
AI07933,Python
AI07933,Mathematics
AI07934,PyTorch
AI07934,Java
AI07934,Docker
AI07934,Scala
AI07934,Statistics
AI07935,Python
AI07935,MLOps
AI07935,Hadoop
AI07936,GCP
AI07936,Docker
AI07936,SQL
AI07937,PyTorch
AI07937,Linux
AI07937,NLP
AI07938,PyTorch
AI07938,TensorFlow
AI07938,Computer Vision
AI07938,Data Visualization
AI07938,GCP
AI07939,Spark
AI07939,PyTorch
AI07939,TensorFlow
AI07939,SQL
AI07939,AWS
AI07940,Deep Learning
AI07940,Hadoop
AI07940,Tableau
AI07940,Kubernetes
AI07941,MLOps
AI07941,Deep Learning
AI07941,Scala
AI07942,Hadoop
AI07942,AWS
AI07942,Computer Vision
AI07942,Java
AI07942,NLP
AI07943,Java
AI07943,Git
AI07943,PyTorch
AI07943,R
AI07944,Kubernetes
AI07944,Linux
AI07944,Python
AI07945,Scala
AI07945,Computer Vision
AI07945,Tableau
AI07945,MLOps
AI07946,Deep Learning
AI07946,Tableau
AI07946,Data Visualization
AI07946,Java
AI07946,Scala
AI07947,Scala
AI07947,Java
AI07947,Linux
AI07947,NLP
AI07948,SQL
AI07948,Python
AI07948,Azure
AI07948,Statistics
AI07948,Scala
AI07949,Deep Learning
AI07949,Computer Vision
AI07949,Docker
AI07949,Spark
AI07950,Statistics
AI07950,Java
AI07950,MLOps
AI07950,Tableau
AI07950,SQL
AI07951,Kubernetes
AI07951,Statistics
AI07951,Python
AI07952,Mathematics
AI07952,Kubernetes
AI07952,Java
AI07952,Docker
AI07952,Linux
AI07953,SQL
AI07953,Kubernetes
AI07953,Azure
AI07953,Data Visualization
AI07954,Hadoop
AI07954,Docker
AI07954,GCP
AI07954,SQL
AI07954,Python
AI07955,PyTorch
AI07955,GCP
AI07955,Linux
AI07955,Computer Vision
AI07956,MLOps
AI07956,Python
AI07956,Hadoop
AI07956,TensorFlow
AI07956,Git
AI07957,TensorFlow
AI07957,SQL
AI07957,R
AI07957,Spark
AI07958,Kubernetes
AI07958,Hadoop
AI07958,Statistics
AI07958,Deep Learning
AI07958,SQL
AI07959,Kubernetes
AI07959,Linux
AI07959,SQL
AI07960,GCP
AI07960,MLOps
AI07960,AWS
AI07960,Computer Vision
AI07960,Git
AI07961,Git
AI07961,Python
AI07961,Data Visualization
AI07961,Hadoop
AI07962,PyTorch
AI07962,Spark
AI07962,GCP
AI07963,Hadoop
AI07963,Git
AI07963,Python
AI07964,Hadoop
AI07964,Azure
AI07964,R
AI07964,NLP
AI07965,Kubernetes
AI07965,Tableau
AI07965,Hadoop
AI07965,Data Visualization
AI07965,Java
AI07966,MLOps
AI07966,Java
AI07966,Hadoop
AI07966,Statistics
AI07967,Python
AI07967,NLP
AI07967,Linux
AI07968,Python
AI07968,NLP
AI07968,Data Visualization
AI07968,AWS
AI07969,Docker
AI07969,GCP
AI07969,Deep Learning
AI07970,MLOps
AI07970,Python
AI07970,Deep Learning
AI07970,Linux
AI07970,TensorFlow
AI07971,Java
AI07971,TensorFlow
AI07971,NLP
AI07972,Mathematics
AI07972,Python
AI07972,Hadoop
AI07973,Hadoop
AI07973,Python
AI07973,Linux
AI07973,Git
AI07973,Kubernetes
AI07974,Java
AI07974,Hadoop
AI07974,Statistics
AI07974,Kubernetes
AI07975,Computer Vision
AI07975,Git
AI07975,Tableau
AI07976,TensorFlow
AI07976,Azure
AI07976,Tableau
AI07977,Linux
AI07977,Python
AI07977,Statistics
AI07978,GCP
AI07978,Kubernetes
AI07978,Spark
AI07979,PyTorch
AI07979,SQL
AI07979,Tableau
AI07979,Hadoop
AI07979,NLP
AI07980,Docker
AI07980,Azure
AI07980,Data Visualization
AI07980,GCP
AI07980,AWS
AI07981,Hadoop
AI07981,Spark
AI07981,NLP
AI07981,R
AI07982,NLP
AI07982,Linux
AI07982,Statistics
AI07983,TensorFlow
AI07983,Linux
AI07983,Data Visualization
AI07984,Git
AI07984,Linux
AI07984,MLOps
AI07984,Deep Learning
AI07984,Azure
AI07985,Hadoop
AI07985,R
AI07985,Spark
AI07985,Kubernetes
AI07986,AWS
AI07986,Scala
AI07986,Deep Learning
AI07987,Docker
AI07987,Statistics
AI07987,Linux
AI07988,Java
AI07988,Kubernetes
AI07988,Computer Vision
AI07988,Mathematics
AI07989,Hadoop
AI07989,R
AI07989,Mathematics
AI07990,Python
AI07990,TensorFlow
AI07990,MLOps
AI07991,Statistics
AI07991,AWS
AI07991,Git
AI07992,PyTorch
AI07992,AWS
AI07992,MLOps
AI07992,GCP
AI07993,Python
AI07993,Mathematics
AI07993,Hadoop
AI07993,Scala
AI07993,Azure
AI07994,Scala
AI07994,Linux
AI07994,AWS
AI07995,Scala
AI07995,Azure
AI07995,Linux
AI07995,Kubernetes
AI07996,PyTorch
AI07996,Computer Vision
AI07996,Data Visualization
AI07996,Java
AI07997,SQL
AI07997,TensorFlow
AI07997,R
AI07998,GCP
AI07998,MLOps
AI07998,Azure
AI07998,SQL
AI07999,Hadoop
AI07999,SQL
AI07999,Data Visualization
AI07999,PyTorch
AI08000,Hadoop
AI08000,Java
AI08000,Deep Learning
AI08000,Linux
AI08000,Scala
AI08001,NLP
AI08001,Hadoop
AI08001,Java
AI08002,Data Visualization
AI08002,Kubernetes
AI08002,Hadoop
AI08002,MLOps
AI08002,Spark
AI08003,Statistics
AI08003,Linux
AI08003,Computer Vision
AI08003,Git
AI08004,Statistics
AI08004,Python
AI08004,Computer Vision
AI08005,Scala
AI08005,Python
AI08005,Kubernetes
AI08006,GCP
AI08006,Scala
AI08006,NLP
AI08006,Deep Learning
AI08007,Statistics
AI08007,Docker
AI08007,Deep Learning
AI08007,Python
AI08008,GCP
AI08008,Linux
AI08008,Deep Learning
AI08009,Mathematics
AI08009,Linux
AI08009,MLOps
AI08010,MLOps
AI08010,Tableau
AI08010,Deep Learning
AI08010,Linux
AI08010,R
AI08011,R
AI08011,Git
AI08011,MLOps
AI08011,Computer Vision
AI08012,MLOps
AI08012,Computer Vision
AI08012,Statistics
AI08012,R
AI08012,Spark
AI08013,Kubernetes
AI08013,PyTorch
AI08013,TensorFlow
AI08013,Docker
AI08013,NLP
AI08014,Hadoop
AI08014,Git
AI08014,Scala
AI08015,Python
AI08015,Deep Learning
AI08015,SQL
AI08016,AWS
AI08016,PyTorch
AI08016,SQL
AI08017,PyTorch
AI08017,SQL
AI08017,NLP
AI08017,MLOps
AI08018,Linux
AI08018,Scala
AI08018,Deep Learning
AI08018,Data Visualization
AI08018,Docker
AI08019,AWS
AI08019,Statistics
AI08019,SQL
AI08019,MLOps
AI08019,Tableau
AI08020,Scala
AI08020,R
AI08020,Linux
AI08020,Hadoop
AI08021,SQL
AI08021,TensorFlow
AI08021,Tableau
AI08021,Data Visualization
AI08021,Deep Learning
AI08022,Hadoop
AI08022,PyTorch
AI08022,SQL
AI08023,Data Visualization
AI08023,Java
AI08023,Kubernetes
AI08024,Spark
AI08024,Hadoop
AI08024,Deep Learning
AI08025,TensorFlow
AI08025,PyTorch
AI08025,Kubernetes
AI08025,Docker
AI08025,Spark
AI08026,MLOps
AI08026,Linux
AI08026,Python
AI08026,TensorFlow
AI08026,Java
AI08027,Python
AI08027,TensorFlow
AI08027,PyTorch
AI08027,SQL
AI08027,Data Visualization
AI08028,R
AI08028,Spark
AI08028,Tableau
AI08028,AWS
AI08028,Hadoop
AI08029,Python
AI08029,TensorFlow
AI08029,Data Visualization
AI08030,Git
AI08030,R
AI08030,MLOps
AI08030,GCP
AI08031,TensorFlow
AI08031,Python
AI08031,NLP
AI08032,NLP
AI08032,Java
AI08032,Linux
AI08032,Computer Vision
AI08032,Git
AI08033,Java
AI08033,Spark
AI08033,Computer Vision
AI08033,NLP
AI08034,AWS
AI08034,TensorFlow
AI08034,Azure
AI08034,Spark
AI08035,Deep Learning
AI08035,PyTorch
AI08035,Kubernetes
AI08035,Java
AI08035,Data Visualization
AI08036,PyTorch
AI08036,Kubernetes
AI08036,SQL
AI08036,Tableau
AI08036,AWS
AI08037,Scala
AI08037,TensorFlow
AI08037,Tableau
AI08037,Python
AI08037,Docker
AI08038,R
AI08038,Statistics
AI08038,Java
AI08038,Azure
AI08039,SQL
AI08039,Python
AI08039,Deep Learning
AI08040,Azure
AI08040,Python
AI08040,R
AI08040,TensorFlow
AI08041,Hadoop
AI08041,Kubernetes
AI08041,Scala
AI08042,GCP
AI08042,Scala
AI08042,Spark
AI08043,Kubernetes
AI08043,GCP
AI08043,Mathematics
AI08043,Spark
AI08043,Python
AI08044,Python
AI08044,Tableau
AI08044,Deep Learning
AI08044,Kubernetes
AI08045,Statistics
AI08045,Azure
AI08045,Tableau
AI08045,Python
AI08046,TensorFlow
AI08046,Scala
AI08046,Kubernetes
AI08046,Tableau
AI08046,GCP
AI08047,Scala
AI08047,TensorFlow
AI08047,Azure
AI08048,Deep Learning
AI08048,Mathematics
AI08048,Python
AI08048,TensorFlow
AI08049,Python
AI08049,PyTorch
AI08049,Hadoop
AI08049,Deep Learning
AI08049,GCP
AI08050,Data Visualization
AI08050,Tableau
AI08050,SQL
AI08050,Linux
AI08051,Python
AI08051,GCP
AI08051,NLP
AI08051,Computer Vision
AI08052,PyTorch
AI08052,Kubernetes
AI08052,Python
AI08053,Java
AI08053,Scala
AI08053,Docker
AI08054,Linux
AI08054,TensorFlow
AI08054,Deep Learning
AI08054,PyTorch
AI08054,Spark
AI08055,Data Visualization
AI08055,Linux
AI08055,Tableau
AI08055,MLOps
AI08056,Java
AI08056,MLOps
AI08056,GCP
AI08056,Scala
AI08057,Computer Vision
AI08057,Python
AI08057,Deep Learning
AI08057,Azure
AI08057,TensorFlow
AI08058,Java
AI08058,Deep Learning
AI08058,Statistics
AI08058,Python
AI08059,GCP
AI08059,Kubernetes
AI08059,Data Visualization
AI08059,Tableau
AI08059,MLOps
AI08060,SQL
AI08060,MLOps
AI08060,Computer Vision
AI08060,Kubernetes
AI08061,Docker
AI08061,Azure
AI08061,SQL
AI08061,PyTorch
AI08061,MLOps
AI08062,AWS
AI08062,Data Visualization
AI08062,Spark
AI08062,Python
AI08062,GCP
AI08063,Docker
AI08063,Python
AI08063,Tableau
AI08063,Scala
AI08063,Spark
AI08064,R
AI08064,SQL
AI08064,Kubernetes
AI08064,Data Visualization
AI08064,Scala
AI08065,Azure
AI08065,NLP
AI08065,Linux
AI08065,Computer Vision
AI08065,Scala
AI08066,Spark
AI08066,Kubernetes
AI08066,Tableau
AI08067,Java
AI08067,Statistics
AI08067,Computer Vision
AI08068,Tableau
AI08068,TensorFlow
AI08068,SQL
AI08069,Hadoop
AI08069,Python
AI08069,Data Visualization
AI08070,Python
AI08070,Java
AI08070,R
AI08070,Spark
AI08071,NLP
AI08071,TensorFlow
AI08071,Data Visualization
AI08072,TensorFlow
AI08072,Tableau
AI08072,Python
AI08072,Azure
AI08073,Python
AI08073,Tableau
AI08073,NLP
AI08073,Kubernetes
AI08074,Azure
AI08074,Git
AI08074,Data Visualization
AI08074,SQL
AI08074,Deep Learning
AI08075,Python
AI08075,Azure
AI08075,TensorFlow
AI08076,TensorFlow
AI08076,Git
AI08076,R
AI08077,Hadoop
AI08077,MLOps
AI08077,Tableau
AI08078,Azure
AI08078,Scala
AI08078,Linux
AI08079,Python
AI08079,Linux
AI08079,TensorFlow
AI08080,Docker
AI08080,AWS
AI08080,Computer Vision
AI08080,Azure
AI08081,SQL
AI08081,Python
AI08081,Linux
AI08082,PyTorch
AI08082,Deep Learning
AI08082,MLOps
AI08083,Python
AI08083,Scala
AI08083,Computer Vision
AI08083,TensorFlow
AI08083,Docker
AI08084,Hadoop
AI08084,Python
AI08084,Azure
AI08084,TensorFlow
AI08084,NLP
AI08085,Kubernetes
AI08085,SQL
AI08085,Spark
AI08085,Git
AI08085,Docker
AI08086,SQL
AI08086,Data Visualization
AI08086,R
AI08086,Deep Learning
AI08087,Statistics
AI08087,Linux
AI08087,Kubernetes
AI08087,SQL
AI08088,Data Visualization
AI08088,Azure
AI08088,Statistics
AI08089,MLOps
AI08089,Kubernetes
AI08089,Hadoop
AI08089,Statistics
AI08090,GCP
AI08090,PyTorch
AI08090,TensorFlow
AI08090,MLOps
AI08091,Computer Vision
AI08091,Linux
AI08091,Python
AI08092,MLOps
AI08092,TensorFlow
AI08092,PyTorch
AI08093,Spark
AI08093,Python
AI08093,Hadoop
AI08093,Computer Vision
AI08093,TensorFlow
AI08094,GCP
AI08094,Data Visualization
AI08094,Kubernetes
AI08095,PyTorch
AI08095,Hadoop
AI08095,Docker
AI08096,PyTorch
AI08096,Spark
AI08096,Mathematics
AI08097,Docker
AI08097,Python
AI08097,Kubernetes
AI08097,Statistics
AI08097,Deep Learning
AI08098,Deep Learning
AI08098,Linux
AI08098,AWS
AI08098,GCP
AI08098,Mathematics
AI08099,Docker
AI08099,PyTorch
AI08099,TensorFlow
AI08099,Computer Vision
AI08100,TensorFlow
AI08100,Docker
AI08100,Azure
AI08100,Git
AI08101,Linux
AI08101,TensorFlow
AI08101,Computer Vision
AI08101,GCP
AI08101,SQL
AI08102,NLP
AI08102,Kubernetes
AI08102,R
AI08102,AWS
AI08103,Git
AI08103,Java
AI08103,PyTorch
AI08104,SQL
AI08104,Data Visualization
AI08104,AWS
AI08104,TensorFlow
AI08104,Linux
AI08105,AWS
AI08105,Python
AI08105,Hadoop
AI08105,Azure
AI08105,Scala
AI08106,Tableau
AI08106,Java
AI08106,R
AI08107,Azure
AI08107,Data Visualization
AI08107,PyTorch
AI08107,TensorFlow
AI08108,Kubernetes
AI08108,R
AI08108,Computer Vision
AI08108,Docker
AI08109,Hadoop
AI08109,NLP
AI08109,Kubernetes
AI08110,R
AI08110,Deep Learning
AI08110,SQL
AI08110,Git
AI08110,Azure
AI08111,Python
AI08111,SQL
AI08111,Java
AI08111,MLOps
AI08112,Data Visualization
AI08112,Git
AI08112,Docker
AI08112,MLOps
AI08112,Scala
AI08113,Data Visualization
AI08113,Git
AI08113,PyTorch
AI08113,SQL
AI08114,Git
AI08114,Linux
AI08114,Computer Vision
AI08114,Tableau
AI08115,Python
AI08115,Statistics
AI08115,Computer Vision
AI08115,TensorFlow
AI08116,PyTorch
AI08116,GCP
AI08116,TensorFlow
AI08116,Deep Learning
AI08116,Data Visualization
AI08117,Mathematics
AI08117,SQL
AI08117,GCP
AI08118,Docker
AI08118,PyTorch
AI08118,SQL
AI08118,Hadoop
AI08118,Java
AI08119,SQL
AI08119,Kubernetes
AI08119,TensorFlow
AI08119,Hadoop
AI08119,Java
AI08120,Scala
AI08120,TensorFlow
AI08120,SQL
AI08120,Python
AI08121,Hadoop
AI08121,PyTorch
AI08121,Git
AI08121,Spark
AI08121,TensorFlow
AI08122,Scala
AI08122,Spark
AI08122,Computer Vision
AI08123,Computer Vision
AI08123,Scala
AI08123,MLOps
AI08124,SQL
AI08124,PyTorch
AI08124,Git
AI08124,Statistics
AI08124,Mathematics
AI08125,R
AI08125,Git
AI08125,Scala
AI08125,Statistics
AI08126,Docker
AI08126,Scala
AI08126,Spark
AI08126,Python
AI08127,MLOps
AI08127,R
AI08127,SQL
AI08127,Java
AI08127,Linux
AI08128,Deep Learning
AI08128,GCP
AI08128,Linux
AI08128,Scala
AI08128,Python
AI08129,Java
AI08129,SQL
AI08129,GCP
AI08130,PyTorch
AI08130,Linux
AI08130,Mathematics
AI08131,NLP
AI08131,Linux
AI08131,Python
AI08131,R
AI08132,Python
AI08132,TensorFlow
AI08132,Deep Learning
AI08133,Data Visualization
AI08133,Azure
AI08133,Java
AI08133,SQL
AI08133,Docker
AI08134,Tableau
AI08134,R
AI08134,SQL
AI08134,Deep Learning
AI08134,GCP
AI08135,Kubernetes
AI08135,Java
AI08135,Deep Learning
AI08135,TensorFlow
AI08135,Hadoop
AI08136,AWS
AI08136,Java
AI08136,GCP
AI08136,Git
AI08136,SQL
AI08137,Spark
AI08137,Linux
AI08137,Statistics
AI08137,Scala
AI08137,PyTorch
AI08138,Hadoop
AI08138,SQL
AI08138,Tableau
AI08138,Kubernetes
AI08138,AWS
AI08139,TensorFlow
AI08139,Statistics
AI08139,Python
AI08139,NLP
AI08140,Git
AI08140,AWS
AI08140,Mathematics
AI08141,MLOps
AI08141,Computer Vision
AI08141,Java
AI08141,Python
AI08141,TensorFlow
AI08142,Spark
AI08142,GCP
AI08142,SQL
AI08142,R
AI08142,Data Visualization
AI08143,R
AI08143,Python
AI08143,Data Visualization
AI08143,Deep Learning
AI08143,Linux
AI08144,Python
AI08144,Spark
AI08144,Linux
AI08145,PyTorch
AI08145,Java
AI08145,Statistics
AI08145,TensorFlow
AI08146,Azure
AI08146,Git
AI08146,Python
AI08146,MLOps
AI08147,Spark
AI08147,Scala
AI08147,SQL
AI08147,GCP
AI08147,Azure
AI08148,Deep Learning
AI08148,PyTorch
AI08148,NLP
AI08148,TensorFlow
AI08148,Docker
AI08149,GCP
AI08149,Python
AI08149,Data Visualization
AI08149,TensorFlow
AI08149,Deep Learning
AI08150,Python
AI08150,Kubernetes
AI08150,AWS
AI08151,PyTorch
AI08151,SQL
AI08151,Kubernetes
AI08152,R
AI08152,Python
AI08152,AWS
AI08152,Statistics
AI08153,Python
AI08153,Computer Vision
AI08153,Hadoop
AI08153,TensorFlow
AI08154,Statistics
AI08154,GCP
AI08154,MLOps
AI08154,Scala
AI08154,Java
AI08155,GCP
AI08155,Kubernetes
AI08155,TensorFlow
AI08155,Java
AI08155,Python
AI08156,Git
AI08156,Python
AI08156,NLP
AI08156,Linux
AI08156,Computer Vision
AI08157,NLP
AI08157,Computer Vision
AI08157,Git
AI08158,Scala
AI08158,GCP
AI08158,AWS
AI08159,SQL
AI08159,PyTorch
AI08159,Mathematics
AI08160,Tableau
AI08160,GCP
AI08160,AWS
AI08161,Python
AI08161,Mathematics
AI08161,Hadoop
AI08162,Kubernetes
AI08162,Tableau
AI08162,Spark
AI08163,AWS
AI08163,Scala
AI08163,R
AI08163,SQL
AI08164,Kubernetes
AI08164,Scala
AI08164,Azure
AI08165,PyTorch
AI08165,Tableau
AI08165,Kubernetes
AI08166,Data Visualization
AI08166,Java
AI08166,R
AI08166,Mathematics
AI08166,Azure
AI08167,Scala
AI08167,Statistics
AI08167,PyTorch
AI08168,Git
AI08168,NLP
AI08168,R
AI08168,Statistics
AI08168,Deep Learning
AI08169,TensorFlow
AI08169,Computer Vision
AI08169,GCP
AI08169,MLOps
AI08170,PyTorch
AI08170,SQL
AI08170,Git
AI08171,Java
AI08171,Python
AI08171,Linux
AI08171,Deep Learning
AI08172,Spark
AI08172,PyTorch
AI08172,SQL
AI08173,MLOps
AI08173,PyTorch
AI08173,R
AI08173,Hadoop
AI08173,Git
AI08174,GCP
AI08174,Hadoop
AI08174,MLOps
AI08174,Docker
AI08174,Spark
AI08175,Kubernetes
AI08175,AWS
AI08175,R
AI08176,SQL
AI08176,PyTorch
AI08176,AWS
AI08176,Hadoop
AI08176,GCP
AI08177,Python
AI08177,GCP
AI08177,R
AI08177,Mathematics
AI08178,Hadoop
AI08178,PyTorch
AI08178,Kubernetes
AI08179,SQL
AI08179,Docker
AI08179,Computer Vision
AI08179,GCP
AI08180,SQL
AI08180,Kubernetes
AI08180,Statistics
AI08180,AWS
AI08181,GCP
AI08181,Kubernetes
AI08181,Scala
AI08181,SQL
AI08181,AWS
AI08182,Docker
AI08182,Scala
AI08182,Hadoop
AI08182,Tableau
AI08183,Git
AI08183,Linux
AI08183,TensorFlow
AI08183,Deep Learning
AI08184,R
AI08184,Deep Learning
AI08184,Hadoop
AI08184,Kubernetes
AI08185,Linux
AI08185,PyTorch
AI08185,SQL
AI08185,Java
AI08185,AWS
AI08186,GCP
AI08186,Linux
AI08186,Python
AI08187,Scala
AI08187,Statistics
AI08187,Hadoop
AI08187,Spark
AI08187,Git
AI08188,Spark
AI08188,Java
AI08188,SQL
AI08188,Deep Learning
AI08188,Kubernetes
AI08189,Scala
AI08189,TensorFlow
AI08189,GCP
AI08189,Data Visualization
AI08190,PyTorch
AI08190,Spark
AI08190,Data Visualization
AI08190,Computer Vision
AI08191,Statistics
AI08191,Java
AI08191,Tableau
AI08191,Python
AI08192,Spark
AI08192,NLP
AI08192,Kubernetes
AI08192,MLOps
AI08192,AWS
AI08193,Scala
AI08193,Docker
AI08193,Git
AI08193,AWS
AI08194,PyTorch
AI08194,Scala
AI08194,Data Visualization
AI08194,Computer Vision
AI08195,Kubernetes
AI08195,Docker
AI08195,SQL
AI08195,Statistics
AI08195,AWS
AI08196,PyTorch
AI08196,Java
AI08196,TensorFlow
AI08197,Mathematics
AI08197,TensorFlow
AI08197,Hadoop
AI08198,R
AI08198,NLP
AI08198,Hadoop
AI08198,AWS
AI08199,Azure
AI08199,Java
AI08199,GCP
AI08200,R
AI08200,Git
AI08200,Linux
AI08200,SQL
AI08201,Git
AI08201,Java
AI08201,SQL
AI08201,TensorFlow
AI08202,SQL
AI08202,Kubernetes
AI08202,Computer Vision
AI08202,PyTorch
AI08203,Git
AI08203,Kubernetes
AI08203,Linux
AI08204,Kubernetes
AI08204,AWS
AI08204,SQL
AI08204,TensorFlow
AI08205,PyTorch
AI08205,Scala
AI08205,GCP
AI08205,Azure
AI08206,Docker
AI08206,MLOps
AI08206,Hadoop
AI08207,Spark
AI08207,Hadoop
AI08207,Data Visualization
AI08207,Deep Learning
AI08207,Scala
AI08208,Python
AI08208,Java
AI08208,Data Visualization
AI08209,Linux
AI08209,Azure
AI08209,Computer Vision
AI08210,AWS
AI08210,NLP
AI08210,Tableau
AI08211,SQL
AI08211,Linux
AI08211,AWS
AI08211,PyTorch
AI08211,Docker
AI08212,Spark
AI08212,PyTorch
AI08212,TensorFlow
AI08212,AWS
AI08212,SQL
AI08213,GCP
AI08213,Tableau
AI08213,Hadoop
AI08213,Python
AI08214,Scala
AI08214,AWS
AI08214,Computer Vision
AI08214,MLOps
AI08215,Java
AI08215,NLP
AI08215,PyTorch
AI08215,Python
AI08215,Tableau
AI08216,Statistics
AI08216,Hadoop
AI08216,Java
AI08217,TensorFlow
AI08217,SQL
AI08217,Statistics
AI08217,Spark
AI08217,PyTorch
AI08218,Tableau
AI08218,GCP
AI08218,R
AI08218,SQL
AI08219,GCP
AI08219,R
AI08219,Deep Learning
AI08220,Python
AI08220,Kubernetes
AI08220,Azure
AI08221,Computer Vision
AI08221,Python
AI08221,GCP
AI08221,Java
AI08221,PyTorch
AI08222,R
AI08222,Kubernetes
AI08222,Java
AI08222,PyTorch
AI08223,Scala
AI08223,Python
AI08223,Git
AI08224,SQL
AI08224,R
AI08224,AWS
AI08224,Scala
AI08225,SQL
AI08225,Python
AI08225,AWS
AI08226,Python
AI08226,GCP
AI08226,Computer Vision
AI08226,Azure
AI08227,Kubernetes
AI08227,Mathematics
AI08227,MLOps
AI08227,R
AI08228,Git
AI08228,Python
AI08228,AWS
AI08228,MLOps
AI08229,TensorFlow
AI08229,Linux
AI08229,Hadoop
AI08229,SQL
AI08229,Spark
AI08230,AWS
AI08230,Java
AI08230,Data Visualization
AI08230,GCP
AI08231,Mathematics
AI08231,PyTorch
AI08231,Azure
AI08231,Hadoop
AI08232,R
AI08232,TensorFlow
AI08232,Python
AI08233,Docker
AI08233,Git
AI08233,Statistics
AI08233,Data Visualization
AI08233,Kubernetes
AI08234,Hadoop
AI08234,Python
AI08234,Azure
AI08234,Computer Vision
AI08235,Computer Vision
AI08235,Scala
AI08235,Mathematics
AI08235,Java
AI08236,Kubernetes
AI08236,Azure
AI08236,Tableau
AI08236,AWS
AI08236,Scala
AI08237,PyTorch
AI08237,Docker
AI08237,R
AI08238,Computer Vision
AI08238,SQL
AI08238,Python
AI08238,AWS
AI08239,Linux
AI08239,PyTorch
AI08239,Java
AI08239,Azure
AI08239,TensorFlow
AI08240,Data Visualization
AI08240,Hadoop
AI08240,Kubernetes
AI08240,SQL
AI08241,Git
AI08241,Python
AI08241,Computer Vision
AI08241,GCP
AI08241,MLOps
AI08242,Azure
AI08242,Hadoop
AI08242,PyTorch
AI08243,GCP
AI08243,Python
AI08243,TensorFlow
AI08244,Linux
AI08244,Spark
AI08244,NLP
AI08244,MLOps
AI08244,Statistics
AI08245,Data Visualization
AI08245,Computer Vision
AI08245,SQL
AI08245,Git
AI08246,Data Visualization
AI08246,Computer Vision
AI08246,Docker
AI08246,NLP
AI08247,Spark
AI08247,Hadoop
AI08247,Data Visualization
AI08247,Scala
AI08247,AWS
AI08248,Spark
AI08248,Data Visualization
AI08248,Scala
AI08249,Python
AI08249,Git
AI08249,Mathematics
AI08249,TensorFlow
AI08250,Computer Vision
AI08250,Git
AI08250,R
AI08250,Deep Learning
AI08250,AWS
AI08251,NLP
AI08251,Scala
AI08251,MLOps
AI08252,R
AI08252,Python
AI08252,AWS
AI08252,Hadoop
AI08252,Statistics
AI08253,Scala
AI08253,Python
AI08253,Tableau
AI08253,GCP
AI08254,Python
AI08254,Tableau
AI08254,Azure
AI08254,Kubernetes
AI08254,NLP
AI08255,TensorFlow
AI08255,NLP
AI08255,AWS
AI08255,MLOps
AI08256,Data Visualization
AI08256,Deep Learning
AI08256,Statistics
AI08256,Kubernetes
AI08256,Hadoop
AI08257,Kubernetes
AI08257,Docker
AI08257,Statistics
AI08257,PyTorch
AI08257,NLP
AI08258,Java
AI08258,Spark
AI08258,Tableau
AI08258,Scala
AI08258,AWS
AI08259,Kubernetes
AI08259,Scala
AI08259,Java
AI08259,R
AI08259,GCP
AI08260,Scala
AI08260,Azure
AI08260,Computer Vision
AI08260,Java
AI08261,SQL
AI08261,NLP
AI08261,MLOps
AI08261,PyTorch
AI08261,Computer Vision
AI08262,Data Visualization
AI08262,Python
AI08262,Spark
AI08262,Hadoop
AI08262,TensorFlow
AI08263,PyTorch
AI08263,Java
AI08263,Python
AI08263,SQL
AI08264,GCP
AI08264,Hadoop
AI08264,Mathematics
AI08265,Azure
AI08265,Kubernetes
AI08265,Deep Learning
AI08265,Linux
AI08265,TensorFlow
AI08266,Data Visualization
AI08266,Docker
AI08266,Python
AI08266,Git
AI08267,Data Visualization
AI08267,Spark
AI08267,AWS
AI08267,Deep Learning
AI08267,SQL
AI08268,Python
AI08268,TensorFlow
AI08268,Tableau
AI08269,Docker
AI08269,TensorFlow
AI08269,NLP
AI08270,Git
AI08270,Linux
AI08270,Python
AI08270,Java
AI08271,Git
AI08271,PyTorch
AI08271,Computer Vision
AI08271,R
AI08271,Spark
AI08272,GCP
AI08272,Java
AI08272,Deep Learning
AI08272,Python
AI08273,Git
AI08273,SQL
AI08273,Mathematics
AI08273,Tableau
AI08273,MLOps
AI08274,Kubernetes
AI08274,Scala
AI08274,Java
AI08275,Computer Vision
AI08275,SQL
AI08275,TensorFlow
AI08276,Azure
AI08276,Python
AI08276,Mathematics
AI08276,Spark
AI08276,GCP
AI08277,MLOps
AI08277,Python
AI08277,Scala
AI08278,AWS
AI08278,Statistics
AI08278,Docker
AI08278,Deep Learning
AI08279,R
AI08279,PyTorch
AI08279,GCP
AI08279,Scala
AI08279,Java
AI08280,Hadoop
AI08280,Linux
AI08280,Statistics
AI08280,AWS
AI08281,Deep Learning
AI08281,Spark
AI08281,Kubernetes
AI08282,Python
AI08282,SQL
AI08282,Azure
AI08282,Docker
AI08282,GCP
AI08283,Java
AI08283,GCP
AI08283,Data Visualization
AI08284,Python
AI08284,Linux
AI08284,SQL
AI08284,GCP
AI08285,Tableau
AI08285,Hadoop
AI08285,Kubernetes
AI08285,SQL
AI08285,Statistics
AI08286,Scala
AI08286,SQL
AI08286,Data Visualization
AI08286,Kubernetes
AI08287,Hadoop
AI08287,Git
AI08287,Statistics
AI08287,Tableau
AI08288,Hadoop
AI08288,GCP
AI08288,Mathematics
AI08288,MLOps
AI08288,Azure
AI08289,Hadoop
AI08289,AWS
AI08289,Tableau
AI08289,MLOps
AI08290,Hadoop
AI08290,Deep Learning
AI08290,AWS
AI08291,Scala
AI08291,Data Visualization
AI08291,SQL
AI08291,Deep Learning
AI08291,Azure
AI08292,Git
AI08292,Python
AI08292,Spark
AI08292,TensorFlow
AI08292,Hadoop
AI08293,Java
AI08293,Deep Learning
AI08293,Kubernetes
AI08293,NLP
AI08294,Azure
AI08294,Tableau
AI08294,TensorFlow
AI08294,Deep Learning
AI08295,GCP
AI08295,Kubernetes
AI08295,MLOps
AI08295,Deep Learning
AI08296,R
AI08296,SQL
AI08296,NLP
AI08297,Git
AI08297,Python
AI08297,Docker
AI08297,GCP
AI08298,Scala
AI08298,PyTorch
AI08298,Spark
AI08298,Data Visualization
AI08298,Git
AI08299,TensorFlow
AI08299,Tableau
AI08299,Git
AI08299,R
AI08299,Kubernetes
AI08300,Tableau
AI08300,AWS
AI08300,Data Visualization
AI08301,Statistics
AI08301,Hadoop
AI08301,SQL
AI08301,Tableau
AI08301,Git
AI08302,SQL
AI08302,AWS
AI08302,TensorFlow
AI08302,Azure
AI08302,GCP
AI08303,SQL
AI08303,Java
AI08303,Scala
AI08304,Python
AI08304,R
AI08304,Tableau
AI08304,TensorFlow
AI08304,Java
AI08305,PyTorch
AI08305,Mathematics
AI08305,Deep Learning
AI08305,Git
AI08306,SQL
AI08306,Data Visualization
AI08306,TensorFlow
AI08307,Java
AI08307,Scala
AI08307,Git
AI08307,Hadoop
AI08307,Computer Vision
AI08308,Python
AI08308,SQL
AI08308,Tableau
AI08308,MLOps
AI08308,TensorFlow
AI08309,Linux
AI08309,Python
AI08309,Azure
AI08309,GCP
AI08309,SQL
AI08310,Azure
AI08310,NLP
AI08310,AWS
AI08311,R
AI08311,GCP
AI08311,Python
AI08311,Kubernetes
AI08312,Linux
AI08312,GCP
AI08312,Git
AI08312,Java
AI08312,Python
AI08313,Mathematics
AI08313,Scala
AI08313,NLP
AI08313,Statistics
AI08313,PyTorch
AI08314,Hadoop
AI08314,GCP
AI08314,Spark
AI08314,MLOps
AI08315,Statistics
AI08315,SQL
AI08315,Computer Vision
AI08315,Java
AI08316,Hadoop
AI08316,Tableau
AI08316,NLP
AI08316,GCP
AI08317,PyTorch
AI08317,Data Visualization
AI08317,R
AI08317,Mathematics
AI08317,Java
AI08318,Python
AI08318,Git
AI08318,Tableau
AI08318,Data Visualization
AI08318,Spark
AI08319,Kubernetes
AI08319,Azure
AI08319,Hadoop
AI08320,R
AI08320,Git
AI08320,NLP
AI08321,PyTorch
AI08321,Data Visualization
AI08321,Computer Vision
AI08321,Python
AI08322,Data Visualization
AI08322,PyTorch
AI08322,Git
AI08323,Statistics
AI08323,Linux
AI08323,Spark
AI08324,Git
AI08324,Scala
AI08324,Hadoop
AI08325,AWS
AI08325,Linux
AI08325,Tableau
AI08325,Statistics
AI08325,SQL
AI08326,Java
AI08326,Docker
AI08326,MLOps
AI08327,SQL
AI08327,PyTorch
AI08327,Hadoop
AI08328,Spark
AI08328,SQL
AI08328,Hadoop
AI08328,Python
AI08328,Azure
AI08329,AWS
AI08329,Deep Learning
AI08329,GCP
AI08329,Hadoop
AI08330,NLP
AI08330,Kubernetes
AI08330,Mathematics
AI08331,AWS
AI08331,Azure
AI08331,Git
AI08331,Deep Learning
AI08331,Linux
AI08332,Python
AI08332,Kubernetes
AI08332,Computer Vision
AI08332,Spark
AI08332,Statistics
AI08333,SQL
AI08333,AWS
AI08333,GCP
AI08333,Kubernetes
AI08334,SQL
AI08334,Java
AI08334,Azure
AI08335,SQL
AI08335,Python
AI08335,TensorFlow
AI08335,Hadoop
AI08336,SQL
AI08336,Hadoop
AI08336,Deep Learning
AI08337,TensorFlow
AI08337,MLOps
AI08337,PyTorch
AI08337,Scala
AI08337,GCP
AI08338,Python
AI08338,PyTorch
AI08338,NLP
AI08338,Hadoop
AI08338,Tableau
AI08339,Docker
AI08339,PyTorch
AI08339,Linux
AI08339,Git
AI08340,TensorFlow
AI08340,PyTorch
AI08340,Data Visualization
AI08340,NLP
AI08341,Java
AI08341,Spark
AI08341,SQL
AI08341,Mathematics
AI08341,Linux
AI08342,Python
AI08342,Git
AI08342,Hadoop
AI08342,PyTorch
AI08342,Docker
AI08343,Python
AI08343,Java
AI08343,TensorFlow
AI08343,SQL
AI08343,GCP
AI08344,Mathematics
AI08344,Deep Learning
AI08344,TensorFlow
AI08344,Docker
AI08344,Git
AI08345,Hadoop
AI08345,Linux
AI08345,Data Visualization
AI08346,Data Visualization
AI08346,Computer Vision
AI08346,Deep Learning
AI08347,PyTorch
AI08347,MLOps
AI08347,AWS
AI08347,Azure
AI08348,Spark
AI08348,Deep Learning
AI08348,Docker
AI08349,Python
AI08349,TensorFlow
AI08349,Data Visualization
AI08349,Spark
AI08350,AWS
AI08350,TensorFlow
AI08350,Azure
AI08350,Computer Vision
AI08351,TensorFlow
AI08351,Scala
AI08351,AWS
AI08351,R
AI08351,Docker
AI08352,Linux
AI08352,Python
AI08352,NLP
AI08353,PyTorch
AI08353,R
AI08353,NLP
AI08353,SQL
AI08353,Python
AI08354,Docker
AI08354,SQL
AI08354,Hadoop
AI08354,Deep Learning
AI08355,NLP
AI08355,Tableau
AI08355,GCP
AI08356,Java
AI08356,Python
AI08356,Spark
AI08357,Data Visualization
AI08357,Linux
AI08357,R
AI08358,Data Visualization
AI08358,SQL
AI08358,MLOps
AI08358,Spark
AI08359,PyTorch
AI08359,R
AI08359,GCP
AI08359,AWS
AI08360,AWS
AI08360,Java
AI08360,Tableau
AI08361,Kubernetes
AI08361,Spark
AI08361,Tableau
AI08361,MLOps
AI08361,TensorFlow
AI08362,Computer Vision
AI08362,Hadoop
AI08362,Linux
AI08363,Linux
AI08363,TensorFlow
AI08363,Computer Vision
AI08363,Python
AI08363,Deep Learning
AI08364,Hadoop
AI08364,AWS
AI08364,Spark
AI08365,SQL
AI08365,PyTorch
AI08365,Hadoop
AI08365,Spark
AI08366,Linux
AI08366,AWS
AI08366,Python
AI08367,Data Visualization
AI08367,PyTorch
AI08367,GCP
AI08367,TensorFlow
AI08367,AWS
AI08368,Kubernetes
AI08368,Python
AI08368,Scala
AI08368,Computer Vision
AI08369,PyTorch
AI08369,Kubernetes
AI08369,Linux
AI08369,GCP
AI08370,SQL
AI08370,NLP
AI08370,Deep Learning
AI08370,Computer Vision
AI08370,GCP
AI08371,Kubernetes
AI08371,MLOps
AI08371,Tableau
AI08371,Data Visualization
AI08371,Spark
AI08372,Kubernetes
AI08372,Spark
AI08372,Statistics
AI08373,SQL
AI08373,Java
AI08373,Tableau
AI08373,Computer Vision
AI08373,Python
AI08374,Python
AI08374,Computer Vision
AI08374,Git
AI08374,TensorFlow
AI08375,MLOps
AI08375,Java
AI08375,Statistics
AI08375,AWS
AI08375,R
AI08376,Scala
AI08376,Kubernetes
AI08376,NLP
AI08376,Java
AI08376,AWS
AI08377,TensorFlow
AI08377,Hadoop
AI08377,GCP
AI08378,Spark
AI08378,Python
AI08378,GCP
AI08379,Azure
AI08379,Python
AI08379,R
AI08379,Computer Vision
AI08380,Kubernetes
AI08380,NLP
AI08380,Linux
AI08381,AWS
AI08381,Scala
AI08381,SQL
AI08382,Python
AI08382,Data Visualization
AI08382,TensorFlow
AI08382,Spark
AI08383,Kubernetes
AI08383,R
AI08383,Docker
AI08384,Python
AI08384,Git
AI08384,Docker
AI08385,GCP
AI08385,TensorFlow
AI08385,Computer Vision
AI08385,PyTorch
AI08385,Azure
AI08386,Scala
AI08386,Linux
AI08386,AWS
AI08387,MLOps
AI08387,Data Visualization
AI08387,Hadoop
AI08387,PyTorch
AI08388,Java
AI08388,R
AI08388,AWS
AI08388,Git
AI08388,Computer Vision
AI08389,Python
AI08389,Kubernetes
AI08389,Data Visualization
AI08389,Computer Vision
AI08390,Linux
AI08390,SQL
AI08390,Statistics
AI08390,Tableau
AI08390,Python
AI08391,R
AI08391,Deep Learning
AI08391,AWS
AI08391,Statistics
AI08391,SQL
AI08392,Python
AI08392,Kubernetes
AI08392,Deep Learning
AI08392,Azure
AI08393,Scala
AI08393,Python
AI08393,Tableau
AI08394,PyTorch
AI08394,Spark
AI08394,Deep Learning
AI08395,MLOps
AI08395,Deep Learning
AI08395,Mathematics
AI08396,Statistics
AI08396,Scala
AI08396,MLOps
AI08396,Spark
AI08397,Azure
AI08397,Scala
AI08397,Python
AI08397,Mathematics
AI08397,Docker
AI08398,Statistics
AI08398,SQL
AI08398,Computer Vision
AI08399,Python
AI08399,TensorFlow
AI08399,Kubernetes
AI08399,AWS
AI08399,Docker
AI08400,Azure
AI08400,Python
AI08400,SQL
AI08400,Computer Vision
AI08401,GCP
AI08401,Linux
AI08401,Deep Learning
AI08401,MLOps
AI08401,Python
AI08402,Linux
AI08402,Mathematics
AI08402,Python
AI08403,Data Visualization
AI08403,Java
AI08403,Statistics
AI08403,Git
AI08404,Java
AI08404,PyTorch
AI08404,NLP
AI08404,Git
AI08404,AWS
AI08405,Docker
AI08405,Tableau
AI08405,SQL
AI08406,Java
AI08406,SQL
AI08406,Hadoop
AI08406,Spark
AI08407,Scala
AI08407,Java
AI08407,Mathematics
AI08408,Git
AI08408,Azure
AI08408,Scala
AI08408,PyTorch
AI08408,Python
AI08409,R
AI08409,Statistics
AI08409,SQL
AI08409,AWS
AI08409,PyTorch
AI08410,SQL
AI08410,MLOps
AI08410,Docker
AI08410,PyTorch
AI08410,Statistics
AI08411,Python
AI08411,Computer Vision
AI08411,NLP
AI08412,Deep Learning
AI08412,Computer Vision
AI08412,Tableau
AI08413,Scala
AI08413,Linux
AI08413,Tableau
AI08413,AWS
AI08414,Scala
AI08414,GCP
AI08414,Data Visualization
AI08414,Deep Learning
AI08415,Hadoop
AI08415,Mathematics
AI08415,Tableau
AI08415,Linux
AI08415,Git
AI08416,Scala
AI08416,Tableau
AI08416,Python
AI08417,TensorFlow
AI08417,Python
AI08417,AWS
AI08417,Java
AI08418,Statistics
AI08418,Python
AI08418,MLOps
AI08419,Python
AI08419,TensorFlow
AI08419,Java
AI08419,Computer Vision
AI08420,MLOps
AI08420,Python
AI08420,Spark
AI08420,TensorFlow
AI08420,SQL
AI08421,PyTorch
AI08421,Java
AI08421,TensorFlow
AI08422,Computer Vision
AI08422,TensorFlow
AI08422,SQL
AI08422,Statistics
AI08422,Tableau
AI08423,PyTorch
AI08423,Statistics
AI08423,Python
AI08423,Scala
AI08424,Kubernetes
AI08424,Java
AI08424,Tableau
AI08425,Computer Vision
AI08425,Deep Learning
AI08425,Python
AI08426,Git
AI08426,GCP
AI08426,NLP
AI08426,Kubernetes
AI08426,Hadoop
AI08427,Azure
AI08427,Python
AI08427,Deep Learning
AI08427,TensorFlow
AI08427,Git
AI08428,Computer Vision
AI08428,Python
AI08428,AWS
AI08428,MLOps
AI08428,GCP
AI08429,Docker
AI08429,NLP
AI08429,R
AI08430,Python
AI08430,Azure
AI08430,Statistics
AI08431,Git
AI08431,Statistics
AI08431,R
AI08431,Java
AI08431,Hadoop
AI08432,TensorFlow
AI08432,Mathematics
AI08432,Azure
AI08432,AWS
AI08432,Python
AI08433,Tableau
AI08433,NLP
AI08433,AWS
AI08433,Linux
AI08433,Azure
AI08434,Git
AI08434,Mathematics
AI08434,Statistics
AI08434,Kubernetes
AI08434,Deep Learning
AI08435,Scala
AI08435,PyTorch
AI08435,Statistics
AI08436,AWS
AI08436,Kubernetes
AI08436,Linux
AI08436,MLOps
AI08436,GCP
AI08437,TensorFlow
AI08437,NLP
AI08437,Docker
AI08438,R
AI08438,NLP
AI08438,Linux
AI08438,Mathematics
AI08439,Scala
AI08439,Azure
AI08439,MLOps
AI08439,Python
AI08439,Tableau
AI08440,GCP
AI08440,Deep Learning
AI08440,MLOps
AI08440,Docker
AI08440,Linux
AI08441,GCP
AI08441,Python
AI08441,Statistics
AI08441,Tableau
AI08442,GCP
AI08442,Git
AI08442,R
AI08442,SQL
AI08443,TensorFlow
AI08443,Kubernetes
AI08443,GCP
AI08443,Git
AI08443,NLP
AI08444,Java
AI08444,SQL
AI08444,Git
AI08444,Mathematics
AI08445,Scala
AI08445,Tableau
AI08445,Kubernetes
AI08445,MLOps
AI08446,Hadoop
AI08446,Scala
AI08446,Spark
AI08446,SQL
AI08446,Mathematics
AI08447,Kubernetes
AI08447,Python
AI08447,Azure
AI08447,Spark
AI08448,GCP
AI08448,Data Visualization
AI08448,Python
AI08448,Java
AI08449,Statistics
AI08449,Linux
AI08449,Spark
AI08450,MLOps
AI08450,Mathematics
AI08450,Data Visualization
AI08451,Mathematics
AI08451,Azure
AI08451,Tableau
AI08452,MLOps
AI08452,Azure
AI08452,Hadoop
AI08453,Linux
AI08453,Deep Learning
AI08453,Kubernetes
AI08453,TensorFlow
AI08454,SQL
AI08454,AWS
AI08454,Spark
AI08454,Computer Vision
AI08455,Kubernetes
AI08455,PyTorch
AI08455,R
AI08456,SQL
AI08456,TensorFlow
AI08456,Computer Vision
AI08457,Linux
AI08457,Hadoop
AI08457,Azure
AI08457,Statistics
AI08457,SQL
AI08458,SQL
AI08458,Docker
AI08458,Data Visualization
AI08458,Computer Vision
AI08459,AWS
AI08459,R
AI08459,Linux
AI08459,NLP
AI08460,Git
AI08460,Hadoop
AI08460,Java
AI08460,PyTorch
AI08461,Deep Learning
AI08461,Java
AI08461,Python
AI08461,AWS
AI08461,Mathematics
AI08462,Python
AI08462,Git
AI08462,Spark
AI08463,GCP
AI08463,PyTorch
AI08463,Python
AI08463,Git
AI08464,Linux
AI08464,Java
AI08464,Computer Vision
AI08465,Git
AI08465,R
AI08465,MLOps
AI08465,SQL
AI08466,NLP
AI08466,Python
AI08466,R
AI08466,Deep Learning
AI08467,Tableau
AI08467,Python
AI08467,Computer Vision
AI08468,R
AI08468,Computer Vision
AI08468,Git
AI08469,TensorFlow
AI08469,Git
AI08469,Statistics
AI08469,Azure
AI08470,Kubernetes
AI08470,PyTorch
AI08470,Docker
AI08471,Hadoop
AI08471,Java
AI08471,NLP
AI08471,Linux
AI08471,R
AI08472,Kubernetes
AI08472,Computer Vision
AI08472,TensorFlow
AI08473,TensorFlow
AI08473,Docker
AI08473,SQL
AI08473,Java
AI08474,Azure
AI08474,Java
AI08474,Statistics
AI08475,AWS
AI08475,Hadoop
AI08475,Tableau
AI08475,NLP
AI08475,SQL
AI08476,Data Visualization
AI08476,Scala
AI08476,Azure
AI08476,Deep Learning
AI08476,NLP
AI08477,Python
AI08477,TensorFlow
AI08477,Computer Vision
AI08477,Statistics
AI08478,Linux
AI08478,Python
AI08478,Scala
AI08478,Java
AI08478,TensorFlow
AI08479,Scala
AI08479,Deep Learning
AI08479,Java
AI08479,Azure
AI08479,SQL
AI08480,Python
AI08480,Linux
AI08480,Mathematics
AI08480,SQL
AI08481,Deep Learning
AI08481,Mathematics
AI08481,Linux
AI08481,Data Visualization
AI08482,Python
AI08482,NLP
AI08482,Kubernetes
AI08482,R
AI08483,Azure
AI08483,Deep Learning
AI08483,Python
AI08483,AWS
AI08484,Spark
AI08484,PyTorch
AI08484,SQL
AI08485,Java
AI08485,PyTorch
AI08485,Statistics
AI08485,Azure
AI08485,TensorFlow
AI08486,Linux
AI08486,Scala
AI08486,NLP
AI08486,Spark
AI08487,Kubernetes
AI08487,Docker
AI08487,Computer Vision
AI08487,Data Visualization
AI08487,AWS
AI08488,Git
AI08488,Tableau
AI08488,Scala
AI08488,MLOps
AI08488,AWS
AI08489,GCP
AI08489,SQL
AI08489,PyTorch
AI08489,R
AI08490,Kubernetes
AI08490,Scala
AI08490,Mathematics
AI08490,AWS
AI08491,Azure
AI08491,PyTorch
AI08491,Linux
AI08492,GCP
AI08492,Tableau
AI08492,MLOps
AI08493,Python
AI08493,Hadoop
AI08493,TensorFlow
AI08493,AWS
AI08494,Hadoop
AI08494,Azure
AI08494,Java
AI08494,Spark
AI08495,Azure
AI08495,Python
AI08495,Scala
AI08495,Computer Vision
AI08496,Tableau
AI08496,Deep Learning
AI08496,R
AI08496,MLOps
AI08496,TensorFlow
AI08497,Data Visualization
AI08497,Java
AI08497,Kubernetes
AI08497,Hadoop
AI08498,Scala
AI08498,GCP
AI08498,NLP
AI08499,MLOps
AI08499,PyTorch
AI08499,Scala
AI08499,R
AI08500,SQL
AI08500,Linux
AI08500,Tableau
AI08500,R
AI08501,Linux
AI08501,SQL
AI08501,Git
AI08501,Hadoop
AI08501,GCP
AI08502,Kubernetes
AI08502,Statistics
AI08502,Data Visualization
AI08502,SQL
AI08503,Data Visualization
AI08503,Linux
AI08503,Deep Learning
AI08504,Java
AI08504,TensorFlow
AI08504,Mathematics
AI08505,AWS
AI08505,Linux
AI08505,TensorFlow
AI08505,Computer Vision
AI08506,Spark
AI08506,Scala
AI08506,Data Visualization
AI08506,Hadoop
AI08507,Computer Vision
AI08507,SQL
AI08507,R
AI08508,Scala
AI08508,Git
AI08508,NLP
AI08508,Linux
AI08508,Docker
AI08509,Python
AI08509,Docker
AI08509,Hadoop
AI08510,Kubernetes
AI08510,Java
AI08510,Scala
AI08511,Mathematics
AI08511,PyTorch
AI08511,NLP
AI08512,SQL
AI08512,AWS
AI08512,PyTorch
AI08512,GCP
AI08512,Spark
AI08513,Spark
AI08513,MLOps
AI08513,AWS
AI08513,Linux
AI08514,Linux
AI08514,Hadoop
AI08514,Tableau
AI08514,Python
AI08514,Kubernetes
AI08515,Docker
AI08515,Hadoop
AI08515,GCP
AI08515,TensorFlow
AI08516,Tableau
AI08516,Kubernetes
AI08516,Statistics
AI08516,PyTorch
AI08517,Mathematics
AI08517,MLOps
AI08517,SQL
AI08517,Deep Learning
AI08517,Scala
AI08518,Git
AI08518,Kubernetes
AI08518,TensorFlow
AI08518,PyTorch
AI08518,Computer Vision
AI08519,Scala
AI08519,Data Visualization
AI08519,Docker
AI08519,Azure
AI08519,Deep Learning
AI08520,R
AI08520,Tableau
AI08520,NLP
AI08520,MLOps
AI08521,SQL
AI08521,GCP
AI08521,PyTorch
AI08522,Hadoop
AI08522,Linux
AI08522,Statistics
AI08522,Scala
AI08523,Azure
AI08523,Linux
AI08523,MLOps
AI08524,R
AI08524,Hadoop
AI08524,Scala
AI08524,Deep Learning
AI08525,Kubernetes
AI08525,Python
AI08525,Tableau
AI08526,Kubernetes
AI08526,SQL
AI08526,Linux
AI08527,R
AI08527,Python
AI08527,Mathematics
AI08528,Statistics
AI08528,Scala
AI08528,Kubernetes
AI08529,Statistics
AI08529,GCP
AI08529,Deep Learning
AI08529,Spark
AI08530,Scala
AI08530,SQL
AI08530,GCP
AI08530,Computer Vision
AI08530,Java
AI08531,Docker
AI08531,MLOps
AI08531,Hadoop
AI08531,NLP
AI08531,Spark
AI08532,SQL
AI08532,Hadoop
AI08532,Azure
AI08532,Tableau
AI08532,AWS
AI08533,Mathematics
AI08533,Spark
AI08533,Linux
AI08533,Computer Vision
AI08533,Docker
AI08534,Data Visualization
AI08534,GCP
AI08534,Python
AI08534,Spark
AI08534,Mathematics
AI08535,Azure
AI08535,Docker
AI08535,Kubernetes
AI08536,Azure
AI08536,R
AI08536,SQL
AI08537,Tableau
AI08537,SQL
AI08537,NLP
AI08537,Deep Learning
AI08538,Mathematics
AI08538,AWS
AI08538,Git
AI08538,R
AI08538,SQL
AI08539,AWS
AI08539,Mathematics
AI08539,NLP
AI08539,TensorFlow
AI08540,Computer Vision
AI08540,Linux
AI08540,Tableau
AI08540,SQL
AI08541,Python
AI08541,Linux
AI08541,Spark
AI08542,Data Visualization
AI08542,MLOps
AI08542,SQL
AI08542,AWS
AI08543,AWS
AI08543,Spark
AI08543,Azure
AI08544,R
AI08544,SQL
AI08544,Computer Vision
AI08545,Spark
AI08545,Scala
AI08545,Linux
AI08545,Deep Learning
AI08546,Java
AI08546,SQL
AI08546,Data Visualization
AI08547,GCP
AI08547,Hadoop
AI08547,Mathematics
AI08547,Spark
AI08548,Linux
AI08548,AWS
AI08548,TensorFlow
AI08549,Data Visualization
AI08549,PyTorch
AI08549,TensorFlow
AI08549,Hadoop
AI08549,Kubernetes
AI08550,Spark
AI08550,MLOps
AI08550,Tableau
AI08551,Linux
AI08551,SQL
AI08551,Git
AI08551,AWS
AI08551,Computer Vision
AI08552,Mathematics
AI08552,Python
AI08552,Computer Vision
AI08552,Kubernetes
AI08552,Azure
AI08553,Kubernetes
AI08553,TensorFlow
AI08553,Data Visualization
AI08553,MLOps
AI08553,SQL
AI08554,Statistics
AI08554,Kubernetes
AI08554,GCP
AI08554,Hadoop
AI08554,Scala
AI08555,GCP
AI08555,AWS
AI08555,Docker
AI08556,AWS
AI08556,Deep Learning
AI08556,Statistics
AI08557,Linux
AI08557,Azure
AI08557,Data Visualization
AI08557,Computer Vision
AI08557,MLOps
AI08558,Linux
AI08558,Python
AI08558,Mathematics
AI08559,Scala
AI08559,GCP
AI08559,PyTorch
AI08559,Data Visualization
AI08560,Kubernetes
AI08560,Scala
AI08560,NLP
AI08560,MLOps
AI08560,Computer Vision
AI08561,Spark
AI08561,Linux
AI08561,Scala
AI08561,R
AI08561,Mathematics
AI08562,TensorFlow
AI08562,Kubernetes
AI08562,Mathematics
AI08562,Spark
AI08562,R
AI08563,Spark
AI08563,Java
AI08563,Tableau
AI08563,PyTorch
AI08563,SQL
AI08564,SQL
AI08564,Python
AI08564,NLP
AI08565,Spark
AI08565,AWS
AI08565,Kubernetes
AI08565,Statistics
AI08566,Linux
AI08566,Scala
AI08566,SQL
AI08566,GCP
AI08566,Git
AI08567,Python
AI08567,Git
AI08567,PyTorch
AI08568,R
AI08568,Docker
AI08568,Computer Vision
AI08569,AWS
AI08569,Mathematics
AI08569,Python
AI08570,Hadoop
AI08570,Tableau
AI08570,Linux
AI08570,Python
AI08571,Git
AI08571,Docker
AI08571,Kubernetes
AI08571,Data Visualization
AI08571,Scala
AI08572,Azure
AI08572,SQL
AI08572,Java
AI08572,Git
AI08573,Hadoop
AI08573,AWS
AI08573,NLP
AI08573,Computer Vision
AI08574,Git
AI08574,Linux
AI08574,PyTorch
AI08574,NLP
AI08575,R
AI08575,SQL
AI08575,GCP
AI08575,MLOps
AI08576,TensorFlow
AI08576,PyTorch
AI08576,MLOps
AI08576,Computer Vision
AI08576,SQL
AI08577,TensorFlow
AI08577,Git
AI08577,Mathematics
AI08577,Data Visualization
AI08578,Python
AI08578,Deep Learning
AI08578,TensorFlow
AI08578,GCP
AI08578,Scala
AI08579,Python
AI08579,Statistics
AI08579,R
AI08580,SQL
AI08580,PyTorch
AI08580,Azure
AI08580,TensorFlow
AI08580,R
AI08581,Tableau
AI08581,Docker
AI08581,Kubernetes
AI08581,Statistics
AI08582,Hadoop
AI08582,Java
AI08582,Scala
AI08582,GCP
AI08583,Deep Learning
AI08583,SQL
AI08583,Mathematics
AI08583,Kubernetes
AI08584,SQL
AI08584,Scala
AI08584,Python
AI08584,R
AI08584,Java
AI08585,Java
AI08585,AWS
AI08585,MLOps
AI08586,Computer Vision
AI08586,Deep Learning
AI08586,Git
AI08587,PyTorch
AI08587,Scala
AI08587,Java
AI08587,TensorFlow
AI08588,Kubernetes
AI08588,Data Visualization
AI08588,SQL
AI08588,Computer Vision
AI08589,Python
AI08589,Git
AI08589,SQL
AI08589,Computer Vision
AI08589,Azure
AI08590,Deep Learning
AI08590,Tableau
AI08590,Azure
AI08590,R
AI08590,AWS
AI08591,Python
AI08591,NLP
AI08591,Azure
AI08591,Data Visualization
AI08591,Computer Vision
AI08592,SQL
AI08592,Linux
AI08592,R
AI08593,NLP
AI08593,Scala
AI08593,TensorFlow
AI08594,Spark
AI08594,Data Visualization
AI08594,Hadoop
AI08595,Java
AI08595,Spark
AI08595,Python
AI08595,Tableau
AI08595,Linux
AI08596,R
AI08596,Deep Learning
AI08596,MLOps
AI08596,Hadoop
AI08597,Python
AI08597,Kubernetes
AI08597,TensorFlow
AI08597,AWS
AI08598,Computer Vision
AI08598,Spark
AI08598,Git
AI08598,Kubernetes
AI08599,Linux
AI08599,MLOps
AI08599,Kubernetes
AI08599,NLP
AI08599,Scala
AI08600,Python
AI08600,SQL
AI08600,Kubernetes
AI08600,NLP
AI08601,Linux
AI08601,Git
AI08601,Statistics
AI08601,Tableau
AI08601,Hadoop
AI08602,R
AI08602,Scala
AI08602,PyTorch
AI08602,GCP
AI08602,SQL
AI08603,Linux
AI08603,Tableau
AI08603,AWS
AI08604,Tableau
AI08604,SQL
AI08604,AWS
AI08604,Data Visualization
AI08604,Git
AI08605,Azure
AI08605,Deep Learning
AI08605,SQL
AI08605,Linux
AI08606,Kubernetes
AI08606,NLP
AI08606,GCP
AI08607,Git
AI08607,Tableau
AI08607,AWS
AI08608,SQL
AI08608,Hadoop
AI08608,Kubernetes
AI08609,Git
AI08609,Deep Learning
AI08609,Computer Vision
AI08610,Scala
AI08610,Python
AI08610,MLOps
AI08611,Kubernetes
AI08611,Computer Vision
AI08611,Data Visualization
AI08611,GCP
AI08611,Azure
AI08612,Scala
AI08612,AWS
AI08612,Linux
AI08612,Hadoop
AI08612,Git
AI08613,Spark
AI08613,SQL
AI08613,R
AI08613,Java
AI08613,NLP
AI08614,Python
AI08614,Tableau
AI08614,MLOps
AI08614,Azure
AI08615,Hadoop
AI08615,MLOps
AI08615,Python
AI08615,TensorFlow
AI08615,Git
AI08616,Git
AI08616,Deep Learning
AI08616,Spark
AI08616,Scala
AI08617,Data Visualization
AI08617,AWS
AI08617,Scala
AI08617,Statistics
AI08618,Linux
AI08618,Spark
AI08618,Python
AI08619,Spark
AI08619,Python
AI08619,Linux
AI08619,Computer Vision
AI08619,TensorFlow
AI08620,R
AI08620,TensorFlow
AI08620,Tableau
AI08620,Linux
AI08620,Python
AI08621,SQL
AI08621,Java
AI08621,MLOps
AI08622,Spark
AI08622,MLOps
AI08622,Azure
AI08623,Python
AI08623,Azure
AI08623,Mathematics
AI08624,Scala
AI08624,Java
AI08624,Python
AI08624,Tableau
AI08625,Azure
AI08625,GCP
AI08625,SQL
AI08625,Scala
AI08626,Git
AI08626,Computer Vision
AI08626,R
AI08626,AWS
AI08627,R
AI08627,Java
AI08627,Azure
AI08628,Kubernetes
AI08628,Mathematics
AI08628,SQL
AI08628,AWS
AI08628,TensorFlow
AI08629,Azure
AI08629,SQL
AI08629,TensorFlow
AI08630,Tableau
AI08630,Docker
AI08630,Spark
AI08630,Data Visualization
AI08631,Hadoop
AI08631,Python
AI08631,MLOps
AI08631,Kubernetes
AI08632,R
AI08632,Computer Vision
AI08632,Statistics
AI08632,Python
AI08632,Data Visualization
AI08633,SQL
AI08633,Docker
AI08633,MLOps
AI08633,PyTorch
AI08634,PyTorch
AI08634,NLP
AI08634,Python
AI08634,Git
AI08634,Tableau
AI08635,Linux
AI08635,Statistics
AI08635,Mathematics
AI08636,Scala
AI08636,Computer Vision
AI08636,Data Visualization
AI08636,GCP
AI08637,Scala
AI08637,Deep Learning
AI08637,Computer Vision
AI08637,Kubernetes
AI08638,R
AI08638,SQL
AI08638,Tableau
AI08638,NLP
AI08639,SQL
AI08639,Tableau
AI08639,Git
AI08640,Azure
AI08640,Spark
AI08640,Data Visualization
AI08640,MLOps
AI08640,Java
AI08641,GCP
AI08641,Python
AI08641,AWS
AI08641,Tableau
AI08641,Data Visualization
AI08642,SQL
AI08642,Linux
AI08642,Computer Vision
AI08642,Scala
AI08643,SQL
AI08643,Statistics
AI08643,Deep Learning
AI08643,PyTorch
AI08643,Azure
AI08644,Docker
AI08644,Java
AI08644,AWS
AI08644,R
AI08644,Computer Vision
AI08645,GCP
AI08645,TensorFlow
AI08645,Statistics
AI08645,Mathematics
AI08646,GCP
AI08646,Git
AI08646,Java
AI08646,Computer Vision
AI08646,Kubernetes
AI08647,Docker
AI08647,Azure
AI08647,MLOps
AI08647,Mathematics
AI08647,NLP
AI08648,Tableau
AI08648,Data Visualization
AI08648,Computer Vision
AI08648,Python
AI08649,Hadoop
AI08649,GCP
AI08649,AWS
AI08650,Kubernetes
AI08650,Python
AI08650,Tableau
AI08650,Java
AI08650,Deep Learning
AI08651,PyTorch
AI08651,SQL
AI08651,Kubernetes
AI08651,Scala
AI08652,GCP
AI08652,R
AI08652,Deep Learning
AI08652,Linux
AI08652,Docker
AI08653,Tableau
AI08653,R
AI08653,Git
AI08653,Deep Learning
AI08653,PyTorch
AI08654,SQL
AI08654,PyTorch
AI08654,Tableau
AI08654,Mathematics
AI08654,Azure
AI08655,PyTorch
AI08655,Statistics
AI08655,Scala
AI08655,MLOps
AI08656,Mathematics
AI08656,Linux
AI08656,Data Visualization
AI08656,Python
AI08656,Azure
AI08657,Azure
AI08657,PyTorch
AI08657,Scala
AI08657,Git
AI08657,Mathematics
AI08658,Hadoop
AI08658,Kubernetes
AI08658,GCP
AI08658,SQL
AI08659,Spark
AI08659,GCP
AI08659,PyTorch
AI08660,Python
AI08660,TensorFlow
AI08660,Linux
AI08660,GCP
AI08660,Spark
AI08661,Hadoop
AI08661,TensorFlow
AI08661,Tableau
AI08661,Data Visualization
AI08661,Spark
AI08662,R
AI08662,Scala
AI08662,Azure
AI08662,Tableau
AI08663,Hadoop
AI08663,Spark
AI08663,PyTorch
AI08664,PyTorch
AI08664,Mathematics
AI08664,Kubernetes
AI08664,SQL
AI08665,Spark
AI08665,Kubernetes
AI08665,Tableau
AI08665,Scala
AI08666,SQL
AI08666,AWS
AI08666,Deep Learning
AI08667,Data Visualization
AI08667,MLOps
AI08667,AWS
AI08667,R
AI08668,Linux
AI08668,GCP
AI08668,Computer Vision
AI08669,Docker
AI08669,Git
AI08669,Tableau
AI08669,SQL
AI08670,Linux
AI08670,Spark
AI08670,PyTorch
AI08670,AWS
AI08671,TensorFlow
AI08671,Scala
AI08671,Data Visualization
AI08672,MLOps
AI08672,Statistics
AI08672,Git
AI08673,TensorFlow
AI08673,Java
AI08673,Git
AI08673,Hadoop
AI08673,Docker
AI08674,Mathematics
AI08674,Python
AI08674,Spark
AI08675,Python
AI08675,Statistics
AI08675,Git
AI08675,Linux
AI08676,Azure
AI08676,Git
AI08676,Scala
AI08676,Hadoop
AI08677,SQL
AI08677,NLP
AI08677,Tableau
AI08677,Scala
AI08678,Statistics
AI08678,Data Visualization
AI08678,Hadoop
AI08678,Java
AI08678,AWS
AI08679,R
AI08679,Git
AI08679,SQL
AI08679,Docker
AI08679,Java
AI08680,TensorFlow
AI08680,PyTorch
AI08680,Kubernetes
AI08681,Statistics
AI08681,MLOps
AI08681,Hadoop
AI08682,Kubernetes
AI08682,Python
AI08682,Mathematics
AI08683,Hadoop
AI08683,AWS
AI08683,MLOps
AI08683,Spark
AI08683,Computer Vision
AI08684,Tableau
AI08684,Deep Learning
AI08684,GCP
AI08685,Kubernetes
AI08685,Java
AI08685,SQL
AI08686,Scala
AI08686,Linux
AI08686,Computer Vision
AI08686,Python
AI08686,MLOps
AI08687,Tableau
AI08687,R
AI08687,Spark
AI08688,Mathematics
AI08688,PyTorch
AI08688,SQL
AI08689,Computer Vision
AI08689,SQL
AI08689,MLOps
AI08689,Kubernetes
AI08689,Mathematics
AI08690,AWS
AI08690,Docker
AI08690,GCP
AI08690,Kubernetes
AI08690,Tableau
AI08691,Python
AI08691,Statistics
AI08691,Computer Vision
AI08692,Hadoop
AI08692,Python
AI08692,Deep Learning
AI08693,Java
AI08693,NLP
AI08693,Linux
AI08693,Deep Learning
AI08693,PyTorch
AI08694,Docker
AI08694,SQL
AI08694,NLP
AI08695,Git
AI08695,Deep Learning
AI08695,MLOps
AI08695,R
AI08695,Tableau
AI08696,AWS
AI08696,NLP
AI08696,Java
AI08696,Data Visualization
AI08696,PyTorch
AI08697,Statistics
AI08697,MLOps
AI08697,GCP
AI08697,Git
AI08697,Spark
AI08698,Python
AI08698,Data Visualization
AI08698,R
AI08699,Linux
AI08699,Python
AI08699,Data Visualization
AI08699,Docker
AI08700,Data Visualization
AI08700,MLOps
AI08700,NLP
AI08700,Tableau
AI08701,Hadoop
AI08701,Docker
AI08701,Git
AI08701,SQL
AI08702,Python
AI08702,Java
AI08702,Tableau
AI08703,Scala
AI08703,Spark
AI08703,R
AI08703,Statistics
AI08704,Statistics
AI08704,Python
AI08704,Scala
AI08705,SQL
AI08705,Deep Learning
AI08705,R
AI08706,PyTorch
AI08706,Git
AI08706,Azure
AI08706,Docker
AI08707,Java
AI08707,Hadoop
AI08707,Data Visualization
AI08707,Spark
AI08708,TensorFlow
AI08708,Computer Vision
AI08708,Linux
AI08708,AWS
AI08709,Python
AI08709,R
AI08709,NLP
AI08709,Tableau
AI08710,SQL
AI08710,Scala
AI08710,Java
AI08711,Statistics
AI08711,Kubernetes
AI08711,Spark
AI08711,MLOps
AI08711,Scala
AI08712,SQL
AI08712,PyTorch
AI08712,GCP
AI08713,Deep Learning
AI08713,Azure
AI08713,SQL
AI08714,Tableau
AI08714,SQL
AI08714,Git
AI08715,NLP
AI08715,MLOps
AI08715,Kubernetes
AI08715,Python
AI08716,NLP
AI08716,Python
AI08716,Statistics
AI08716,Azure
AI08717,TensorFlow
AI08717,Tableau
AI08717,Linux
AI08717,SQL
AI08718,Git
AI08718,AWS
AI08718,R
AI08718,Computer Vision
AI08719,PyTorch
AI08719,Kubernetes
AI08719,Mathematics
AI08720,Computer Vision
AI08720,MLOps
AI08720,SQL
AI08720,Statistics
AI08720,Spark
AI08721,GCP
AI08721,Java
AI08721,Computer Vision
AI08722,TensorFlow
AI08722,Scala
AI08722,NLP
AI08723,SQL
AI08723,Linux
AI08723,MLOps
AI08723,GCP
AI08724,SQL
AI08724,PyTorch
AI08724,Spark
AI08724,Git
AI08724,GCP
AI08725,Azure
AI08725,Tableau
AI08725,Data Visualization
AI08725,Java
AI08725,R
AI08726,AWS
AI08726,Data Visualization
AI08726,Deep Learning
AI08727,Kubernetes
AI08727,GCP
AI08727,Computer Vision
AI08728,Scala
AI08728,SQL
AI08728,Linux
AI08729,Mathematics
AI08729,Python
AI08729,TensorFlow
AI08729,Statistics
AI08730,Hadoop
AI08730,SQL
AI08730,Java
AI08731,Data Visualization
AI08731,R
AI08731,Scala
AI08731,GCP
AI08732,Tableau
AI08732,Python
AI08732,Linux
AI08732,TensorFlow
AI08733,Data Visualization
AI08733,Linux
AI08733,Statistics
AI08734,Java
AI08734,R
AI08734,Mathematics
AI08734,Python
AI08734,GCP
AI08735,Deep Learning
AI08735,AWS
AI08735,Java
AI08735,Kubernetes
AI08735,Scala
AI08736,Data Visualization
AI08736,Java
AI08736,Linux
AI08736,Computer Vision
AI08737,Azure
AI08737,Docker
AI08737,Git
AI08738,R
AI08738,SQL
AI08738,MLOps
AI08738,Linux
AI08739,PyTorch
AI08739,TensorFlow
AI08739,AWS
AI08740,Python
AI08740,TensorFlow
AI08740,Kubernetes
AI08740,Git
AI08740,AWS
AI08741,SQL
AI08741,Java
AI08741,Data Visualization
AI08742,Spark
AI08742,GCP
AI08742,Tableau
AI08742,NLP
AI08742,Scala
AI08743,Kubernetes
AI08743,Deep Learning
AI08743,Hadoop
AI08743,Statistics
AI08743,NLP
AI08744,Docker
AI08744,GCP
AI08744,Computer Vision
AI08745,Hadoop
AI08745,Azure
AI08745,SQL
AI08746,Azure
AI08746,Python
AI08746,Tableau
AI08747,Python
AI08747,TensorFlow
AI08747,Tableau
AI08747,Java
AI08748,Data Visualization
AI08748,Git
AI08748,Computer Vision
AI08749,Hadoop
AI08749,Scala
AI08749,Computer Vision
AI08749,Tableau
AI08750,Python
AI08750,TensorFlow
AI08750,Deep Learning
AI08751,R
AI08751,Java
AI08751,Git
AI08752,Java
AI08752,PyTorch
AI08752,Linux
AI08753,MLOps
AI08753,AWS
AI08753,SQL
AI08754,R
AI08754,Computer Vision
AI08754,Tableau
AI08754,Statistics
AI08755,Hadoop
AI08755,Docker
AI08755,TensorFlow
AI08755,Mathematics
AI08755,Linux
AI08756,Mathematics
AI08756,R
AI08756,Deep Learning
AI08756,Linux
AI08756,AWS
AI08757,GCP
AI08757,Git
AI08757,Data Visualization
AI08757,Linux
AI08758,TensorFlow
AI08758,Kubernetes
AI08758,Azure
AI08759,AWS
AI08759,GCP
AI08759,R
AI08759,Git
AI08760,PyTorch
AI08760,Scala
AI08760,Docker
AI08761,Data Visualization
AI08761,Linux
AI08761,NLP
AI08761,Git
AI08762,Spark
AI08762,Scala
AI08762,Python
AI08762,GCP
AI08763,TensorFlow
AI08763,R
AI08763,Java
AI08763,NLP
AI08763,Kubernetes
AI08764,Git
AI08764,Hadoop
AI08764,Computer Vision
AI08764,GCP
AI08765,AWS
AI08765,GCP
AI08765,SQL
AI08765,PyTorch
AI08765,Statistics
AI08766,TensorFlow
AI08766,Hadoop
AI08766,PyTorch
AI08766,MLOps
AI08766,SQL
AI08767,Mathematics
AI08767,Linux
AI08767,Spark
AI08767,Computer Vision
AI08768,Deep Learning
AI08768,Statistics
AI08768,SQL
AI08768,Python
AI08769,Git
AI08769,Python
AI08769,NLP
AI08769,Azure
AI08769,TensorFlow
AI08770,PyTorch
AI08770,TensorFlow
AI08770,Git
AI08770,Docker
AI08770,MLOps
AI08771,Kubernetes
AI08771,Python
AI08771,NLP
AI08771,Linux
AI08771,Azure
AI08772,Statistics
AI08772,PyTorch
AI08772,Git
AI08773,R
AI08773,NLP
AI08773,Python
AI08774,Java
AI08774,R
AI08774,Spark
AI08774,AWS
AI08774,SQL
AI08775,Git
AI08775,Tableau
AI08775,Hadoop
AI08776,Python
AI08776,Scala
AI08776,Git
AI08776,Spark
AI08777,Deep Learning
AI08777,NLP
AI08777,Git
AI08777,Hadoop
AI08778,Git
AI08778,MLOps
AI08778,Hadoop
AI08778,Statistics
AI08779,PyTorch
AI08779,Linux
AI08779,TensorFlow
AI08780,Docker
AI08780,NLP
AI08780,Tableau
AI08780,GCP
AI08781,Git
AI08781,Kubernetes
AI08781,SQL
AI08781,Azure
AI08781,GCP
AI08782,Docker
AI08782,NLP
AI08782,MLOps
AI08782,Kubernetes
AI08782,Data Visualization
AI08783,Linux
AI08783,Python
AI08783,TensorFlow
AI08784,Git
AI08784,SQL
AI08784,Scala
AI08784,GCP
AI08785,Kubernetes
AI08785,R
AI08785,SQL
AI08785,Statistics
AI08786,Scala
AI08786,Azure
AI08786,MLOps
AI08786,Kubernetes
AI08787,SQL
AI08787,Hadoop
AI08787,R
AI08788,TensorFlow
AI08788,Git
AI08788,Spark
AI08789,Scala
AI08789,Hadoop
AI08789,Python
AI08789,SQL
AI08789,R
AI08790,Git
AI08790,Docker
AI08790,Deep Learning
AI08790,Mathematics
AI08790,Python
AI08791,SQL
AI08791,GCP
AI08791,NLP
AI08791,Deep Learning
AI08792,Hadoop
AI08792,Linux
AI08792,NLP
AI08792,SQL
AI08792,TensorFlow
AI08793,AWS
AI08793,Java
AI08793,Statistics
AI08794,PyTorch
AI08794,Git
AI08794,NLP
AI08795,TensorFlow
AI08795,Computer Vision
AI08795,Python
AI08795,Statistics
AI08795,Linux
AI08796,TensorFlow
AI08796,Git
AI08796,Spark
AI08797,Git
AI08797,Spark
AI08797,SQL
AI08798,Kubernetes
AI08798,Computer Vision
AI08798,GCP
AI08798,Statistics
AI08798,Scala
AI08799,Kubernetes
AI08799,SQL
AI08799,Statistics
AI08800,Kubernetes
AI08800,SQL
AI08800,Mathematics
AI08801,GCP
AI08801,Python
AI08801,Tableau
AI08802,AWS
AI08802,Git
AI08802,R
AI08803,R
AI08803,Azure
AI08803,Linux
AI08803,SQL
AI08803,Data Visualization
AI08804,Git
AI08804,Computer Vision
AI08804,MLOps
AI08804,Docker
AI08805,Scala
AI08805,R
AI08805,GCP
AI08805,SQL
AI08805,MLOps
AI08806,SQL
AI08806,PyTorch
AI08806,Java
AI08806,Spark
AI08806,Linux
AI08807,TensorFlow
AI08807,Java
AI08807,Data Visualization
AI08808,Hadoop
AI08808,R
AI08808,Tableau
AI08808,MLOps
AI08808,PyTorch
AI08809,Scala
AI08809,GCP
AI08809,SQL
AI08809,Hadoop
AI08810,Linux
AI08810,NLP
AI08810,Kubernetes
AI08810,PyTorch
AI08810,Deep Learning
AI08811,R
AI08811,Docker
AI08811,Kubernetes
AI08811,TensorFlow
AI08812,Scala
AI08812,Docker
AI08812,MLOps
AI08813,AWS
AI08813,Docker
AI08813,Azure
AI08814,Python
AI08814,Spark
AI08814,Azure
AI08814,Linux
AI08814,Statistics
AI08815,Java
AI08815,Kubernetes
AI08815,PyTorch
AI08815,SQL
AI08816,Python
AI08816,Deep Learning
AI08816,Kubernetes
AI08816,Statistics
AI08816,Azure
AI08817,PyTorch
AI08817,TensorFlow
AI08817,Data Visualization
AI08817,AWS
AI08817,SQL
AI08818,Scala
AI08818,GCP
AI08818,SQL
AI08819,Java
AI08819,Data Visualization
AI08819,Mathematics
AI08819,Docker
AI08819,AWS
AI08820,PyTorch
AI08820,GCP
AI08820,Data Visualization
AI08821,SQL
AI08821,Python
AI08821,Statistics
AI08821,AWS
AI08822,GCP
AI08822,Kubernetes
AI08822,Azure
AI08822,Hadoop
AI08823,Mathematics
AI08823,TensorFlow
AI08823,Git
AI08823,AWS
AI08823,Hadoop
AI08824,NLP
AI08824,Python
AI08824,TensorFlow
AI08824,Deep Learning
AI08825,Git
AI08825,Hadoop
AI08825,Mathematics
AI08825,Python
AI08826,Statistics
AI08826,Python
AI08826,TensorFlow
AI08827,Scala
AI08827,Statistics
AI08827,Python
AI08827,Linux
AI08827,GCP
AI08828,Scala
AI08828,PyTorch
AI08828,TensorFlow
AI08828,Deep Learning
AI08829,Python
AI08829,TensorFlow
AI08829,Azure
AI08829,AWS
AI08829,MLOps
AI08830,Hadoop
AI08830,Kubernetes
AI08830,Python
AI08830,Data Visualization
AI08831,PyTorch
AI08831,NLP
AI08831,Deep Learning
AI08831,Docker
AI08832,Java
AI08832,Spark
AI08832,Computer Vision
AI08832,Docker
AI08832,Linux
AI08833,Mathematics
AI08833,Linux
AI08833,Computer Vision
AI08833,Scala
AI08834,Hadoop
AI08834,Deep Learning
AI08834,NLP
AI08834,Computer Vision
AI08834,Tableau
AI08835,R
AI08835,AWS
AI08835,NLP
AI08836,Scala
AI08836,Git
AI08836,AWS
AI08836,Computer Vision
AI08836,MLOps
AI08837,Linux
AI08837,Spark
AI08837,R
AI08837,Deep Learning
AI08838,Hadoop
AI08838,Git
AI08838,Scala
AI08838,Mathematics
AI08838,Java
AI08839,Kubernetes
AI08839,Data Visualization
AI08839,TensorFlow
AI08839,MLOps
AI08839,SQL
AI08840,Git
AI08840,Kubernetes
AI08840,Docker
AI08840,GCP
AI08841,Data Visualization
AI08841,Mathematics
AI08841,Spark
AI08841,SQL
AI08841,PyTorch
AI08842,Mathematics
AI08842,Git
AI08842,Docker
AI08843,AWS
AI08843,Statistics
AI08843,SQL
AI08843,Azure
AI08844,AWS
AI08844,NLP
AI08844,Linux
AI08844,Docker
AI08844,Scala
AI08845,Java
AI08845,PyTorch
AI08845,Hadoop
AI08845,Mathematics
AI08845,TensorFlow
AI08846,Scala
AI08846,GCP
AI08846,MLOps
AI08846,Kubernetes
AI08846,TensorFlow
AI08847,Python
AI08847,Computer Vision
AI08847,AWS
AI08848,Java
AI08848,MLOps
AI08848,Tableau
AI08849,R
AI08849,Scala
AI08849,NLP
AI08850,Azure
AI08850,Hadoop
AI08850,AWS
AI08850,Linux
AI08850,Scala
AI08851,SQL
AI08851,Kubernetes
AI08851,Hadoop
AI08851,TensorFlow
AI08851,Azure
AI08852,NLP
AI08852,SQL
AI08852,Scala
AI08853,Python
AI08853,Spark
AI08853,Data Visualization
AI08853,Scala
AI08853,Azure
AI08854,Hadoop
AI08854,Scala
AI08854,Tableau
AI08855,SQL
AI08855,Kubernetes
AI08855,Scala
AI08855,Statistics
AI08856,Scala
AI08856,GCP
AI08856,MLOps
AI08856,Java
AI08857,Kubernetes
AI08857,SQL
AI08857,Data Visualization
AI08857,Python
AI08857,Scala
AI08858,SQL
AI08858,Git
AI08858,Python
AI08858,R
AI08859,Python
AI08859,Git
AI08859,Deep Learning
AI08860,AWS
AI08860,Docker
AI08860,Statistics
AI08861,Kubernetes
AI08861,TensorFlow
AI08861,R
AI08861,Python
AI08861,Mathematics
AI08862,Statistics
AI08862,SQL
AI08862,Git
AI08862,Tableau
AI08862,Kubernetes
AI08863,Computer Vision
AI08863,AWS
AI08863,Git
AI08864,Hadoop
AI08864,R
AI08864,Docker
AI08864,Azure
AI08864,Java
AI08865,Git
AI08865,SQL
AI08865,Linux
AI08866,Linux
AI08866,PyTorch
AI08866,MLOps
AI08866,TensorFlow
AI08867,SQL
AI08867,Tableau
AI08867,R
AI08868,SQL
AI08868,Linux
AI08868,GCP
AI08868,Computer Vision
AI08869,Hadoop
AI08869,PyTorch
AI08869,Git
AI08869,Data Visualization
AI08869,Statistics
AI08870,Git
AI08870,Linux
AI08870,Deep Learning
AI08870,NLP
AI08870,Python
AI08871,Hadoop
AI08871,Linux
AI08871,Git
AI08871,SQL
AI08871,Kubernetes
AI08872,SQL
AI08872,NLP
AI08872,Python
AI08872,GCP
AI08872,Azure
AI08873,Python
AI08873,SQL
AI08873,Tableau
AI08873,Java
AI08873,GCP
AI08874,Kubernetes
AI08874,Scala
AI08874,PyTorch
AI08874,Hadoop
AI08874,Deep Learning
AI08875,PyTorch
AI08875,TensorFlow
AI08875,Docker
AI08875,Python
AI08875,Statistics
AI08876,R
AI08876,Python
AI08876,Hadoop
AI08876,Data Visualization
AI08876,TensorFlow
AI08877,Linux
AI08877,Data Visualization
AI08877,Deep Learning
AI08877,SQL
AI08877,PyTorch
AI08878,Kubernetes
AI08878,Spark
AI08878,Git
AI08878,Statistics
AI08878,MLOps
AI08879,Kubernetes
AI08879,Mathematics
AI08879,Spark
AI08879,Deep Learning
AI08880,Java
AI08880,Git
AI08880,R
AI08881,SQL
AI08881,Python
AI08881,TensorFlow
AI08881,PyTorch
AI08882,Statistics
AI08882,MLOps
AI08882,Python
AI08882,SQL
AI08883,Hadoop
AI08883,Azure
AI08883,Java
AI08883,MLOps
AI08883,Deep Learning
AI08884,PyTorch
AI08884,TensorFlow
AI08884,Hadoop
AI08884,Statistics
AI08885,Statistics
AI08885,Kubernetes
AI08885,GCP
AI08886,R
AI08886,Mathematics
AI08886,Kubernetes
AI08887,MLOps
AI08887,Azure
AI08887,SQL
AI08887,Tableau
AI08887,Mathematics
AI08888,Deep Learning
AI08888,Hadoop
AI08888,PyTorch
AI08888,Kubernetes
AI08889,Statistics
AI08889,Git
AI08889,Docker
AI08889,TensorFlow
AI08889,Hadoop
AI08890,TensorFlow
AI08890,SQL
AI08890,MLOps
AI08891,Scala
AI08891,Computer Vision
AI08891,R
AI08892,Kubernetes
AI08892,Python
AI08892,NLP
AI08892,Linux
AI08892,Computer Vision
AI08893,AWS
AI08893,Scala
AI08893,Docker
AI08894,Python
AI08894,Computer Vision
AI08894,Java
AI08895,Python
AI08895,Computer Vision
AI08895,TensorFlow
AI08895,Java
AI08896,PyTorch
AI08896,Azure
AI08896,Scala
AI08896,TensorFlow
AI08896,Linux
AI08897,Statistics
AI08897,PyTorch
AI08897,Docker
AI08898,Scala
AI08898,Linux
AI08898,Git
AI08898,GCP
AI08899,R
AI08899,AWS
AI08899,GCP
AI08899,Hadoop
AI08899,Linux
AI08900,Kubernetes
AI08900,R
AI08900,Hadoop
AI08901,Scala
AI08901,TensorFlow
AI08901,Statistics
AI08901,Git
AI08902,NLP
AI08902,TensorFlow
AI08902,R
AI08903,SQL
AI08903,Git
AI08903,Azure
AI08904,Tableau
AI08904,TensorFlow
AI08904,Python
AI08904,Computer Vision
AI08904,Deep Learning
AI08905,NLP
AI08905,PyTorch
AI08905,Tableau
AI08905,AWS
AI08906,SQL
AI08906,PyTorch
AI08906,Linux
AI08906,TensorFlow
AI08907,SQL
AI08907,AWS
AI08907,Tableau
AI08907,Spark
AI08907,Git
AI08908,Spark
AI08908,Data Visualization
AI08908,Hadoop
AI08908,TensorFlow
AI08909,Hadoop
AI08909,GCP
AI08909,Spark
AI08909,Linux
AI08909,Kubernetes
AI08910,Azure
AI08910,Hadoop
AI08910,Data Visualization
AI08910,Scala
AI08911,Kubernetes
AI08911,Python
AI08911,TensorFlow
AI08911,SQL
AI08911,MLOps
AI08912,TensorFlow
AI08912,Mathematics
AI08912,NLP
AI08912,PyTorch
AI08912,Python
AI08913,Tableau
AI08913,TensorFlow
AI08913,Statistics
AI08913,Java
AI08914,Git
AI08914,AWS
AI08914,TensorFlow
AI08914,Scala
AI08914,NLP
AI08915,Python
AI08915,SQL
AI08915,Data Visualization
AI08915,TensorFlow
AI08916,PyTorch
AI08916,Docker
AI08916,Python
AI08916,SQL
AI08917,Python
AI08917,GCP
AI08917,Azure
AI08917,TensorFlow
AI08917,Statistics
AI08918,Python
AI08918,Azure
AI08918,Data Visualization
AI08919,Kubernetes
AI08919,TensorFlow
AI08919,Azure
AI08919,AWS
AI08920,R
AI08920,Linux
AI08920,Tableau
AI08920,Hadoop
AI08920,Mathematics
AI08921,Linux
AI08921,AWS
AI08921,Computer Vision
AI08922,Computer Vision
AI08922,Scala
AI08922,AWS
AI08923,SQL
AI08923,PyTorch
AI08923,AWS
AI08923,Linux
AI08923,Computer Vision
AI08924,Python
AI08924,Scala
AI08924,Spark
AI08925,TensorFlow
AI08925,Scala
AI08925,MLOps
AI08925,NLP
AI08926,Scala
AI08926,TensorFlow
AI08926,Spark
AI08927,Deep Learning
AI08927,SQL
AI08927,Azure
AI08927,Spark
AI08927,GCP
AI08928,PyTorch
AI08928,R
AI08928,Tableau
AI08928,NLP
AI08929,GCP
AI08929,SQL
AI08929,Scala
AI08929,R
AI08930,Python
AI08930,Hadoop
AI08930,GCP
AI08930,SQL
AI08930,Mathematics
AI08931,Git
AI08931,Hadoop
AI08931,Spark
AI08932,PyTorch
AI08932,TensorFlow
AI08932,Linux
AI08932,Statistics
AI08933,MLOps
AI08933,Scala
AI08933,Hadoop
AI08933,Statistics
AI08933,Data Visualization
AI08934,PyTorch
AI08934,Scala
AI08934,NLP
AI08935,Azure
AI08935,Spark
AI08935,Hadoop
AI08936,Spark
AI08936,Linux
AI08936,R
AI08936,Docker
AI08937,Hadoop
AI08937,TensorFlow
AI08937,Data Visualization
AI08937,Python
AI08937,Deep Learning
AI08938,Spark
AI08938,Hadoop
AI08938,Mathematics
AI08939,Scala
AI08939,SQL
AI08939,PyTorch
AI08939,AWS
AI08939,R
AI08940,Statistics
AI08940,Git
AI08940,TensorFlow
AI08941,Tableau
AI08941,Java
AI08941,Scala
AI08941,TensorFlow
AI08941,Git
AI08942,Hadoop
AI08942,Kubernetes
AI08942,Data Visualization
AI08943,Scala
AI08943,AWS
AI08943,GCP
AI08944,Mathematics
AI08944,Tableau
AI08944,SQL
AI08945,SQL
AI08945,Java
AI08945,Docker
AI08945,Azure
AI08946,Java
AI08946,R
AI08946,Data Visualization
AI08946,NLP
AI08947,Git
AI08947,Mathematics
AI08947,Scala
AI08948,Kubernetes
AI08948,NLP
AI08948,Git
AI08948,Hadoop
AI08948,SQL
AI08949,R
AI08949,MLOps
AI08949,TensorFlow
AI08949,Data Visualization
AI08950,Java
AI08950,Git
AI08950,Linux
AI08950,Scala
AI08951,Kubernetes
AI08951,SQL
AI08951,Hadoop
AI08951,Data Visualization
AI08952,SQL
AI08952,Java
AI08952,Hadoop
AI08952,PyTorch
AI08953,NLP
AI08953,Python
AI08953,Hadoop
AI08954,MLOps
AI08954,Python
AI08954,Git
AI08954,Computer Vision
AI08955,TensorFlow
AI08955,Kubernetes
AI08955,Data Visualization
AI08955,Deep Learning
AI08956,Python
AI08956,Computer Vision
AI08956,Deep Learning
AI08956,Azure
AI08957,Data Visualization
AI08957,Java
AI08957,PyTorch
AI08957,NLP
AI08957,TensorFlow
AI08958,Mathematics
AI08958,Java
AI08958,GCP
AI08958,Linux
AI08959,PyTorch
AI08959,TensorFlow
AI08959,Java
AI08959,Deep Learning
AI08960,Tableau
AI08960,Python
AI08960,Deep Learning
AI08961,Java
AI08961,Python
AI08961,Linux
AI08962,GCP
AI08962,Docker
AI08962,Statistics
AI08962,Mathematics
AI08962,MLOps
AI08963,Kubernetes
AI08963,Git
AI08963,Statistics
AI08963,Computer Vision
AI08963,TensorFlow
AI08964,NLP
AI08964,Kubernetes
AI08964,Azure
AI08965,Python
AI08965,Git
AI08965,TensorFlow
AI08965,Data Visualization
AI08965,Kubernetes
AI08966,Python
AI08966,Docker
AI08966,Computer Vision
AI08966,TensorFlow
AI08967,Git
AI08967,Scala
AI08967,Computer Vision
AI08967,Deep Learning
AI08968,R
AI08968,SQL
AI08968,Kubernetes
AI08969,Azure
AI08969,Computer Vision
AI08969,Docker
AI08970,Spark
AI08970,Scala
AI08970,MLOps
AI08971,SQL
AI08971,Azure
AI08971,TensorFlow
AI08972,Kubernetes
AI08972,Linux
AI08972,Python
AI08973,Git
AI08973,Python
AI08973,Statistics
AI08974,Scala
AI08974,Hadoop
AI08974,Kubernetes
AI08974,Python
AI08975,Java
AI08975,Deep Learning
AI08975,SQL
AI08976,Kubernetes
AI08976,GCP
AI08976,SQL
AI08976,PyTorch
AI08976,Computer Vision
AI08977,SQL
AI08977,NLP
AI08977,PyTorch
AI08977,Linux
AI08978,NLP
AI08978,Spark
AI08978,TensorFlow
AI08978,Python
AI08978,AWS
AI08979,Git
AI08979,AWS
AI08979,Tableau
AI08980,NLP
AI08980,Java
AI08980,Kubernetes
AI08980,Docker
AI08980,R
AI08981,Computer Vision
AI08981,GCP
AI08981,Statistics
AI08982,Deep Learning
AI08982,Python
AI08982,TensorFlow
AI08982,Docker
AI08983,AWS
AI08983,SQL
AI08983,PyTorch
AI08983,MLOps
AI08984,Git
AI08984,Python
AI08984,Docker
AI08984,Linux
AI08984,SQL
AI08985,PyTorch
AI08985,TensorFlow
AI08985,NLP
AI08985,Computer Vision
AI08985,Azure
AI08986,Java
AI08986,GCP
AI08986,Scala
AI08986,Computer Vision
AI08986,Spark
AI08987,Python
AI08987,MLOps
AI08987,SQL
AI08987,Java
AI08987,Spark
AI08988,Scala
AI08988,Hadoop
AI08988,Python
AI08988,Mathematics
AI08988,Azure
AI08989,Java
AI08989,Linux
AI08989,Data Visualization
AI08990,PyTorch
AI08990,GCP
AI08990,Tableau
AI08990,Statistics
AI08991,Computer Vision
AI08991,Java
AI08991,MLOps
AI08991,R
AI08992,Data Visualization
AI08992,Azure
AI08992,Tableau
AI08992,Linux
AI08993,Python
AI08993,SQL
AI08993,Docker
AI08993,Mathematics
AI08993,Deep Learning
AI08994,Docker
AI08994,Git
AI08994,MLOps
AI08995,Azure
AI08995,SQL
AI08995,GCP
AI08995,Mathematics
AI08995,Java
AI08996,R
AI08996,SQL
AI08996,Hadoop
AI08996,Mathematics
AI08996,Linux
AI08997,Docker
AI08997,Hadoop
AI08997,Computer Vision
AI08997,Java
AI08998,Azure
AI08998,SQL
AI08998,Kubernetes
AI08998,Statistics
AI08998,Scala
AI08999,Mathematics
AI08999,Deep Learning
AI08999,Kubernetes
AI08999,PyTorch
AI09000,Deep Learning
AI09000,PyTorch
AI09000,Spark
AI09001,Azure
AI09001,Mathematics
AI09001,Spark
AI09001,SQL
AI09001,PyTorch
AI09002,Hadoop
AI09002,PyTorch
AI09002,TensorFlow
AI09002,Linux
AI09003,NLP
AI09003,Scala
AI09003,Java
AI09003,Mathematics
AI09004,R
AI09004,TensorFlow
AI09004,Hadoop
AI09005,Linux
AI09005,MLOps
AI09005,AWS
AI09005,Spark
AI09005,Statistics
AI09006,Python
AI09006,TensorFlow
AI09006,Linux
AI09006,Docker
AI09007,Docker
AI09007,MLOps
AI09007,Git
AI09008,NLP
AI09008,GCP
AI09008,Computer Vision
AI09008,Git
AI09008,TensorFlow
AI09009,Linux
AI09009,Scala
AI09009,Docker
AI09009,AWS
AI09010,Spark
AI09010,Data Visualization
AI09010,NLP
AI09010,Docker
AI09010,Python
AI09011,Statistics
AI09011,NLP
AI09011,Python
AI09011,Kubernetes
AI09011,AWS
AI09012,Hadoop
AI09012,Azure
AI09012,MLOps
AI09012,R
AI09012,Deep Learning
AI09013,Git
AI09013,Hadoop
AI09013,MLOps
AI09014,Hadoop
AI09014,Tableau
AI09014,Scala
AI09014,R
AI09014,Docker
AI09015,Java
AI09015,Git
AI09015,Deep Learning
AI09015,Mathematics
AI09015,Computer Vision
AI09016,GCP
AI09016,PyTorch
AI09016,Computer Vision
AI09016,Kubernetes
AI09016,Java
AI09017,R
AI09017,Linux
AI09017,Data Visualization
AI09018,TensorFlow
AI09018,Kubernetes
AI09018,Computer Vision
AI09019,Docker
AI09019,MLOps
AI09019,PyTorch
AI09020,Hadoop
AI09020,Java
AI09020,Data Visualization
AI09021,Spark
AI09021,Deep Learning
AI09021,MLOps
AI09021,Git
AI09022,Azure
AI09022,Kubernetes
AI09022,Docker
AI09022,Tableau
AI09022,Linux
AI09023,Mathematics
AI09023,Scala
AI09023,Tableau
AI09024,TensorFlow
AI09024,Python
AI09024,SQL
AI09024,Java
AI09025,Python
AI09025,Java
AI09025,AWS
AI09026,Linux
AI09026,SQL
AI09026,Tableau
AI09026,Azure
AI09027,Kubernetes
AI09027,MLOps
AI09027,Git
AI09028,R
AI09028,Git
AI09028,Computer Vision
AI09028,Hadoop
AI09029,SQL
AI09029,Docker
AI09029,Mathematics
AI09030,TensorFlow
AI09030,R
AI09030,Docker
AI09030,Data Visualization
AI09030,Deep Learning
AI09031,Hadoop
AI09031,Linux
AI09031,PyTorch
AI09032,NLP
AI09032,Python
AI09032,R
AI09032,Statistics
AI09032,SQL
AI09033,Spark
AI09033,SQL
AI09033,MLOps
AI09033,Python
AI09034,AWS
AI09034,Scala
AI09034,Java
AI09035,Python
AI09035,R
AI09035,SQL
AI09036,Linux
AI09036,R
AI09036,Computer Vision
AI09036,Hadoop
AI09036,Mathematics
AI09037,TensorFlow
AI09037,PyTorch
AI09037,Tableau
AI09038,Mathematics
AI09038,GCP
AI09038,Azure
AI09038,Python
AI09038,Hadoop
AI09039,Computer Vision
AI09039,Deep Learning
AI09039,Python
AI09039,Scala
AI09039,Data Visualization
AI09040,Mathematics
AI09040,Spark
AI09040,Data Visualization
AI09040,Tableau
AI09040,Linux
AI09041,Python
AI09041,Scala
AI09041,Spark
AI09042,Git
AI09042,TensorFlow
AI09042,Linux
AI09043,Deep Learning
AI09043,Linux
AI09043,Mathematics
AI09043,Java
AI09043,SQL
AI09044,NLP
AI09044,Git
AI09044,Data Visualization
AI09044,Python
AI09045,Kubernetes
AI09045,Python
AI09045,Mathematics
AI09046,TensorFlow
AI09046,Data Visualization
AI09046,Scala
AI09046,SQL
AI09047,Spark
AI09047,Python
AI09047,TensorFlow
AI09047,GCP
AI09047,Data Visualization
AI09048,R
AI09048,Data Visualization
AI09048,Git
AI09048,Deep Learning
AI09048,GCP
AI09049,Kubernetes
AI09049,Linux
AI09049,Git
AI09049,GCP
AI09049,Python
AI09050,Tableau
AI09050,Deep Learning
AI09050,R
AI09050,TensorFlow
AI09050,SQL
AI09051,SQL
AI09051,Scala
AI09051,Azure
AI09051,Java
AI09052,Tableau
AI09052,Kubernetes
AI09052,Docker
AI09052,Hadoop
AI09052,Linux
AI09053,Azure
AI09053,Git
AI09053,Data Visualization
AI09054,Deep Learning
AI09054,Scala
AI09054,Data Visualization
AI09054,NLP
AI09055,Linux
AI09055,SQL
AI09055,Azure
AI09055,Scala
AI09056,NLP
AI09056,Java
AI09056,MLOps
AI09057,Deep Learning
AI09057,Kubernetes
AI09057,Java
AI09057,GCP
AI09057,R
AI09058,PyTorch
AI09058,Java
AI09058,NLP
AI09058,Docker
AI09059,Python
AI09059,SQL
AI09059,Spark
AI09060,Kubernetes
AI09060,Computer Vision
AI09060,Scala
AI09061,Hadoop
AI09061,Deep Learning
AI09061,Azure
AI09062,Kubernetes
AI09062,PyTorch
AI09062,AWS
AI09063,Spark
AI09063,Hadoop
AI09063,Data Visualization
AI09063,NLP
AI09064,SQL
AI09064,PyTorch
AI09064,AWS
AI09064,Spark
AI09065,Data Visualization
AI09065,SQL
AI09065,R
AI09065,GCP
AI09066,R
AI09066,Docker
AI09066,Hadoop
AI09067,Spark
AI09067,TensorFlow
AI09067,GCP
AI09068,Docker
AI09068,Kubernetes
AI09068,Git
AI09069,Data Visualization
AI09069,GCP
AI09069,Scala
AI09069,AWS
AI09070,Kubernetes
AI09070,Hadoop
AI09070,SQL
AI09070,Data Visualization
AI09071,Docker
AI09071,Mathematics
AI09071,Java
AI09072,Mathematics
AI09072,Azure
AI09072,Deep Learning
AI09073,MLOps
AI09073,Azure
AI09073,Scala
AI09074,Spark
AI09074,Git
AI09074,TensorFlow
AI09074,AWS
AI09075,Python
AI09075,TensorFlow
AI09075,Tableau
AI09075,Mathematics
AI09075,Git
AI09076,Kubernetes
AI09076,Azure
AI09076,NLP
AI09076,Spark
AI09076,Hadoop
AI09077,Azure
AI09077,Git
AI09077,Kubernetes
AI09077,Computer Vision
AI09078,PyTorch
AI09078,Python
AI09078,Git
AI09079,Java
AI09079,Python
AI09079,MLOps
AI09079,Kubernetes
AI09079,Docker
AI09080,Scala
AI09080,Git
AI09080,Kubernetes
AI09081,Statistics
AI09081,TensorFlow
AI09081,Hadoop
AI09081,GCP
AI09082,Tableau
AI09082,SQL
AI09082,Linux
AI09082,Computer Vision
AI09082,AWS
AI09083,Computer Vision
AI09083,Hadoop
AI09083,R
AI09084,Deep Learning
AI09084,Kubernetes
AI09084,Linux
AI09084,Scala
AI09085,Python
AI09085,Linux
AI09085,Computer Vision
AI09086,Kubernetes
AI09086,Data Visualization
AI09086,Computer Vision
AI09087,PyTorch
AI09087,TensorFlow
AI09087,Docker
AI09088,Scala
AI09088,Python
AI09088,AWS
AI09088,MLOps
AI09089,TensorFlow
AI09089,Scala
AI09089,Docker
AI09089,MLOps
AI09090,Hadoop
AI09090,Git
AI09090,NLP
AI09091,R
AI09091,Java
AI09091,Python
AI09091,Deep Learning
AI09091,TensorFlow
AI09092,Kubernetes
AI09092,Java
AI09092,NLP
AI09093,PyTorch
AI09093,Scala
AI09093,GCP
AI09094,Linux
AI09094,NLP
AI09094,Data Visualization
AI09095,Docker
AI09095,Git
AI09095,PyTorch
AI09095,TensorFlow
AI09096,Azure
AI09096,Hadoop
AI09096,Computer Vision
AI09097,Deep Learning
AI09097,Statistics
AI09097,Scala
AI09097,Computer Vision
AI09098,Deep Learning
AI09098,GCP
AI09098,Python
AI09098,PyTorch
AI09098,Kubernetes
AI09099,PyTorch
AI09099,R
AI09099,Kubernetes
AI09099,Computer Vision
AI09100,NLP
AI09100,Scala
AI09100,SQL
AI09100,GCP
AI09100,Deep Learning
AI09101,Kubernetes
AI09101,Scala
AI09101,Deep Learning
AI09102,Tableau
AI09102,GCP
AI09102,Linux
AI09103,AWS
AI09103,Computer Vision
AI09103,Python
AI09104,Kubernetes
AI09104,Hadoop
AI09104,Tableau
AI09105,Java
AI09105,Python
AI09105,GCP
AI09106,Python
AI09106,NLP
AI09106,Spark
AI09107,Data Visualization
AI09107,Git
AI09107,Scala
AI09108,R
AI09108,GCP
AI09108,MLOps
AI09108,AWS
AI09108,Tableau
AI09109,GCP
AI09109,Python
AI09109,Linux
AI09110,Scala
AI09110,GCP
AI09110,Statistics
AI09111,Java
AI09111,Statistics
AI09111,Kubernetes
AI09111,Mathematics
AI09112,Spark
AI09112,R
AI09112,MLOps
AI09112,Statistics
AI09113,Python
AI09113,Hadoop
AI09113,Deep Learning
AI09113,TensorFlow
AI09113,AWS
AI09114,Git
AI09114,SQL
AI09114,PyTorch
AI09115,Python
AI09115,PyTorch
AI09115,R
AI09115,Docker
AI09116,Git
AI09116,PyTorch
AI09116,MLOps
AI09116,GCP
AI09116,Mathematics
AI09117,NLP
AI09117,Mathematics
AI09117,Deep Learning
AI09117,SQL
AI09117,PyTorch
AI09118,Git
AI09118,Statistics
AI09118,TensorFlow
AI09118,Scala
AI09118,NLP
AI09119,TensorFlow
AI09119,Tableau
AI09119,SQL
AI09120,Kubernetes
AI09120,Hadoop
AI09120,Deep Learning
AI09121,PyTorch
AI09121,R
AI09121,Kubernetes
AI09121,Python
AI09121,Docker
AI09122,Computer Vision
AI09122,TensorFlow
AI09122,PyTorch
AI09122,SQL
AI09122,Git
AI09123,Scala
AI09123,Linux
AI09123,PyTorch
AI09124,PyTorch
AI09124,SQL
AI09124,AWS
AI09124,Kubernetes
AI09125,Mathematics
AI09125,Linux
AI09125,Hadoop
AI09125,Computer Vision
AI09126,PyTorch
AI09126,Git
AI09126,Statistics
AI09126,Tableau
AI09127,GCP
AI09127,Git
AI09127,Java
AI09127,Python
AI09127,TensorFlow
AI09128,Python
AI09128,Git
AI09128,Statistics
AI09128,Hadoop
AI09129,Azure
AI09129,AWS
AI09129,Docker
AI09129,Kubernetes
AI09130,SQL
AI09130,Deep Learning
AI09130,Azure
AI09131,Linux
AI09131,TensorFlow
AI09131,Python
AI09132,AWS
AI09132,Statistics
AI09132,Scala
AI09133,GCP
AI09133,Hadoop
AI09133,Deep Learning
AI09133,Java
AI09133,Data Visualization
AI09134,Azure
AI09134,Linux
AI09134,Docker
AI09134,Scala
AI09135,Python
AI09135,Mathematics
AI09135,TensorFlow
AI09135,AWS
AI09135,Git
AI09136,Git
AI09136,Kubernetes
AI09136,NLP
AI09136,R
AI09136,TensorFlow
AI09137,SQL
AI09137,TensorFlow
AI09137,MLOps
AI09137,R
AI09137,Docker
AI09138,Python
AI09138,Kubernetes
AI09138,Docker
AI09138,Data Visualization
AI09138,TensorFlow
AI09139,Tableau
AI09139,Spark
AI09139,Git
AI09139,Hadoop
AI09139,GCP
AI09140,Computer Vision
AI09140,Azure
AI09140,Linux
AI09140,Scala
AI09141,Statistics
AI09141,Scala
AI09141,GCP
AI09141,Mathematics
AI09141,Kubernetes
AI09142,GCP
AI09142,Linux
AI09142,Git
AI09143,Kubernetes
AI09143,Spark
AI09143,MLOps
AI09144,Python
AI09144,Azure
AI09144,Tableau
AI09145,Mathematics
AI09145,R
AI09145,SQL
AI09145,Scala
AI09145,Statistics
AI09146,Data Visualization
AI09146,Hadoop
AI09146,GCP
AI09146,Computer Vision
AI09146,Linux
AI09147,GCP
AI09147,Scala
AI09147,Linux
AI09147,SQL
AI09148,GCP
AI09148,SQL
AI09148,Linux
AI09149,Docker
AI09149,Hadoop
AI09149,Linux
AI09149,GCP
AI09150,SQL
AI09150,Scala
AI09150,Spark
AI09151,NLP
AI09151,Python
AI09151,TensorFlow
AI09151,Computer Vision
AI09151,Scala
AI09152,TensorFlow
AI09152,Azure
AI09152,Java
AI09152,R
AI09153,Linux
AI09153,Kubernetes
AI09153,Computer Vision
AI09154,TensorFlow
AI09154,GCP
AI09154,Python
AI09154,Scala
AI09154,Linux
AI09155,Spark
AI09155,Python
AI09155,Tableau
AI09155,Kubernetes
AI09155,Azure
AI09156,MLOps
AI09156,Linux
AI09156,Java
AI09156,Data Visualization
AI09157,Python
AI09157,Java
AI09157,Azure
AI09157,Computer Vision
AI09157,Docker
AI09158,Hadoop
AI09158,R
AI09158,GCP
AI09158,TensorFlow
AI09158,Data Visualization
AI09159,Deep Learning
AI09159,Scala
AI09159,NLP
AI09159,MLOps
AI09159,Python
AI09160,AWS
AI09160,Kubernetes
AI09160,GCP
AI09160,Statistics
AI09161,R
AI09161,Scala
AI09161,Java
AI09161,Data Visualization
AI09162,Hadoop
AI09162,AWS
AI09162,Data Visualization
AI09162,Tableau
AI09163,AWS
AI09163,Java
AI09163,Git
AI09163,Data Visualization
AI09163,Computer Vision
AI09164,AWS
AI09164,SQL
AI09164,Azure
AI09164,PyTorch
AI09165,Linux
AI09165,Kubernetes
AI09165,Python
AI09165,AWS
AI09166,Docker
AI09166,Scala
AI09166,Spark
AI09167,PyTorch
AI09167,Spark
AI09167,Kubernetes
AI09167,Scala
AI09168,Python
AI09168,Computer Vision
AI09168,Linux
AI09169,Git
AI09169,Spark
AI09169,AWS
AI09170,NLP
AI09170,PyTorch
AI09170,SQL
AI09170,Computer Vision
AI09170,Deep Learning
AI09171,Docker
AI09171,Deep Learning
AI09171,Linux
AI09171,Computer Vision
AI09172,Azure
AI09172,Hadoop
AI09172,Python
AI09172,TensorFlow
AI09173,PyTorch
AI09173,Data Visualization
AI09173,Python
AI09173,Mathematics
AI09174,Hadoop
AI09174,Tableau
AI09174,Deep Learning
AI09175,Computer Vision
AI09175,SQL
AI09175,Mathematics
AI09175,Docker
AI09176,Mathematics
AI09176,Azure
AI09176,PyTorch
AI09176,R
AI09176,Linux
AI09177,R
AI09177,Kubernetes
AI09177,Statistics
AI09177,NLP
AI09178,SQL
AI09178,Spark
AI09178,NLP
AI09178,PyTorch
AI09178,Kubernetes
AI09179,GCP
AI09179,SQL
AI09179,Tableau
AI09179,MLOps
AI09180,AWS
AI09180,Mathematics
AI09180,Tableau
AI09181,Python
AI09181,Tableau
AI09181,Hadoop
AI09181,TensorFlow
AI09182,SQL
AI09182,Scala
AI09182,TensorFlow
AI09182,Data Visualization
AI09183,Python
AI09183,AWS
AI09183,Java
AI09183,Statistics
AI09183,Deep Learning
AI09184,Linux
AI09184,SQL
AI09184,Tableau
AI09185,TensorFlow
AI09185,Spark
AI09185,Data Visualization
AI09185,AWS
AI09186,R
AI09186,Scala
AI09186,SQL
AI09186,Docker
AI09187,Hadoop
AI09187,Deep Learning
AI09187,GCP
AI09188,MLOps
AI09188,SQL
AI09188,Java
AI09188,Hadoop
AI09189,Scala
AI09189,NLP
AI09189,Python
AI09190,Linux
AI09190,AWS
AI09190,NLP
AI09190,R
AI09190,GCP
AI09191,Mathematics
AI09191,Git
AI09191,Kubernetes
AI09191,MLOps
AI09191,Hadoop
AI09192,Linux
AI09192,GCP
AI09192,Tableau
AI09192,Docker
AI09192,Computer Vision
AI09193,Linux
AI09193,Python
AI09193,Scala
AI09194,Python
AI09194,TensorFlow
AI09194,Deep Learning
AI09194,Mathematics
AI09195,Hadoop
AI09195,PyTorch
AI09195,Git
AI09195,Linux
AI09195,Scala
AI09196,Java
AI09196,Scala
AI09196,Mathematics
AI09196,Python
AI09197,Tableau
AI09197,AWS
AI09197,GCP
AI09197,Python
AI09198,Scala
AI09198,Tableau
AI09198,Python
AI09199,Kubernetes
AI09199,Scala
AI09199,Data Visualization
AI09199,Tableau
AI09199,Spark
AI09200,Azure
AI09200,Java
AI09200,R
AI09200,MLOps
AI09201,GCP
AI09201,NLP
AI09201,Git
AI09201,TensorFlow
AI09201,Scala
AI09202,Docker
AI09202,Mathematics
AI09202,Hadoop
AI09202,Linux
AI09203,Computer Vision
AI09203,Kubernetes
AI09203,TensorFlow
AI09204,Git
AI09204,Mathematics
AI09204,PyTorch
AI09204,Kubernetes
AI09205,Java
AI09205,NLP
AI09205,GCP
AI09206,Azure
AI09206,Computer Vision
AI09206,MLOps
AI09207,PyTorch
AI09207,Azure
AI09207,Data Visualization
AI09207,TensorFlow
AI09208,Kubernetes
AI09208,Java
AI09208,Azure
AI09208,Mathematics
AI09208,SQL
AI09209,Deep Learning
AI09209,Hadoop
AI09209,SQL
AI09210,Docker
AI09210,Git
AI09210,Mathematics
AI09211,Python
AI09211,Kubernetes
AI09211,Deep Learning
AI09211,Mathematics
AI09212,Linux
AI09212,Python
AI09212,Scala
AI09212,Deep Learning
AI09213,Spark
AI09213,AWS
AI09213,GCP
AI09214,SQL
AI09214,PyTorch
AI09214,MLOps
AI09214,Linux
AI09214,Hadoop
AI09215,Hadoop
AI09215,Deep Learning
AI09215,MLOps
AI09216,NLP
AI09216,PyTorch
AI09216,Data Visualization
AI09216,Docker
AI09217,Python
AI09217,Kubernetes
AI09217,Data Visualization
AI09217,TensorFlow
AI09218,PyTorch
AI09218,Python
AI09218,GCP
AI09218,Kubernetes
AI09219,Scala
AI09219,Python
AI09219,MLOps
AI09220,PyTorch
AI09220,R
AI09220,Computer Vision
AI09220,TensorFlow
AI09221,Spark
AI09221,MLOps
AI09221,Scala
AI09221,Computer Vision
AI09221,NLP
AI09222,Scala
AI09222,Data Visualization
AI09222,Python
AI09222,GCP
AI09222,Azure
AI09223,SQL
AI09223,AWS
AI09223,Tableau
AI09224,GCP
AI09224,Git
AI09224,Spark
AI09224,SQL
AI09225,SQL
AI09225,GCP
AI09225,Azure
AI09225,PyTorch
AI09226,GCP
AI09226,TensorFlow
AI09226,Tableau
AI09227,SQL
AI09227,Tableau
AI09227,Hadoop
AI09228,NLP
AI09228,AWS
AI09228,Python
AI09228,GCP
AI09228,Kubernetes
AI09229,Kubernetes
AI09229,Hadoop
AI09229,Python
AI09229,Computer Vision
AI09229,GCP
AI09230,MLOps
AI09230,GCP
AI09230,TensorFlow
AI09230,Docker
AI09231,Scala
AI09231,Data Visualization
AI09231,Tableau
AI09231,GCP
AI09232,Data Visualization
AI09232,Java
AI09232,Tableau
AI09232,TensorFlow
AI09232,Docker
AI09233,Docker
AI09233,Git
AI09233,Python
AI09233,SQL
AI09234,GCP
AI09234,Spark
AI09234,Linux
AI09234,TensorFlow
AI09234,Python
AI09235,Spark
AI09235,R
AI09235,Deep Learning
AI09235,Scala
AI09235,NLP
AI09236,Git
AI09236,Java
AI09236,Computer Vision
AI09236,SQL
AI09236,Mathematics
AI09237,Azure
AI09237,Docker
AI09237,GCP
AI09237,Statistics
AI09238,SQL
AI09238,Tableau
AI09238,Java
AI09239,Mathematics
AI09239,Python
AI09239,GCP
AI09240,PyTorch
AI09240,TensorFlow
AI09240,Data Visualization
AI09240,Docker
AI09240,SQL
AI09241,TensorFlow
AI09241,AWS
AI09241,Mathematics
AI09241,Computer Vision
AI09242,Hadoop
AI09242,Python
AI09242,Scala
AI09243,PyTorch
AI09243,Hadoop
AI09243,Data Visualization
AI09243,NLP
AI09243,Statistics
AI09244,Data Visualization
AI09244,R
AI09244,Statistics
AI09244,PyTorch
AI09244,SQL
AI09245,Java
AI09245,R
AI09245,NLP
AI09245,SQL
AI09245,PyTorch
AI09246,MLOps
AI09246,Python
AI09246,Git
AI09246,Scala
AI09246,TensorFlow
AI09247,Mathematics
AI09247,Kubernetes
AI09247,PyTorch
AI09247,Tableau
AI09248,NLP
AI09248,Docker
AI09248,Hadoop
AI09249,Deep Learning
AI09249,R
AI09249,SQL
AI09249,Mathematics
AI09249,NLP
AI09250,GCP
AI09250,PyTorch
AI09250,Python
AI09251,Hadoop
AI09251,Docker
AI09251,Data Visualization
AI09252,GCP
AI09252,NLP
AI09252,AWS
AI09252,TensorFlow
AI09252,MLOps
AI09253,Java
AI09253,Kubernetes
AI09253,SQL
AI09253,AWS
AI09253,Deep Learning
AI09254,Python
AI09254,Spark
AI09254,NLP
AI09255,Java
AI09255,TensorFlow
AI09255,PyTorch
AI09256,AWS
AI09256,Linux
AI09256,Scala
AI09256,Tableau
AI09257,Mathematics
AI09257,SQL
AI09257,Java
AI09257,Statistics
AI09257,Python
AI09258,PyTorch
AI09258,Java
AI09258,Tableau
AI09258,Mathematics
AI09258,Deep Learning
AI09259,Python
AI09259,Git
AI09259,MLOps
AI09260,Computer Vision
AI09260,Statistics
AI09260,PyTorch
AI09260,Git
AI09261,R
AI09261,Statistics
AI09261,SQL
AI09261,Hadoop
AI09262,Azure
AI09262,Tableau
AI09262,GCP
AI09263,Git
AI09263,GCP
AI09263,Hadoop
AI09263,Computer Vision
AI09264,Computer Vision
AI09264,Python
AI09264,Deep Learning
AI09264,Azure
AI09265,Java
AI09265,Scala
AI09265,Tableau
AI09265,Azure
AI09266,Git
AI09266,GCP
AI09266,MLOps
AI09266,Spark
AI09266,Scala
AI09267,Python
AI09267,TensorFlow
AI09267,Docker
AI09267,Deep Learning
AI09268,Git
AI09268,Scala
AI09268,Python
AI09268,Spark
AI09268,Docker
AI09269,TensorFlow
AI09269,MLOps
AI09269,Data Visualization
AI09270,Git
AI09270,Deep Learning
AI09270,Java
AI09270,Data Visualization
AI09270,R
AI09271,NLP
AI09271,Git
AI09271,Linux
AI09272,Deep Learning
AI09272,Docker
AI09272,Spark
AI09272,Kubernetes
AI09273,Scala
AI09273,R
AI09273,GCP
AI09273,Data Visualization
AI09273,Hadoop
AI09274,Tableau
AI09274,Python
AI09274,Deep Learning
AI09274,TensorFlow
AI09275,Kubernetes
AI09275,Java
AI09275,AWS
AI09276,Linux
AI09276,Statistics
AI09276,Computer Vision
AI09276,SQL
AI09276,MLOps
AI09277,Linux
AI09277,Python
AI09277,TensorFlow
AI09277,Hadoop
AI09277,Statistics
AI09278,TensorFlow
AI09278,Kubernetes
AI09278,R
AI09279,Spark
AI09279,Scala
AI09279,GCP
AI09279,TensorFlow
AI09280,Docker
AI09280,Kubernetes
AI09280,Deep Learning
AI09281,Python
AI09281,TensorFlow
AI09281,MLOps
AI09281,Java
AI09281,SQL
AI09282,Mathematics
AI09282,Python
AI09282,AWS
AI09283,MLOps
AI09283,NLP
AI09283,Python
AI09283,Scala
AI09283,TensorFlow
AI09284,TensorFlow
AI09284,NLP
AI09284,Hadoop
AI09284,SQL
AI09285,Git
AI09285,Linux
AI09285,Python
AI09285,Mathematics
AI09285,SQL
AI09286,R
AI09286,Docker
AI09286,GCP
AI09287,Linux
AI09287,MLOps
AI09287,Git
AI09287,PyTorch
AI09288,Linux
AI09288,AWS
AI09288,Deep Learning
AI09288,Python
AI09289,SQL
AI09289,Computer Vision
AI09289,Data Visualization
AI09290,AWS
AI09290,SQL
AI09290,MLOps
AI09290,PyTorch
AI09291,R
AI09291,PyTorch
AI09291,Spark
AI09291,Mathematics
AI09291,Azure
AI09292,Azure
AI09292,R
AI09292,Scala
AI09292,Tableau
AI09293,Tableau
AI09293,NLP
AI09293,PyTorch
AI09294,R
AI09294,AWS
AI09294,GCP
AI09294,Linux
AI09294,Tableau
AI09295,Mathematics
AI09295,Linux
AI09295,Tableau
AI09296,Git
AI09296,Tableau
AI09296,R
AI09297,Mathematics
AI09297,Computer Vision
AI09297,Hadoop
AI09298,NLP
AI09298,SQL
AI09298,Kubernetes
AI09299,GCP
AI09299,Git
AI09299,Statistics
AI09299,Computer Vision
AI09299,Java
AI09300,Data Visualization
AI09300,TensorFlow
AI09300,Python
AI09300,Linux
AI09301,R
AI09301,TensorFlow
AI09301,MLOps
AI09302,TensorFlow
AI09302,Mathematics
AI09302,Data Visualization
AI09302,Deep Learning
AI09302,NLP
AI09303,AWS
AI09303,R
AI09303,Deep Learning
AI09303,PyTorch
AI09303,Tableau
AI09304,Spark
AI09304,Deep Learning
AI09304,Kubernetes
AI09304,R
AI09304,SQL
AI09305,MLOps
AI09305,Linux
AI09305,Hadoop
AI09305,AWS
AI09305,PyTorch
AI09306,Java
AI09306,Python
AI09306,Statistics
AI09306,MLOps
AI09306,Mathematics
AI09307,Docker
AI09307,TensorFlow
AI09307,Scala
AI09307,Python
AI09308,Azure
AI09308,Kubernetes
AI09308,PyTorch
AI09308,SQL
AI09309,Spark
AI09309,Azure
AI09309,SQL
AI09309,Scala
AI09310,AWS
AI09310,Kubernetes
AI09310,Linux
AI09310,MLOps
AI09310,Computer Vision
AI09311,SQL
AI09311,Spark
AI09311,Linux
AI09311,Java
AI09312,Tableau
AI09312,Hadoop
AI09312,Statistics
AI09312,Python
AI09313,Linux
AI09313,PyTorch
AI09313,Spark
AI09313,TensorFlow
AI09313,Mathematics
AI09314,Git
AI09314,Data Visualization
AI09314,Hadoop
AI09315,TensorFlow
AI09315,SQL
AI09315,Linux
AI09315,Statistics
AI09315,Git
AI09316,Java
AI09316,Azure
AI09316,Mathematics
AI09316,Deep Learning
AI09316,Tableau
AI09317,Linux
AI09317,Mathematics
AI09317,Tableau
AI09317,Git
AI09318,TensorFlow
AI09318,Tableau
AI09318,Kubernetes
AI09318,Linux
AI09319,Java
AI09319,Deep Learning
AI09319,NLP
AI09319,Scala
AI09319,Computer Vision
AI09320,Computer Vision
AI09320,GCP
AI09320,PyTorch
AI09321,Scala
AI09321,Java
AI09321,Statistics
AI09322,Java
AI09322,Spark
AI09322,Data Visualization
AI09322,Scala
AI09323,Hadoop
AI09323,GCP
AI09323,Azure
AI09324,Scala
AI09324,SQL
AI09324,MLOps
AI09324,PyTorch
AI09325,SQL
AI09325,Java
AI09325,GCP
AI09325,R
AI09325,AWS
AI09326,Scala
AI09326,Tableau
AI09326,Kubernetes
AI09327,GCP
AI09327,Statistics
AI09327,Python
AI09328,Java
AI09328,Kubernetes
AI09328,Python
AI09329,Kubernetes
AI09329,Python
AI09329,Scala
AI09329,Git
AI09329,Computer Vision
AI09330,SQL
AI09330,Linux
AI09330,Docker
AI09331,Python
AI09331,TensorFlow
AI09331,GCP
AI09332,NLP
AI09332,Mathematics
AI09332,GCP
AI09332,R
AI09333,Kubernetes
AI09333,Java
AI09333,GCP
AI09333,Python
AI09334,Scala
AI09334,Git
AI09334,Java
AI09334,Spark
AI09335,SQL
AI09335,TensorFlow
AI09335,Data Visualization
AI09336,Deep Learning
AI09336,MLOps
AI09336,Scala
AI09336,NLP
AI09336,GCP
AI09337,Kubernetes
AI09337,MLOps
AI09337,PyTorch
AI09337,Deep Learning
AI09337,R
AI09338,SQL
AI09338,PyTorch
AI09338,Computer Vision
AI09339,Python
AI09339,Java
AI09339,Computer Vision
AI09340,GCP
AI09340,Python
AI09340,Tableau
AI09340,MLOps
AI09340,Deep Learning
AI09341,Git
AI09341,AWS
AI09341,Deep Learning
AI09342,PyTorch
AI09342,R
AI09342,Docker
AI09343,Linux
AI09343,Deep Learning
AI09343,Python
AI09343,Kubernetes
AI09344,R
AI09344,GCP
AI09344,Kubernetes
AI09345,Tableau
AI09345,PyTorch
AI09345,AWS
AI09346,Linux
AI09346,Deep Learning
AI09346,Tableau
AI09346,PyTorch
AI09347,PyTorch
AI09347,Java
AI09347,Mathematics
AI09347,Spark
AI09348,Python
AI09348,AWS
AI09348,Azure
AI09348,NLP
AI09349,Hadoop
AI09349,PyTorch
AI09349,Kubernetes
AI09349,Mathematics
AI09350,Data Visualization
AI09350,Java
AI09350,TensorFlow
AI09350,Computer Vision
AI09351,TensorFlow
AI09351,Azure
AI09351,Data Visualization
AI09351,SQL
AI09351,Deep Learning
AI09352,Kubernetes
AI09352,Git
AI09352,Linux
AI09352,Tableau
AI09352,TensorFlow
AI09353,Statistics
AI09353,Mathematics
AI09353,Tableau
AI09354,Data Visualization
AI09354,AWS
AI09354,Docker
AI09354,Kubernetes
AI09355,NLP
AI09355,Data Visualization
AI09355,Docker
AI09355,Spark
AI09356,MLOps
AI09356,Data Visualization
AI09356,Git
AI09356,Computer Vision
AI09357,Data Visualization
AI09357,Hadoop
AI09357,Git
AI09357,Deep Learning
AI09357,Computer Vision
AI09358,R
AI09358,SQL
AI09358,Mathematics
AI09358,Hadoop
AI09358,NLP
AI09359,Data Visualization
AI09359,Computer Vision
AI09359,Java
AI09359,Hadoop
AI09359,Spark
AI09360,Python
AI09360,R
AI09360,Java
AI09360,Hadoop
AI09360,Computer Vision
AI09361,Hadoop
AI09361,TensorFlow
AI09361,Python
AI09361,Linux
AI09362,Spark
AI09362,Git
AI09362,NLP
AI09362,TensorFlow
AI09362,R
AI09363,R
AI09363,Hadoop
AI09363,Git
AI09363,Spark
AI09364,Git
AI09364,Java
AI09364,Scala
AI09365,AWS
AI09365,GCP
AI09365,SQL
AI09366,Git
AI09366,SQL
AI09366,MLOps
AI09367,Git
AI09367,SQL
AI09367,Computer Vision
AI09367,Deep Learning
AI09368,Scala
AI09368,Git
AI09368,Deep Learning
AI09369,TensorFlow
AI09369,Python
AI09369,GCP
AI09370,Kubernetes
AI09370,Statistics
AI09370,Computer Vision
AI09370,Deep Learning
AI09370,Linux
AI09371,R
AI09371,Scala
AI09371,NLP
AI09372,Tableau
AI09372,Scala
AI09372,Python
AI09372,Docker
AI09372,TensorFlow
AI09373,TensorFlow
AI09373,Python
AI09373,NLP
AI09373,Computer Vision
AI09373,SQL
AI09374,R
AI09374,PyTorch
AI09374,Computer Vision
AI09375,Azure
AI09375,Hadoop
AI09375,Kubernetes
AI09376,Spark
AI09376,TensorFlow
AI09376,Mathematics
AI09377,Kubernetes
AI09377,PyTorch
AI09377,Tableau
AI09377,Java
AI09377,Computer Vision
AI09378,PyTorch
AI09378,Hadoop
AI09378,Computer Vision
AI09378,Data Visualization
AI09378,Linux
AI09379,Git
AI09379,Deep Learning
AI09379,Computer Vision
AI09380,NLP
AI09380,Spark
AI09380,Deep Learning
AI09380,PyTorch
AI09380,Docker
AI09381,R
AI09381,TensorFlow
AI09381,Azure
AI09381,AWS
AI09382,Docker
AI09382,GCP
AI09382,MLOps
AI09382,Data Visualization
AI09383,R
AI09383,Scala
AI09383,Docker
AI09383,NLP
AI09383,Deep Learning
AI09384,Git
AI09384,SQL
AI09384,NLP
AI09384,GCP
AI09385,Python
AI09385,Kubernetes
AI09385,Docker
AI09386,Python
AI09386,MLOps
AI09386,Hadoop
AI09386,TensorFlow
AI09386,Deep Learning
AI09387,Java
AI09387,AWS
AI09387,R
AI09387,Computer Vision
AI09387,Azure
AI09388,GCP
AI09388,SQL
AI09388,Linux
AI09388,Data Visualization
AI09388,Statistics
AI09389,Mathematics
AI09389,Python
AI09389,Java
AI09389,Scala
AI09389,Statistics
AI09390,Scala
AI09390,Docker
AI09390,Tableau
AI09390,Statistics
AI09390,Mathematics
AI09391,PyTorch
AI09391,Tableau
AI09391,SQL
AI09391,NLP
AI09391,Spark
AI09392,Tableau
AI09392,Statistics
AI09392,Java
AI09392,Scala
AI09392,MLOps
AI09393,MLOps
AI09393,Tableau
AI09393,Azure
AI09393,PyTorch
AI09393,Data Visualization
AI09394,Azure
AI09394,Computer Vision
AI09394,GCP
AI09394,Docker
AI09394,MLOps
AI09395,Data Visualization
AI09395,Python
AI09395,PyTorch
AI09395,SQL
AI09395,Hadoop
AI09396,Python
AI09396,Data Visualization
AI09396,Deep Learning
AI09396,Tableau
AI09397,AWS
AI09397,TensorFlow
AI09397,R
AI09397,GCP
AI09398,Tableau
AI09398,R
AI09398,Python
AI09398,TensorFlow
AI09398,Docker
AI09399,Kubernetes
AI09399,Mathematics
AI09399,Data Visualization
AI09400,PyTorch
AI09400,Data Visualization
AI09400,Scala
AI09401,PyTorch
AI09401,AWS
AI09401,Java
AI09401,Statistics
AI09401,Computer Vision
AI09402,Python
AI09402,Git
AI09402,Deep Learning
AI09402,Spark
AI09402,Statistics
AI09403,Azure
AI09403,Statistics
AI09403,Python
AI09403,Kubernetes
AI09403,TensorFlow
AI09404,Deep Learning
AI09404,SQL
AI09404,Tableau
AI09405,Java
AI09405,PyTorch
AI09405,Scala
AI09406,Tableau
AI09406,MLOps
AI09406,TensorFlow
AI09407,Scala
AI09407,Hadoop
AI09407,Kubernetes
AI09407,Mathematics
AI09407,Azure
AI09408,NLP
AI09408,Docker
AI09408,Kubernetes
AI09408,Scala
AI09408,Mathematics
AI09409,R
AI09409,Spark
AI09409,SQL
AI09410,Linux
AI09410,Hadoop
AI09410,Kubernetes
AI09410,Tableau
AI09410,TensorFlow
AI09411,Python
AI09411,NLP
AI09411,Kubernetes
AI09411,PyTorch
AI09411,Linux
AI09412,Python
AI09412,TensorFlow
AI09412,NLP
AI09412,PyTorch
AI09412,Deep Learning
AI09413,MLOps
AI09413,Data Visualization
AI09413,Java
AI09413,Spark
AI09413,Git
AI09414,NLP
AI09414,Python
AI09414,Deep Learning
AI09414,Java
AI09415,R
AI09415,SQL
AI09415,AWS
AI09416,Scala
AI09416,Computer Vision
AI09416,MLOps
AI09416,Kubernetes
AI09416,Git
AI09417,PyTorch
AI09417,Python
AI09417,Tableau
AI09417,Statistics
AI09418,Spark
AI09418,Git
AI09418,Python
AI09418,Scala
AI09419,Scala
AI09419,Java
AI09419,Python
AI09419,Hadoop
AI09420,NLP
AI09420,PyTorch
AI09420,Spark
AI09421,Data Visualization
AI09421,Kubernetes
AI09421,Python
AI09421,R
AI09421,Java
AI09422,Hadoop
AI09422,Python
AI09422,Spark
AI09422,Scala
AI09422,TensorFlow
AI09423,Scala
AI09423,Java
AI09423,Python
AI09424,SQL
AI09424,Python
AI09424,TensorFlow
AI09424,Statistics
AI09424,Git
AI09425,Spark
AI09425,MLOps
AI09425,Linux
AI09426,Hadoop
AI09426,R
AI09426,Scala
AI09426,Java
AI09426,NLP
AI09427,Docker
AI09427,TensorFlow
AI09427,Tableau
AI09427,GCP
AI09427,SQL
AI09428,PyTorch
AI09428,TensorFlow
AI09428,Python
AI09429,GCP
AI09429,Statistics
AI09429,Data Visualization
AI09429,Spark
AI09430,Scala
AI09430,Kubernetes
AI09430,SQL
AI09430,GCP
AI09431,Java
AI09431,Python
AI09431,Data Visualization
AI09431,Linux
AI09432,Python
AI09432,Statistics
AI09432,Spark
AI09433,Git
AI09433,Java
AI09433,Python
AI09433,TensorFlow
AI09433,Deep Learning
AI09434,Docker
AI09434,R
AI09434,MLOps
AI09435,Docker
AI09435,Kubernetes
AI09435,Hadoop
AI09435,Linux
AI09436,Hadoop
AI09436,Spark
AI09436,Python
AI09436,Docker
AI09436,Statistics
AI09437,R
AI09437,Data Visualization
AI09437,SQL
AI09437,GCP
AI09438,MLOps
AI09438,Spark
AI09438,Python
AI09439,Python
AI09439,NLP
AI09439,Linux
AI09439,Git
AI09440,Computer Vision
AI09440,Python
AI09440,MLOps
AI09440,Spark
AI09440,TensorFlow
AI09441,Kubernetes
AI09441,Python
AI09441,TensorFlow
AI09441,Computer Vision
AI09442,Deep Learning
AI09442,GCP
AI09442,Python
AI09442,Docker
AI09443,Tableau
AI09443,Data Visualization
AI09443,Python
AI09444,Scala
AI09444,MLOps
AI09444,GCP
AI09445,Python
AI09445,Git
AI09445,Java
AI09446,Data Visualization
AI09446,NLP
AI09446,Tableau
AI09446,SQL
AI09446,Azure
AI09447,SQL
AI09447,R
AI09447,PyTorch
AI09448,Spark
AI09448,Computer Vision
AI09448,Data Visualization
AI09448,AWS
AI09449,Linux
AI09449,Python
AI09449,Computer Vision
AI09449,Scala
AI09450,AWS
AI09450,Hadoop
AI09450,Statistics
AI09451,SQL
AI09451,Kubernetes
AI09451,Azure
AI09451,Data Visualization
AI09452,TensorFlow
AI09452,Python
AI09452,Tableau
AI09452,Statistics
AI09452,Kubernetes
AI09453,Git
AI09453,Deep Learning
AI09453,Python
AI09453,Scala
AI09453,Azure
AI09454,Spark
AI09454,SQL
AI09454,Python
AI09454,Mathematics
AI09454,Kubernetes
AI09455,TensorFlow
AI09455,R
AI09455,Tableau
AI09455,Scala
AI09455,PyTorch
AI09456,SQL
AI09456,PyTorch
AI09456,Statistics
AI09456,Deep Learning
AI09456,Data Visualization
AI09457,R
AI09457,GCP
AI09457,Docker
AI09457,Linux
AI09457,Kubernetes
AI09458,SQL
AI09458,Kubernetes
AI09458,Scala
AI09458,Docker
AI09458,Statistics
AI09459,Kubernetes
AI09459,Mathematics
AI09459,PyTorch
AI09459,Azure
AI09459,Java
AI09460,TensorFlow
AI09460,Linux
AI09460,Docker
AI09461,Java
AI09461,Kubernetes
AI09461,MLOps
AI09462,Python
AI09462,GCP
AI09462,Deep Learning
AI09462,Git
AI09462,Tableau
AI09463,Deep Learning
AI09463,Kubernetes
AI09463,R
AI09463,AWS
AI09463,Spark
AI09464,Linux
AI09464,R
AI09464,Scala
AI09465,TensorFlow
AI09465,Mathematics
AI09465,Linux
AI09465,PyTorch
AI09466,GCP
AI09466,Hadoop
AI09466,Docker
AI09467,Scala
AI09467,Python
AI09467,NLP
AI09468,Scala
AI09468,SQL
AI09468,TensorFlow
AI09469,SQL
AI09469,Azure
AI09469,R
AI09469,GCP
AI09469,Spark
AI09470,Statistics
AI09470,TensorFlow
AI09470,PyTorch
AI09471,Scala
AI09471,R
AI09471,Java
AI09471,NLP
AI09471,Azure
AI09472,NLP
AI09472,Azure
AI09472,Data Visualization
AI09473,Computer Vision
AI09473,Spark
AI09473,MLOps
AI09474,Kubernetes
AI09474,Docker
AI09474,Python
AI09475,PyTorch
AI09475,Git
AI09475,Data Visualization
AI09475,Computer Vision
AI09475,Deep Learning
AI09476,Mathematics
AI09476,Scala
AI09476,Docker
AI09476,MLOps
AI09477,GCP
AI09477,Spark
AI09477,Java
AI09478,Kubernetes
AI09478,Statistics
AI09478,Hadoop
AI09478,Deep Learning
AI09478,AWS
AI09479,Spark
AI09479,SQL
AI09479,NLP
AI09479,Python
AI09479,Computer Vision
AI09480,Kubernetes
AI09480,Hadoop
AI09480,Git
AI09480,Azure
AI09480,Linux
AI09481,Scala
AI09481,Python
AI09481,TensorFlow
AI09482,Linux
AI09482,MLOps
AI09482,Tableau
AI09482,Python
AI09483,Git
AI09483,Python
AI09483,MLOps
AI09484,Tableau
AI09484,Linux
AI09484,Azure
AI09484,Deep Learning
AI09484,Scala
AI09485,MLOps
AI09485,SQL
AI09485,PyTorch
AI09486,Kubernetes
AI09486,Java
AI09486,Data Visualization
AI09487,Python
AI09487,Deep Learning
AI09487,TensorFlow
AI09487,Data Visualization
AI09487,Spark
AI09488,Docker
AI09488,Spark
AI09488,NLP
AI09489,Spark
AI09489,Deep Learning
AI09489,Python
AI09489,Docker
AI09489,Git
AI09490,Docker
AI09490,Azure
AI09490,MLOps
AI09490,Tableau
AI09490,TensorFlow
AI09491,Hadoop
AI09491,Scala
AI09491,SQL
AI09491,Azure
AI09492,SQL
AI09492,Python
AI09492,TensorFlow
AI09492,AWS
AI09493,NLP
AI09493,GCP
AI09493,Python
AI09493,Kubernetes
AI09493,Hadoop
AI09494,SQL
AI09494,NLP
AI09494,Mathematics
AI09495,Hadoop
AI09495,Scala
AI09495,TensorFlow
AI09495,Data Visualization
AI09496,Deep Learning
AI09496,Java
AI09496,Scala
AI09496,Statistics
AI09497,Hadoop
AI09497,PyTorch
AI09497,SQL
AI09498,Azure
AI09498,Data Visualization
AI09498,Python
AI09499,Python
AI09499,Linux
AI09499,Statistics
AI09500,R
AI09500,Spark
AI09500,Python
AI09501,Hadoop
AI09501,Git
AI09501,Deep Learning
AI09501,Statistics
AI09501,Python
AI09502,Java
AI09502,Linux
AI09502,MLOps
AI09503,Mathematics
AI09503,R
AI09503,Hadoop
AI09504,Git
AI09504,Hadoop
AI09504,Mathematics
AI09505,Kubernetes
AI09505,SQL
AI09505,MLOps
AI09505,Git
AI09505,R
AI09506,Python
AI09506,AWS
AI09506,Data Visualization
AI09507,Statistics
AI09507,Git
AI09507,Tableau
AI09507,TensorFlow
AI09508,Mathematics
AI09508,Hadoop
AI09508,Deep Learning
AI09508,Computer Vision
AI09509,MLOps
AI09509,Deep Learning
AI09509,Spark
AI09509,NLP
AI09509,R
AI09510,Python
AI09510,TensorFlow
AI09510,MLOps
AI09511,Hadoop
AI09511,Tableau
AI09511,MLOps
AI09511,Scala
AI09511,SQL
AI09512,Python
AI09512,Tableau
AI09512,SQL
AI09512,Azure
AI09513,Spark
AI09513,Statistics
AI09513,Scala
AI09514,Kubernetes
AI09514,Git
AI09514,Tableau
AI09514,Computer Vision
AI09514,Scala
AI09515,Python
AI09515,Kubernetes
AI09515,Linux
AI09515,PyTorch
AI09516,Spark
AI09516,Git
AI09516,TensorFlow
AI09517,Data Visualization
AI09517,Mathematics
AI09517,Java
AI09517,Computer Vision
AI09518,Docker
AI09518,TensorFlow
AI09518,SQL
AI09518,Java
AI09519,Linux
AI09519,Tableau
AI09519,TensorFlow
AI09520,Data Visualization
AI09520,Kubernetes
AI09520,Mathematics
AI09520,Java
AI09521,Deep Learning
AI09521,Computer Vision
AI09521,NLP
AI09521,Git
AI09522,Tableau
AI09522,SQL
AI09522,PyTorch
AI09522,NLP
AI09523,PyTorch
AI09523,Python
AI09523,Git
AI09523,Java
AI09523,AWS
AI09524,NLP
AI09524,SQL
AI09524,MLOps
AI09524,Data Visualization
AI09525,SQL
AI09525,Python
AI09525,Java
AI09525,R
AI09526,Docker
AI09526,Hadoop
AI09526,NLP
AI09526,GCP
AI09527,Docker
AI09527,Python
AI09527,PyTorch
AI09527,AWS
AI09528,Python
AI09528,Hadoop
AI09528,TensorFlow
AI09529,Kubernetes
AI09529,Mathematics
AI09529,MLOps
AI09529,Git
AI09529,Computer Vision
AI09530,Python
AI09530,Azure
AI09530,Computer Vision
AI09531,GCP
AI09531,Kubernetes
AI09531,Computer Vision
AI09531,Mathematics
AI09531,Spark
AI09532,R
AI09532,Spark
AI09532,MLOps
AI09532,Computer Vision
AI09533,Java
AI09533,Hadoop
AI09533,Kubernetes
AI09533,Scala
AI09534,Spark
AI09534,Docker
AI09534,Git
AI09535,Java
AI09535,Mathematics
AI09535,Computer Vision
AI09535,Data Visualization
AI09535,Python
AI09536,PyTorch
AI09536,Kubernetes
AI09536,Docker
AI09537,Scala
AI09537,Statistics
AI09537,PyTorch
AI09537,Git
AI09538,NLP
AI09538,Java
AI09538,Git
AI09538,Python
AI09539,Python
AI09539,Scala
AI09539,Azure
AI09540,Deep Learning
AI09540,GCP
AI09540,PyTorch
AI09540,Computer Vision
AI09540,Hadoop
AI09541,GCP
AI09541,Azure
AI09541,Data Visualization
AI09541,TensorFlow
AI09542,Git
AI09542,SQL
AI09542,Linux
AI09542,Scala
AI09542,Statistics
AI09543,Git
AI09543,SQL
AI09543,Mathematics
AI09543,Kubernetes
AI09544,Deep Learning
AI09544,Docker
AI09544,Python
AI09544,Kubernetes
AI09545,R
AI09545,Java
AI09545,AWS
AI09546,SQL
AI09546,Statistics
AI09546,Spark
AI09546,Mathematics
AI09547,Python
AI09547,PyTorch
AI09547,Computer Vision
AI09548,Scala
AI09548,Deep Learning
AI09548,Hadoop
AI09548,Spark
AI09548,SQL
AI09549,Kubernetes
AI09549,Data Visualization
AI09549,Deep Learning
AI09549,PyTorch
AI09550,Scala
AI09550,Python
AI09550,Computer Vision
AI09550,Linux
AI09551,Python
AI09551,Azure
AI09551,Spark
AI09551,TensorFlow
AI09552,Python
AI09552,Kubernetes
AI09552,Mathematics
AI09553,Java
AI09553,R
AI09553,Azure
AI09553,SQL
AI09553,MLOps
AI09554,Docker
AI09554,Java
AI09554,R
AI09554,Deep Learning
AI09555,Spark
AI09555,Linux
AI09555,Deep Learning
AI09555,Azure
AI09556,Python
AI09556,SQL
AI09556,R
AI09556,MLOps
AI09556,TensorFlow
AI09557,R
AI09557,TensorFlow
AI09557,Python
AI09557,Computer Vision
AI09558,Scala
AI09558,MLOps
AI09558,Git
AI09558,Kubernetes
AI09559,Scala
AI09559,SQL
AI09559,Azure
AI09559,Spark
AI09559,R
AI09560,PyTorch
AI09560,Git
AI09560,Azure
AI09560,Spark
AI09560,Computer Vision
AI09561,Computer Vision
AI09561,GCP
AI09561,Python
AI09561,TensorFlow
AI09562,AWS
AI09562,Hadoop
AI09562,PyTorch
AI09563,SQL
AI09563,Kubernetes
AI09563,Data Visualization
AI09563,Spark
AI09564,Azure
AI09564,AWS
AI09564,R
AI09564,Mathematics
AI09564,Linux
AI09565,MLOps
AI09565,Python
AI09565,AWS
AI09565,Docker
AI09566,Tableau
AI09566,Deep Learning
AI09566,Python
AI09566,Docker
AI09566,SQL
AI09567,MLOps
AI09567,Scala
AI09567,Git
AI09567,Mathematics
AI09568,R
AI09568,TensorFlow
AI09568,Statistics
AI09569,Python
AI09569,Tableau
AI09569,Azure
AI09570,R
AI09570,SQL
AI09570,Deep Learning
AI09570,Kubernetes
AI09570,Tableau
AI09571,SQL
AI09571,Git
AI09571,Kubernetes
AI09571,Azure
AI09571,GCP
AI09572,Data Visualization
AI09572,Git
AI09572,Hadoop
AI09572,Mathematics
AI09572,Deep Learning
AI09573,R
AI09573,Git
AI09573,Docker
AI09574,Scala
AI09574,Spark
AI09574,Deep Learning
AI09574,Data Visualization
AI09575,Hadoop
AI09575,Python
AI09575,Linux
AI09575,Spark
AI09576,SQL
AI09576,PyTorch
AI09576,GCP
AI09577,Deep Learning
AI09577,Azure
AI09577,Scala
AI09577,Hadoop
AI09577,GCP
AI09578,Java
AI09578,Git
AI09578,Tableau
AI09578,Data Visualization
AI09578,TensorFlow
AI09579,Kubernetes
AI09579,Statistics
AI09579,MLOps
AI09579,TensorFlow
AI09579,GCP
AI09580,R
AI09580,Data Visualization
AI09580,SQL
AI09580,Java
AI09580,Spark
AI09581,Python
AI09581,Data Visualization
AI09581,Kubernetes
AI09581,Tableau
AI09582,Deep Learning
AI09582,Linux
AI09582,Mathematics
AI09583,R
AI09583,Linux
AI09583,Computer Vision
AI09583,SQL
AI09583,PyTorch
AI09584,Linux
AI09584,Kubernetes
AI09584,Mathematics
AI09585,Java
AI09585,R
AI09585,MLOps
AI09585,Statistics
AI09586,Mathematics
AI09586,Git
AI09586,MLOps
AI09586,Python
AI09587,Hadoop
AI09587,Java
AI09587,AWS
AI09587,Data Visualization
AI09588,Scala
AI09588,PyTorch
AI09588,Kubernetes
AI09588,Data Visualization
AI09588,Hadoop
AI09589,AWS
AI09589,MLOps
AI09589,Kubernetes
AI09590,Statistics
AI09590,SQL
AI09590,Azure
AI09590,AWS
AI09591,Git
AI09591,TensorFlow
AI09591,GCP
AI09592,GCP
AI09592,TensorFlow
AI09592,Spark
AI09592,Linux
AI09593,Python
AI09593,MLOps
AI09593,Mathematics
AI09594,Java
AI09594,Deep Learning
AI09594,Linux
AI09595,Tableau
AI09595,Java
AI09595,Git
AI09595,Mathematics
AI09595,R
AI09596,TensorFlow
AI09596,Tableau
AI09596,Kubernetes
AI09597,Python
AI09597,Kubernetes
AI09597,Scala
AI09597,Mathematics
AI09598,Spark
AI09598,Scala
AI09598,Python
AI09598,Kubernetes
AI09599,Python
AI09599,R
AI09599,Statistics
AI09599,Deep Learning
AI09600,Python
AI09600,Git
AI09600,Hadoop
AI09601,Azure
AI09601,MLOps
AI09601,Python
AI09602,Hadoop
AI09602,Docker
AI09602,Deep Learning
AI09602,AWS
AI09603,Docker
AI09603,Git
AI09603,MLOps
AI09603,NLP
AI09604,Git
AI09604,Java
AI09604,Tableau
AI09604,NLP
AI09604,Docker
AI09605,Hadoop
AI09605,AWS
AI09605,Computer Vision
AI09606,Mathematics
AI09606,Python
AI09606,NLP
AI09606,Tableau
AI09607,Spark
AI09607,Data Visualization
AI09607,MLOps
AI09607,SQL
AI09608,SQL
AI09608,Linux
AI09608,AWS
AI09608,Statistics
AI09609,Hadoop
AI09609,Computer Vision
AI09609,Kubernetes
AI09609,Java
AI09609,GCP
AI09610,AWS
AI09610,Kubernetes
AI09610,Tableau
AI09610,Data Visualization
AI09611,Spark
AI09611,Kubernetes
AI09611,Java
AI09612,MLOps
AI09612,Git
AI09612,GCP
AI09612,Data Visualization
AI09613,Python
AI09613,Spark
AI09613,Computer Vision
AI09613,MLOps
AI09613,Kubernetes
AI09614,TensorFlow
AI09614,Kubernetes
AI09614,Data Visualization
AI09614,PyTorch
AI09614,Docker
AI09615,Java
AI09615,Kubernetes
AI09615,Computer Vision
AI09615,Docker
AI09616,NLP
AI09616,GCP
AI09616,Hadoop
AI09617,Computer Vision
AI09617,Tableau
AI09617,SQL
AI09617,R
AI09618,SQL
AI09618,Mathematics
AI09618,NLP
AI09619,Linux
AI09619,Spark
AI09619,Docker
AI09619,SQL
AI09619,PyTorch
AI09620,Spark
AI09620,MLOps
AI09620,Linux
AI09620,Mathematics
AI09621,Hadoop
AI09621,Tableau
AI09621,AWS
AI09621,Kubernetes
AI09621,GCP
AI09622,Hadoop
AI09622,Scala
AI09622,Kubernetes
AI09622,AWS
AI09622,R
AI09623,AWS
AI09623,SQL
AI09623,Java
AI09623,Scala
AI09624,Scala
AI09624,Data Visualization
AI09624,Hadoop
AI09625,Data Visualization
AI09625,Java
AI09625,R
AI09626,Data Visualization
AI09626,Java
AI09626,Tableau
AI09626,SQL
AI09627,Scala
AI09627,Kubernetes
AI09627,Docker
AI09627,Deep Learning
AI09628,Spark
AI09628,Git
AI09628,Python
AI09629,Data Visualization
AI09629,Linux
AI09629,TensorFlow
AI09629,Kubernetes
AI09630,Computer Vision
AI09630,Git
AI09630,Kubernetes
AI09631,SQL
AI09631,Java
AI09631,NLP
AI09631,Spark
AI09631,Hadoop
AI09632,Git
AI09632,GCP
AI09632,SQL
AI09632,Linux
AI09633,Linux
AI09633,R
AI09633,MLOps
AI09633,Scala
AI09633,SQL
AI09634,Python
AI09634,Mathematics
AI09634,Hadoop
AI09635,GCP
AI09635,Computer Vision
AI09635,MLOps
AI09635,Python
AI09636,Scala
AI09636,PyTorch
AI09636,Git
AI09636,Spark
AI09637,TensorFlow
AI09637,R
AI09637,Docker
AI09638,MLOps
AI09638,Scala
AI09638,Deep Learning
AI09638,TensorFlow
AI09638,Python
AI09639,SQL
AI09639,Data Visualization
AI09639,PyTorch
AI09639,Java
AI09640,Git
AI09640,Deep Learning
AI09640,Python
AI09641,Git
AI09641,MLOps
AI09641,SQL
AI09641,Java
AI09641,AWS
AI09642,PyTorch
AI09642,Azure
AI09642,Kubernetes
AI09643,PyTorch
AI09643,AWS
AI09643,Deep Learning
AI09643,Statistics
AI09644,Linux
AI09644,Data Visualization
AI09644,GCP
AI09644,Deep Learning
AI09645,Java
AI09645,Spark
AI09645,NLP
AI09646,SQL
AI09646,Kubernetes
AI09646,Python
AI09646,Mathematics
AI09647,Tableau
AI09647,Java
AI09647,GCP
AI09647,Deep Learning
AI09647,R
AI09648,SQL
AI09648,Linux
AI09648,Computer Vision
AI09648,Data Visualization
AI09648,GCP
AI09649,PyTorch
AI09649,R
AI09649,MLOps
AI09650,Hadoop
AI09650,Python
AI09650,Scala
AI09651,Spark
AI09651,SQL
AI09651,Hadoop
AI09651,Computer Vision
AI09651,AWS
AI09652,Scala
AI09652,Python
AI09652,R
AI09653,Mathematics
AI09653,Computer Vision
AI09653,Linux
AI09653,Kubernetes
AI09654,Linux
AI09654,Spark
AI09654,Git
AI09654,PyTorch
AI09655,AWS
AI09655,Docker
AI09655,Data Visualization
AI09655,Tableau
AI09655,Azure
AI09656,Kubernetes
AI09656,NLP
AI09656,Hadoop
AI09656,SQL
AI09656,PyTorch
AI09657,Mathematics
AI09657,Scala
AI09657,Hadoop
AI09657,Kubernetes
AI09658,Deep Learning
AI09658,NLP
AI09658,Kubernetes
AI09658,AWS
AI09658,Mathematics
AI09659,Computer Vision
AI09659,Scala
AI09659,AWS
AI09660,Docker
AI09660,Scala
AI09660,R
AI09660,MLOps
AI09661,Computer Vision
AI09661,PyTorch
AI09661,AWS
AI09662,Linux
AI09662,MLOps
AI09662,Tableau
AI09662,PyTorch
AI09662,Docker
AI09663,PyTorch
AI09663,Docker
AI09663,Git
AI09664,Python
AI09664,Git
AI09664,MLOps
AI09664,Scala
AI09665,Kubernetes
AI09665,Data Visualization
AI09665,MLOps
AI09666,GCP
AI09666,Azure
AI09666,AWS
AI09667,NLP
AI09667,R
AI09667,MLOps
AI09667,SQL
AI09667,Spark
AI09668,Java
AI09668,AWS
AI09668,Hadoop
AI09669,Statistics
AI09669,Docker
AI09669,Tableau
AI09669,Computer Vision
AI09669,Linux
AI09670,Tableau
AI09670,SQL
AI09670,Java
AI09670,MLOps
AI09671,Deep Learning
AI09671,Spark
AI09671,Docker
AI09671,TensorFlow
AI09671,R
AI09672,Statistics
AI09672,Python
AI09672,Spark
AI09672,Scala
AI09673,Tableau
AI09673,Git
AI09673,GCP
AI09674,Deep Learning
AI09674,R
AI09674,Java
AI09674,Docker
AI09674,TensorFlow
AI09675,Scala
AI09675,R
AI09675,Azure
AI09675,Docker
AI09676,Deep Learning
AI09676,Computer Vision
AI09676,Kubernetes
AI09676,Git
AI09677,Data Visualization
AI09677,Python
AI09677,Spark
AI09677,TensorFlow
AI09677,Scala
AI09678,Computer Vision
AI09678,Hadoop
AI09678,Docker
AI09679,Kubernetes
AI09679,Python
AI09679,Docker
AI09680,Python
AI09680,Tableau
AI09680,Computer Vision
AI09680,Scala
AI09680,MLOps
AI09681,SQL
AI09681,GCP
AI09681,Tableau
AI09682,SQL
AI09682,Deep Learning
AI09682,Python
AI09683,Java
AI09683,Kubernetes
AI09683,TensorFlow
AI09683,Statistics
AI09684,Data Visualization
AI09684,GCP
AI09684,Spark
AI09684,R
AI09684,Tableau
AI09685,Java
AI09685,TensorFlow
AI09685,Docker
AI09685,AWS
AI09686,Python
AI09686,Deep Learning
AI09686,GCP
AI09687,Python
AI09687,TensorFlow
AI09687,Linux
AI09687,Statistics
AI09688,Azure
AI09688,Scala
AI09688,Data Visualization
AI09688,PyTorch
AI09688,SQL
AI09689,GCP
AI09689,Python
AI09689,Deep Learning
AI09690,Linux
AI09690,MLOps
AI09690,R
AI09690,Hadoop
AI09690,NLP
AI09691,Java
AI09691,Tableau
AI09691,PyTorch
AI09691,MLOps
AI09692,GCP
AI09692,Mathematics
AI09692,Deep Learning
AI09693,Linux
AI09693,Kubernetes
AI09693,Data Visualization
AI09693,Computer Vision
AI09694,Scala
AI09694,GCP
AI09694,Linux
AI09694,Python
AI09694,TensorFlow
AI09695,Spark
AI09695,Azure
AI09695,Hadoop
AI09695,Kubernetes
AI09695,Statistics
AI09696,TensorFlow
AI09696,NLP
AI09696,Docker
AI09696,Java
AI09696,Linux
AI09697,GCP
AI09697,Python
AI09697,Git
AI09698,AWS
AI09698,Statistics
AI09698,TensorFlow
AI09699,Java
AI09699,MLOps
AI09699,SQL
AI09699,PyTorch
AI09699,Azure
AI09700,Kubernetes
AI09700,Python
AI09700,Mathematics
AI09700,GCP
AI09700,MLOps
AI09701,Hadoop
AI09701,Docker
AI09701,Statistics
AI09701,Tableau
AI09701,GCP
AI09702,Scala
AI09702,R
AI09702,Statistics
AI09702,Kubernetes
AI09702,GCP
AI09703,Spark
AI09703,Kubernetes
AI09703,Hadoop
AI09704,Linux
AI09704,R
AI09704,GCP
AI09705,NLP
AI09705,Python
AI09705,TensorFlow
AI09706,Java
AI09706,Computer Vision
AI09706,Data Visualization
AI09707,Python
AI09707,Mathematics
AI09707,SQL
AI09707,Statistics
AI09708,Kubernetes
AI09708,Spark
AI09708,Python
AI09708,Azure
AI09708,Deep Learning
AI09709,Git
AI09709,Data Visualization
AI09709,TensorFlow
AI09710,Python
AI09710,Git
AI09710,TensorFlow
AI09710,Java
AI09710,Docker
AI09711,Statistics
AI09711,GCP
AI09711,AWS
AI09711,Kubernetes
AI09711,SQL
AI09712,R
AI09712,Python
AI09712,Kubernetes
AI09712,SQL
AI09712,Docker
AI09713,Git
AI09713,Kubernetes
AI09713,Scala
AI09713,GCP
AI09714,Deep Learning
AI09714,Spark
AI09714,MLOps
AI09714,Docker
AI09714,Java
AI09715,Azure
AI09715,Deep Learning
AI09715,Tableau
AI09716,Azure
AI09716,Statistics
AI09716,Python
AI09716,TensorFlow
AI09717,PyTorch
AI09717,Java
AI09717,SQL
AI09717,Docker
AI09717,Kubernetes
AI09718,Tableau
AI09718,PyTorch
AI09718,TensorFlow
AI09718,Computer Vision
AI09719,Mathematics
AI09719,Tableau
AI09719,NLP
AI09720,Git
AI09720,Mathematics
AI09720,Docker
AI09720,Python
AI09720,Azure
AI09721,Scala
AI09721,Python
AI09721,GCP
AI09721,Data Visualization
AI09722,Spark
AI09722,R
AI09722,Docker
AI09722,Data Visualization
AI09723,Java
AI09723,AWS
AI09723,Deep Learning
AI09724,Docker
AI09724,PyTorch
AI09724,Hadoop
AI09725,PyTorch
AI09725,SQL
AI09725,Mathematics
AI09725,AWS
AI09726,Hadoop
AI09726,Mathematics
AI09726,Data Visualization
AI09727,AWS
AI09727,Python
AI09727,Scala
AI09727,Mathematics
AI09728,Java
AI09728,GCP
AI09728,R
AI09729,Data Visualization
AI09729,Computer Vision
AI09729,Spark
AI09730,Mathematics
AI09730,Python
AI09730,Deep Learning
AI09731,Azure
AI09731,Computer Vision
AI09731,Hadoop
AI09732,NLP
AI09732,MLOps
AI09732,Spark
AI09732,Kubernetes
AI09732,Scala
AI09733,TensorFlow
AI09733,Kubernetes
AI09733,Spark
AI09734,Linux
AI09734,MLOps
AI09734,Kubernetes
AI09734,Java
AI09734,R
AI09735,Mathematics
AI09735,Tableau
AI09735,R
AI09736,Hadoop
AI09736,Spark
AI09736,Kubernetes
AI09736,Java
AI09737,AWS
AI09737,Scala
AI09737,Java
AI09737,Docker
AI09737,Deep Learning
AI09738,Scala
AI09738,Hadoop
AI09738,Data Visualization
AI09739,Linux
AI09739,Azure
AI09739,Tableau
AI09740,SQL
AI09740,Python
AI09740,Mathematics
AI09740,GCP
AI09740,Git
AI09741,Scala
AI09741,AWS
AI09741,Mathematics
AI09741,Hadoop
AI09741,Data Visualization
AI09742,Scala
AI09742,Azure
AI09742,MLOps
AI09742,Spark
AI09742,Java
AI09743,AWS
AI09743,Linux
AI09743,Git
AI09743,Scala
AI09743,MLOps
AI09744,Python
AI09744,Hadoop
AI09744,GCP
AI09745,Git
AI09745,AWS
AI09745,GCP
AI09746,Data Visualization
AI09746,GCP
AI09746,Java
AI09746,Linux
AI09746,SQL
AI09747,SQL
AI09747,Git
AI09747,NLP
AI09747,GCP
AI09747,Java
AI09748,MLOps
AI09748,Computer Vision
AI09748,SQL
AI09748,Statistics
AI09748,PyTorch
AI09749,Azure
AI09749,Git
AI09749,Data Visualization
AI09749,Mathematics
AI09750,Azure
AI09750,Kubernetes
AI09750,MLOps
AI09750,GCP
AI09750,PyTorch
AI09751,SQL
AI09751,Spark
AI09751,Hadoop
AI09751,Tableau
AI09752,Data Visualization
AI09752,TensorFlow
AI09752,SQL
AI09752,AWS
AI09752,Computer Vision
AI09753,AWS
AI09753,SQL
AI09753,Kubernetes
AI09754,Hadoop
AI09754,SQL
AI09754,PyTorch
AI09754,TensorFlow
AI09755,Tableau
AI09755,Computer Vision
AI09755,Kubernetes
AI09756,NLP
AI09756,Hadoop
AI09756,Spark
AI09756,Java
AI09757,NLP
AI09757,Spark
AI09757,SQL
AI09758,Kubernetes
AI09758,Mathematics
AI09758,Java
AI09759,Computer Vision
AI09759,Spark
AI09759,Linux
AI09760,Python
AI09760,GCP
AI09760,R
AI09760,Kubernetes
AI09760,AWS
AI09761,Python
AI09761,TensorFlow
AI09761,Scala
AI09761,Docker
AI09762,Python
AI09762,Java
AI09762,SQL
AI09762,GCP
AI09763,GCP
AI09763,R
AI09763,Computer Vision
AI09763,Statistics
AI09764,Spark
AI09764,SQL
AI09764,Kubernetes
AI09765,PyTorch
AI09765,Spark
AI09765,NLP
AI09766,Hadoop
AI09766,Kubernetes
AI09766,Java
AI09767,Tableau
AI09767,Computer Vision
AI09767,PyTorch
AI09768,Spark
AI09768,Java
AI09768,Data Visualization
AI09768,Git
AI09769,Hadoop
AI09769,SQL
AI09769,Statistics
AI09769,Computer Vision
AI09769,Tableau
AI09770,SQL
AI09770,Kubernetes
AI09770,Java
AI09770,PyTorch
AI09771,Deep Learning
AI09771,PyTorch
AI09771,MLOps
AI09771,Hadoop
AI09772,Python
AI09772,Mathematics
AI09772,TensorFlow
AI09773,Python
AI09773,Git
AI09773,Deep Learning
AI09773,Mathematics
AI09773,TensorFlow
AI09774,AWS
AI09774,SQL
AI09774,Linux
AI09775,PyTorch
AI09775,Spark
AI09775,NLP
AI09776,Kubernetes
AI09776,MLOps
AI09776,Mathematics
AI09777,Python
AI09777,TensorFlow
AI09777,NLP
AI09777,Docker
AI09778,Java
AI09778,Deep Learning
AI09778,SQL
AI09779,Java
AI09779,Docker
AI09779,Tableau
AI09779,Spark
AI09780,Python
AI09780,Kubernetes
AI09780,Spark
AI09781,Hadoop
AI09781,Data Visualization
AI09781,SQL
AI09781,R
AI09781,Azure
AI09782,SQL
AI09782,Linux
AI09782,MLOps
AI09782,Docker
AI09783,Data Visualization
AI09783,Computer Vision
AI09783,Python
AI09783,TensorFlow
AI09784,Kubernetes
AI09784,NLP
AI09784,Java
AI09784,Data Visualization
AI09784,Computer Vision
AI09785,Linux
AI09785,GCP
AI09785,Tableau
AI09785,Hadoop
AI09785,Docker
AI09786,Hadoop
AI09786,Statistics
AI09786,SQL
AI09787,TensorFlow
AI09787,Azure
AI09787,MLOps
AI09788,Linux
AI09788,Scala
AI09788,Git
AI09788,SQL
AI09788,GCP
AI09789,Deep Learning
AI09789,Python
AI09789,Spark
AI09789,Mathematics
AI09789,TensorFlow
AI09790,Kubernetes
AI09790,Hadoop
AI09790,AWS
AI09790,MLOps
AI09790,Azure
AI09791,Hadoop
AI09791,Git
AI09791,SQL
AI09791,Azure
AI09792,PyTorch
AI09792,GCP
AI09792,Kubernetes
AI09792,TensorFlow
AI09792,R
AI09793,Statistics
AI09793,Azure
AI09793,Docker
AI09794,Python
AI09794,MLOps
AI09794,Tableau
AI09794,Data Visualization
AI09795,MLOps
AI09795,Python
AI09795,Computer Vision
AI09796,Python
AI09796,Kubernetes
AI09796,Hadoop
AI09797,Mathematics
AI09797,R
AI09797,Kubernetes
AI09798,Spark
AI09798,R
AI09798,Data Visualization
AI09798,Git
AI09798,SQL
AI09799,Hadoop
AI09799,Kubernetes
AI09799,PyTorch
AI09799,Spark
AI09799,Scala
AI09800,PyTorch
AI09800,SQL
AI09800,Deep Learning
AI09801,Java
AI09801,GCP
AI09801,Data Visualization
AI09802,PyTorch
AI09802,Java
AI09802,Hadoop
AI09803,AWS
AI09803,TensorFlow
AI09803,Spark
AI09803,Mathematics
AI09804,Azure
AI09804,Docker
AI09804,GCP
AI09804,AWS
AI09805,GCP
AI09805,Python
AI09805,Mathematics
AI09805,AWS
AI09805,SQL
AI09806,AWS
AI09806,Java
AI09806,Spark
AI09806,Mathematics
AI09806,Computer Vision
AI09807,Docker
AI09807,PyTorch
AI09807,TensorFlow
AI09807,Linux
AI09807,Kubernetes
AI09808,Mathematics
AI09808,Tableau
AI09808,GCP
AI09808,NLP
AI09808,Deep Learning
AI09809,Linux
AI09809,Git
AI09809,MLOps
AI09809,Azure
AI09810,Python
AI09810,Docker
AI09810,NLP
AI09810,Deep Learning
AI09810,Tableau
AI09811,Computer Vision
AI09811,Git
AI09811,Hadoop
AI09812,Git
AI09812,Statistics
AI09812,TensorFlow
AI09813,TensorFlow
AI09813,Kubernetes
AI09813,Linux
AI09813,SQL
AI09813,Computer Vision
AI09814,Java
AI09814,PyTorch
AI09814,Hadoop
AI09814,Data Visualization
AI09814,Kubernetes
AI09815,Hadoop
AI09815,Docker
AI09815,AWS
AI09815,SQL
AI09815,Statistics
AI09816,MLOps
AI09816,Tableau
AI09816,Azure
AI09816,Scala
AI09817,Python
AI09817,TensorFlow
AI09817,MLOps
AI09818,Data Visualization
AI09818,Scala
AI09818,Spark
AI09818,SQL
AI09819,GCP
AI09819,Scala
AI09819,Kubernetes
AI09819,NLP
AI09819,Computer Vision
AI09820,Azure
AI09820,Deep Learning
AI09820,Tableau
AI09821,Kubernetes
AI09821,Azure
AI09821,Git
AI09822,SQL
AI09822,Computer Vision
AI09822,Tableau
AI09823,Computer Vision
AI09823,Scala
AI09823,SQL
AI09824,Python
AI09824,Linux
AI09824,GCP
AI09824,TensorFlow
AI09824,Deep Learning
AI09825,PyTorch
AI09825,Spark
AI09825,GCP
AI09826,GCP
AI09826,Deep Learning
AI09826,Hadoop
AI09827,Deep Learning
AI09827,Tableau
AI09827,Kubernetes
AI09827,Scala
AI09827,GCP
AI09828,Computer Vision
AI09828,Python
AI09828,Mathematics
AI09828,Linux
AI09829,Git
AI09829,Hadoop
AI09829,Data Visualization
AI09829,R
AI09829,Computer Vision
AI09830,NLP
AI09830,Java
AI09830,Docker
AI09830,Spark
AI09831,Statistics
AI09831,Data Visualization
AI09831,Kubernetes
AI09832,Kubernetes
AI09832,Python
AI09832,MLOps
AI09832,Mathematics
AI09832,NLP
AI09833,PyTorch
AI09833,SQL
AI09833,MLOps
AI09833,Statistics
AI09834,Linux
AI09834,SQL
AI09834,Python
AI09834,Scala
AI09834,Spark
AI09835,Kubernetes
AI09835,MLOps
AI09835,Linux
AI09836,Statistics
AI09836,NLP
AI09836,R
AI09836,Git
AI09837,Python
AI09837,R
AI09837,Computer Vision
AI09838,Kubernetes
AI09838,Deep Learning
AI09838,Git
AI09838,Data Visualization
AI09839,Python
AI09839,Data Visualization
AI09839,TensorFlow
AI09839,Spark
AI09839,Docker
AI09840,Azure
AI09840,Docker
AI09840,Statistics
AI09840,Hadoop
AI09841,Computer Vision
AI09841,Python
AI09841,SQL
AI09841,MLOps
AI09842,Git
AI09842,AWS
AI09842,Kubernetes
AI09843,Kubernetes
AI09843,Deep Learning
AI09843,R
AI09844,Hadoop
AI09844,Python
AI09844,Data Visualization
AI09845,Git
AI09845,Python
AI09845,Spark
AI09845,SQL
AI09846,PyTorch
AI09846,Azure
AI09846,GCP
AI09847,Tableau
AI09847,Hadoop
AI09847,Git
AI09848,Deep Learning
AI09848,Linux
AI09848,PyTorch
AI09848,Spark
AI09849,Computer Vision
AI09849,Spark
AI09849,Kubernetes
AI09849,Scala
AI09850,Mathematics
AI09850,Java
AI09850,Python
AI09850,Data Visualization
AI09851,Data Visualization
AI09851,Git
AI09851,Tableau
AI09852,Python
AI09852,TensorFlow
AI09852,Data Visualization
AI09852,NLP
AI09852,AWS
AI09853,R
AI09853,Scala
AI09853,MLOps
AI09854,SQL
AI09854,Tableau
AI09854,PyTorch
AI09855,PyTorch
AI09855,Tableau
AI09855,Data Visualization
AI09856,AWS
AI09856,Python
AI09856,Statistics
AI09857,Git
AI09857,Azure
AI09857,TensorFlow
AI09857,Java
AI09858,Linux
AI09858,Python
AI09858,Tableau
AI09858,AWS
AI09858,Docker
AI09859,PyTorch
AI09859,Data Visualization
AI09859,Git
AI09859,Statistics
AI09859,TensorFlow
AI09860,SQL
AI09860,Tableau
AI09860,Python
AI09861,Data Visualization
AI09861,MLOps
AI09861,Java
AI09861,Statistics
AI09861,AWS
AI09862,Scala
AI09862,PyTorch
AI09862,Spark
AI09862,R
AI09863,GCP
AI09863,Deep Learning
AI09863,Computer Vision
AI09864,SQL
AI09864,PyTorch
AI09864,Tableau
AI09864,Git
AI09864,GCP
AI09865,PyTorch
AI09865,Python
AI09865,Hadoop
AI09865,Computer Vision
AI09866,Java
AI09866,Computer Vision
AI09866,Tableau
AI09867,Mathematics
AI09867,MLOps
AI09867,PyTorch
AI09868,Spark
AI09868,Hadoop
AI09868,Mathematics
AI09868,Git
AI09869,Spark
AI09869,Data Visualization
AI09869,Kubernetes
AI09869,Docker
AI09869,Python
AI09870,Data Visualization
AI09870,Linux
AI09870,Scala
AI09871,AWS
AI09871,Python
AI09871,Deep Learning
AI09871,Java
AI09871,Computer Vision
AI09872,Azure
AI09872,Java
AI09872,NLP
AI09872,Git
AI09872,PyTorch
AI09873,Linux
AI09873,Kubernetes
AI09873,Python
AI09873,TensorFlow
AI09873,GCP
AI09874,Docker
AI09874,Statistics
AI09874,MLOps
AI09874,Linux
AI09874,Hadoop
AI09875,Hadoop
AI09875,MLOps
AI09875,Python
AI09875,Spark
AI09876,GCP
AI09876,Deep Learning
AI09876,Hadoop
AI09876,Azure
AI09877,Hadoop
AI09877,SQL
AI09877,PyTorch
AI09877,TensorFlow
AI09878,Scala
AI09878,Hadoop
AI09878,Python
AI09879,Spark
AI09879,Tableau
AI09879,Scala
AI09879,PyTorch
AI09879,Docker
AI09880,Scala
AI09880,AWS
AI09880,Docker
AI09880,GCP
AI09881,R
AI09881,Azure
AI09881,NLP
AI09881,GCP
AI09882,Data Visualization
AI09882,Python
AI09882,Linux
AI09883,Java
AI09883,Kubernetes
AI09883,GCP
AI09883,AWS
AI09884,Spark
AI09884,Python
AI09884,Deep Learning
AI09885,Python
AI09885,Git
AI09885,Scala
AI09886,Tableau
AI09886,R
AI09886,Spark
AI09887,Statistics
AI09887,Git
AI09887,Linux
AI09888,Linux
AI09888,Python
AI09888,R
AI09889,MLOps
AI09889,Linux
AI09889,Python
AI09889,SQL
AI09890,Mathematics
AI09890,Python
AI09890,TensorFlow
AI09890,Deep Learning
AI09890,Kubernetes
AI09891,Deep Learning
AI09891,PyTorch
AI09891,Azure
AI09891,Scala
AI09892,Linux
AI09892,Python
AI09892,TensorFlow
AI09893,Mathematics
AI09893,Python
AI09893,Tableau
AI09893,GCP
AI09893,Azure
AI09894,AWS
AI09894,Statistics
AI09894,Docker
AI09894,Computer Vision
AI09894,Mathematics
AI09895,AWS
AI09895,Git
AI09895,Computer Vision
AI09895,TensorFlow
AI09896,Docker
AI09896,Linux
AI09896,Computer Vision
AI09896,Azure
AI09897,Spark
AI09897,Tableau
AI09897,TensorFlow
AI09898,Git
AI09898,AWS
AI09898,Azure
AI09898,Computer Vision
AI09899,Deep Learning
AI09899,Tableau
AI09899,Docker
AI09899,Azure
AI09899,Kubernetes
AI09900,NLP
AI09900,Kubernetes
AI09900,Python
AI09901,Tableau
AI09901,MLOps
AI09901,GCP
AI09902,Hadoop
AI09902,Computer Vision
AI09902,Linux
AI09902,AWS
AI09903,R
AI09903,Deep Learning
AI09903,NLP
AI09904,Docker
AI09904,TensorFlow
AI09904,NLP
AI09905,Java
AI09905,Statistics
AI09905,TensorFlow
AI09905,Git
AI09905,Tableau
AI09906,Java
AI09906,Python
AI09906,GCP
AI09907,MLOps
AI09907,Mathematics
AI09907,Tableau
AI09907,TensorFlow
AI09907,Scala
AI09908,Scala
AI09908,Python
AI09908,TensorFlow
AI09909,Computer Vision
AI09909,GCP
AI09909,Azure
AI09910,Spark
AI09910,Java
AI09910,NLP
AI09910,GCP
AI09911,Python
AI09911,Git
AI09911,Computer Vision
AI09912,AWS
AI09912,SQL
AI09912,Statistics
AI09912,GCP
AI09912,Spark
AI09913,Python
AI09913,AWS
AI09913,Data Visualization
AI09914,Statistics
AI09914,GCP
AI09914,Hadoop
AI09915,GCP
AI09915,Scala
AI09915,NLP
AI09915,Python
AI09915,Kubernetes
AI09916,Linux
AI09916,PyTorch
AI09916,Hadoop
AI09916,SQL
AI09916,NLP
AI09917,Scala
AI09917,R
AI09917,Azure
AI09917,Mathematics
AI09918,PyTorch
AI09918,Data Visualization
AI09918,Java
AI09918,Scala
AI09918,Statistics
AI09919,SQL
AI09919,GCP
AI09919,NLP
AI09919,Spark
AI09920,PyTorch
AI09920,MLOps
AI09920,Java
AI09921,Azure
AI09921,GCP
AI09921,SQL
AI09921,Spark
AI09921,Deep Learning
AI09922,TensorFlow
AI09922,Git
AI09922,NLP
AI09922,Computer Vision
AI09922,Kubernetes
AI09923,PyTorch
AI09923,TensorFlow
AI09923,AWS
AI09923,Java
AI09924,R
AI09924,NLP
AI09924,Git
AI09924,Tableau
AI09925,Hadoop
AI09925,Computer Vision
AI09925,Linux
AI09926,Azure
AI09926,Git
AI09926,NLP
AI09927,Computer Vision
AI09927,Java
AI09927,Tableau
AI09927,Data Visualization
AI09928,Linux
AI09928,Data Visualization
AI09928,MLOps
AI09928,R
AI09928,Scala
AI09929,PyTorch
AI09929,Docker
AI09929,Mathematics
AI09929,Python
AI09930,Python
AI09930,MLOps
AI09930,Tableau
AI09930,Statistics
AI09931,Deep Learning
AI09931,Tableau
AI09931,Statistics
AI09931,GCP
AI09931,Azure
AI09932,Spark
AI09932,SQL
AI09932,PyTorch
AI09932,NLP
AI09933,Kubernetes
AI09933,Deep Learning
AI09933,Python
AI09933,Tableau
AI09933,TensorFlow
AI09934,Mathematics
AI09934,TensorFlow
AI09934,Git
AI09934,Statistics
AI09934,Kubernetes
AI09935,Computer Vision
AI09935,TensorFlow
AI09935,Data Visualization
AI09935,Tableau
AI09936,Linux
AI09936,Java
AI09936,Deep Learning
AI09936,Statistics
AI09937,Linux
AI09937,Git
AI09937,Deep Learning
AI09937,Hadoop
AI09938,Azure
AI09938,Scala
AI09938,NLP
AI09938,Hadoop
AI09939,Python
AI09939,TensorFlow
AI09939,PyTorch
AI09940,AWS
AI09940,Deep Learning
AI09940,Docker
AI09941,Linux
AI09941,Python
AI09941,Docker
AI09941,Scala
AI09942,GCP
AI09942,Computer Vision
AI09942,R
AI09943,Kubernetes
AI09943,Python
AI09943,MLOps
AI09943,AWS
AI09943,Docker
AI09944,Kubernetes
AI09944,Computer Vision
AI09944,Tableau
AI09945,Java
AI09945,Python
AI09945,Data Visualization
AI09945,Kubernetes
AI09945,AWS
AI09946,Computer Vision
AI09946,Spark
AI09946,Data Visualization
AI09946,Java
AI09946,Scala
AI09947,Git
AI09947,Data Visualization
AI09947,Hadoop
AI09947,Azure
AI09947,SQL
AI09948,Git
AI09948,Tableau
AI09948,PyTorch
AI09948,Statistics
AI09949,Spark
AI09949,Scala
AI09949,PyTorch
AI09950,GCP
AI09950,Python
AI09950,Git
AI09951,SQL
AI09951,Python
AI09951,TensorFlow
AI09951,Computer Vision
AI09951,GCP
AI09952,Hadoop
AI09952,R
AI09952,Linux
AI09953,Java
AI09953,Linux
AI09953,Tableau
AI09953,Docker
AI09954,R
AI09954,SQL
AI09954,Hadoop
AI09955,Scala
AI09955,SQL
AI09955,Docker
AI09955,PyTorch
AI09955,TensorFlow
AI09956,MLOps
AI09956,Tableau
AI09956,PyTorch
AI09956,Kubernetes
AI09957,TensorFlow
AI09957,Docker
AI09957,Git
AI09957,Kubernetes
AI09957,Java
AI09958,Data Visualization
AI09958,AWS
AI09958,PyTorch
AI09958,Scala
AI09958,Azure
AI09959,Python
AI09959,Git
AI09959,TensorFlow
AI09960,Deep Learning
AI09960,Azure
AI09960,NLP
AI09960,Python
AI09960,SQL
AI09961,AWS
AI09961,MLOps
AI09961,Kubernetes
AI09962,Hadoop
AI09962,SQL
AI09962,Git
AI09962,Azure
AI09962,Python
AI09963,Deep Learning
AI09963,NLP
AI09963,Hadoop
AI09964,Linux
AI09964,Scala
AI09964,Tableau
AI09964,Statistics
AI09965,TensorFlow
AI09965,SQL
AI09965,Linux
AI09965,AWS
AI09966,Python
AI09966,Git
AI09966,Docker
AI09966,Computer Vision
AI09967,Python
AI09967,Kubernetes
AI09967,TensorFlow
AI09967,PyTorch
AI09968,Python
AI09968,Mathematics
AI09968,NLP
AI09968,Kubernetes
AI09969,Tableau
AI09969,Java
AI09969,Docker
AI09969,GCP
AI09970,NLP
AI09970,AWS
AI09970,Kubernetes
AI09971,NLP
AI09971,Python
AI09971,Linux
AI09971,Statistics
AI09971,Kubernetes
AI09972,Data Visualization
AI09972,Mathematics
AI09972,SQL
AI09972,Deep Learning
AI09972,Azure
AI09973,GCP
AI09973,Linux
AI09973,Kubernetes
AI09973,Scala
AI09974,Python
AI09974,Tableau
AI09974,Statistics
AI09975,Computer Vision
AI09975,Python
AI09975,Data Visualization
AI09975,SQL
AI09975,PyTorch
AI09976,Hadoop
AI09976,Git
AI09976,PyTorch
AI09976,Statistics
AI09976,Kubernetes
AI09977,SQL
AI09977,Azure
AI09977,AWS
AI09977,PyTorch
AI09978,Scala
AI09978,Hadoop
AI09978,Java
AI09978,Computer Vision
AI09978,PyTorch
AI09979,Azure
AI09979,Tableau
AI09979,Deep Learning
AI09980,MLOps
AI09980,Python
AI09980,Tableau
AI09980,TensorFlow
AI09981,Python
AI09981,TensorFlow
AI09981,AWS
AI09981,Hadoop
AI09981,Data Visualization
AI09982,Data Visualization
AI09982,R
AI09982,Java
AI09983,Git
AI09983,GCP
AI09983,NLP
AI09984,Mathematics
AI09984,Python
AI09984,Java
AI09985,TensorFlow
AI09985,Spark
AI09985,Azure
AI09985,Scala
AI09985,NLP
AI09986,Data Visualization
AI09986,Computer Vision
AI09986,Python
AI09986,MLOps
AI09986,TensorFlow
AI09987,Python
AI09987,Computer Vision
AI09987,Scala
AI09988,Java
AI09988,R
AI09988,Azure
AI09988,Statistics
AI09989,SQL
AI09989,Spark
AI09989,Hadoop
AI09989,PyTorch
AI09990,Spark
AI09990,PyTorch
AI09990,Tableau
AI09990,GCP
AI09991,Python
AI09991,Kubernetes
AI09991,Linux
AI09991,Deep Learning
AI09992,R
AI09992,Python
AI09992,Scala
AI09992,AWS
AI09992,Statistics
AI09993,Hadoop
AI09993,MLOps
AI09993,Tableau
AI09994,Docker
AI09994,Python
AI09994,Hadoop
AI09994,Mathematics
AI09995,PyTorch
AI09995,Spark
AI09995,Python
AI09995,Docker
AI09995,Linux
AI09996,Data Visualization
AI09996,Linux
AI09996,GCP
AI09997,Kubernetes
AI09997,Python
AI09997,MLOps
AI09998,GCP
AI09998,TensorFlow
AI09998,SQL
AI09998,Python
AI09998,Mathematics
AI09999,Linux
AI09999,Kubernetes
AI09999,Tableau
AI10000,PyTorch
AI10000,Azure
AI10000,Tableau
AI10000,MLOps
AI10000,Statistics
AI10001,Java
AI10001,Hadoop
AI10001,R
AI10001,Spark
AI10002,TensorFlow
AI10002,Scala
AI10002,Kubernetes
AI10003,GCP
AI10003,Tableau
AI10003,Scala
AI10003,Kubernetes
AI10004,Deep Learning
AI10004,Python
AI10004,Scala
AI10004,Statistics
AI10005,MLOps
AI10005,Python
AI10005,TensorFlow
AI10005,Spark
AI10006,R
AI10006,Hadoop
AI10006,SQL
AI10007,Azure
AI10007,Spark
AI10007,SQL
AI10008,Scala
AI10008,R
AI10008,Deep Learning
AI10008,AWS
AI10008,Python
AI10009,TensorFlow
AI10009,Python
AI10009,GCP
AI10010,Git
AI10010,Azure
AI10010,Scala
AI10010,Computer Vision
AI10011,GCP
AI10011,Data Visualization
AI10011,Kubernetes
AI10011,Azure
AI10012,Kubernetes
AI10012,Scala
AI10012,AWS
AI10012,Mathematics
AI10013,Scala
AI10013,Linux
AI10013,Data Visualization
AI10013,Java
AI10013,GCP
AI10014,AWS
AI10014,Python
AI10014,Docker
AI10015,Java
AI10015,Data Visualization
AI10015,Mathematics
AI10015,Docker
AI10016,Java
AI10016,SQL
AI10016,Azure
AI10016,Deep Learning
AI10017,TensorFlow
AI10017,Linux
AI10017,Git
AI10018,Computer Vision
AI10018,Kubernetes
AI10018,Spark
AI10018,AWS
AI10019,Spark
AI10019,Deep Learning
AI10019,Python
AI10020,TensorFlow
AI10020,Docker
AI10020,Kubernetes
AI10020,Python
AI10021,MLOps
AI10021,Java
AI10021,Azure
AI10021,TensorFlow
AI10022,SQL
AI10022,GCP
AI10022,Java
AI10022,Deep Learning
AI10022,R
AI10023,Docker
AI10023,Scala
AI10023,Azure
AI10023,Statistics
AI10023,Git
AI10024,Docker
AI10024,Computer Vision
AI10024,SQL
AI10024,GCP
AI10025,Scala
AI10025,Linux
AI10025,Computer Vision
AI10025,PyTorch
AI10026,Linux
AI10026,Deep Learning
AI10026,R
AI10027,Java
AI10027,PyTorch
AI10027,Mathematics
AI10027,AWS
AI10028,NLP
AI10028,Scala
AI10028,Python
AI10029,MLOps
AI10029,Kubernetes
AI10029,Python
AI10029,Java
AI10030,Python
AI10030,TensorFlow
AI10030,Deep Learning
AI10030,Data Visualization
AI10031,Python
AI10031,TensorFlow
AI10031,Git
AI10032,MLOps
AI10032,Hadoop
AI10032,SQL
AI10032,NLP
AI10033,Python
AI10033,Java
AI10033,GCP
AI10033,MLOps
AI10034,Scala
AI10034,PyTorch
AI10034,AWS
AI10035,SQL
AI10035,Spark
AI10035,Data Visualization
AI10035,Kubernetes
AI10036,Deep Learning
AI10036,Spark
AI10036,Scala
AI10037,R
AI10037,MLOps
AI10037,Python
AI10037,Computer Vision
AI10038,Git
AI10038,GCP
AI10038,Statistics
AI10039,SQL
AI10039,Spark
AI10039,PyTorch
AI10040,Python
AI10040,TensorFlow
AI10040,PyTorch
AI10040,Hadoop
AI10041,SQL
AI10041,Java
AI10041,Statistics
AI10041,TensorFlow
AI10041,Python
AI10042,GCP
AI10042,SQL
AI10042,Python
AI10042,Linux
AI10043,GCP
AI10043,PyTorch
AI10043,Hadoop
AI10043,MLOps
AI10044,Git
AI10044,Tableau
AI10044,Deep Learning
AI10045,Kubernetes
AI10045,MLOps
AI10045,SQL
AI10045,Spark
AI10046,Scala
AI10046,Tableau
AI10046,Python
AI10047,SQL
AI10047,PyTorch
AI10047,Java
AI10047,Kubernetes
AI10048,Python
AI10048,Spark
AI10048,MLOps
AI10049,NLP
AI10049,Scala
AI10049,Statistics
AI10050,Mathematics
AI10050,Java
AI10050,Tableau
AI10050,SQL
AI10050,Deep Learning
AI10051,Hadoop
AI10051,MLOps
AI10051,Mathematics
AI10052,Deep Learning
AI10052,Scala
AI10052,PyTorch
AI10053,SQL
AI10053,Mathematics
AI10053,PyTorch
AI10053,GCP
AI10053,Deep Learning
AI10054,Git
AI10054,Computer Vision
AI10054,Tableau
AI10055,Data Visualization
AI10055,Java
AI10055,Hadoop
AI10055,Scala
AI10056,Hadoop
AI10056,Java
AI10056,SQL
AI10056,Mathematics
AI10056,Scala
AI10057,Hadoop
AI10057,Linux
AI10057,MLOps
AI10057,Kubernetes
AI10058,Python
AI10058,GCP
AI10058,TensorFlow
AI10058,PyTorch
AI10058,NLP
AI10059,GCP
AI10059,SQL
AI10059,Python
AI10059,Data Visualization
AI10060,SQL
AI10060,Kubernetes
AI10060,Python
AI10061,Data Visualization
AI10061,Git
AI10061,AWS
AI10062,Spark
AI10062,MLOps
AI10062,Tableau
AI10062,Git
AI10062,Computer Vision
AI10063,MLOps
AI10063,Python
AI10063,Statistics
AI10064,Kubernetes
AI10064,Data Visualization
AI10064,SQL
AI10064,NLP
AI10065,Python
AI10065,Kubernetes
AI10065,Spark
AI10065,Data Visualization
AI10066,GCP
AI10066,Python
AI10066,NLP
AI10067,Azure
AI10067,Kubernetes
AI10067,Git
AI10067,Python
AI10068,Scala
AI10068,Mathematics
AI10068,Linux
AI10069,Scala
AI10069,AWS
AI10069,Data Visualization
AI10069,Linux
AI10070,NLP
AI10070,MLOps
AI10070,Java
AI10071,MLOps
AI10071,Scala
AI10071,Tableau
AI10072,Python
AI10072,NLP
AI10072,TensorFlow
AI10072,PyTorch
AI10073,Java
AI10073,Hadoop
AI10073,SQL
AI10073,Python
AI10073,Computer Vision
AI10074,Git
AI10074,AWS
AI10074,Hadoop
AI10074,Computer Vision
AI10074,MLOps
AI10075,Java
AI10075,Git
AI10075,Azure
AI10075,Computer Vision
AI10075,Python
AI10076,Python
AI10076,NLP
AI10076,TensorFlow
AI10077,Data Visualization
AI10077,GCP
AI10077,Kubernetes
AI10077,Deep Learning
AI10078,Git
AI10078,MLOps
AI10078,TensorFlow
AI10079,Python
AI10079,Tableau
AI10079,R
AI10079,Java
AI10080,Spark
AI10080,Deep Learning
AI10080,Tableau
AI10080,TensorFlow
AI10080,Docker
AI10081,Data Visualization
AI10081,Kubernetes
AI10081,Linux
AI10081,Deep Learning
AI10082,Python
AI10082,Spark
AI10082,Linux
AI10082,Computer Vision
AI10083,Tableau
AI10083,Scala
AI10083,Python
AI10084,Kubernetes
AI10084,Deep Learning
AI10084,Computer Vision
AI10085,NLP
AI10085,Docker
AI10085,Git
AI10086,Kubernetes
AI10086,TensorFlow
AI10086,MLOps
AI10087,Git
AI10087,Tableau
AI10087,Statistics
AI10087,Java
AI10088,Azure
AI10088,Git
AI10088,Mathematics
AI10088,Kubernetes
AI10088,GCP
AI10089,Statistics
AI10089,TensorFlow
AI10089,Python
AI10090,Git
AI10090,Tableau
AI10090,SQL
AI10091,Azure
AI10091,Docker
AI10091,Computer Vision
AI10092,AWS
AI10092,TensorFlow
AI10092,Tableau
AI10093,Scala
AI10093,Hadoop
AI10093,SQL
AI10094,Python
AI10094,GCP
AI10094,Deep Learning
AI10094,TensorFlow
AI10095,Java
AI10095,Kubernetes
AI10095,Tableau
AI10095,Mathematics
AI10096,Python
AI10096,Spark
AI10096,Azure
AI10097,Mathematics
AI10097,PyTorch
AI10097,NLP
AI10098,R
AI10098,Linux
AI10098,Python
AI10098,TensorFlow
AI10098,Deep Learning
AI10099,Linux
AI10099,Statistics
AI10099,Data Visualization
AI10100,Statistics
AI10100,SQL
AI10100,Deep Learning
AI10101,Java
AI10101,Python
AI10101,Statistics
AI10101,Data Visualization
AI10102,GCP
AI10102,PyTorch
AI10102,Statistics
AI10102,Java
AI10102,SQL
AI10103,Python
AI10103,Docker
AI10103,Azure
AI10104,Hadoop
AI10104,Computer Vision
AI10104,Azure
AI10104,TensorFlow
AI10105,Mathematics
AI10105,Spark
AI10105,AWS
AI10105,TensorFlow
AI10106,SQL
AI10106,Docker
AI10106,Azure
AI10107,Azure
AI10107,NLP
AI10107,Docker
AI10108,Spark
AI10108,Azure
AI10108,Deep Learning
AI10108,TensorFlow
AI10108,Python
AI10109,Kubernetes
AI10109,Scala
AI10109,Java
AI10109,NLP
AI10109,Statistics
AI10110,Tableau
AI10110,Data Visualization
AI10110,PyTorch
AI10110,R
AI10110,Azure
AI10111,Tableau
AI10111,Linux
AI10111,Git
AI10111,Mathematics
AI10112,Python
AI10112,Hadoop
AI10112,Mathematics
AI10112,Java
AI10112,R
AI10113,PyTorch
AI10113,R
AI10113,Linux
AI10114,GCP
AI10114,PyTorch
AI10114,Deep Learning
AI10115,MLOps
AI10115,SQL
AI10115,Spark
AI10115,Computer Vision
AI10116,Python
AI10116,Data Visualization
AI10116,Linux
AI10117,Python
AI10117,MLOps
AI10117,Mathematics
AI10117,Java
AI10117,R
AI10118,Statistics
AI10118,Spark
AI10118,Scala
AI10119,PyTorch
AI10119,Statistics
AI10119,NLP
AI10119,TensorFlow
AI10119,Java
AI10120,Kubernetes
AI10120,Python
AI10120,NLP
AI10120,MLOps
AI10120,Data Visualization
AI10121,Hadoop
AI10121,GCP
AI10121,Kubernetes
AI10122,Azure
AI10122,TensorFlow
AI10122,GCP
AI10122,Git
AI10123,PyTorch
AI10123,R
AI10123,Kubernetes
AI10123,Python
AI10124,R
AI10124,Kubernetes
AI10124,Data Visualization
AI10124,Tableau
AI10125,GCP
AI10125,Python
AI10125,Linux
AI10125,Deep Learning
AI10126,Python
AI10126,Deep Learning
AI10126,Docker
AI10127,Mathematics
AI10127,GCP
AI10127,Git
AI10127,Computer Vision
AI10127,Java
AI10128,Git
AI10128,Linux
AI10128,NLP
AI10128,Python
AI10128,Computer Vision
AI10129,Python
AI10129,Java
AI10129,Deep Learning
AI10129,MLOps
AI10130,Deep Learning
AI10130,Linux
AI10130,Computer Vision
AI10130,TensorFlow
AI10131,NLP
AI10131,Spark
AI10131,Python
AI10131,Scala
AI10131,Kubernetes
AI10132,PyTorch
AI10132,TensorFlow
AI10132,MLOps
AI10132,Azure
AI10133,R
AI10133,SQL
AI10133,Linux
AI10133,AWS
AI10133,Python
AI10134,AWS
AI10134,Spark
AI10134,Tableau
AI10135,Python
AI10135,NLP
AI10135,TensorFlow
AI10136,Computer Vision
AI10136,Scala
AI10136,Mathematics
AI10137,Kubernetes
AI10137,Python
AI10137,MLOps
AI10137,Git
AI10138,MLOps
AI10138,Linux
AI10138,Python
AI10139,R
AI10139,NLP
AI10139,MLOps
AI10139,GCP
AI10140,Python
AI10140,Hadoop
AI10140,Deep Learning
AI10140,Azure
AI10140,PyTorch
AI10141,Python
AI10141,Statistics
AI10141,TensorFlow
AI10141,Hadoop
AI10142,SQL
AI10142,AWS
AI10142,Kubernetes
AI10142,TensorFlow
AI10143,Azure
AI10143,Spark
AI10143,Deep Learning
AI10143,Kubernetes
AI10143,Scala
AI10144,Computer Vision
AI10144,Azure
AI10144,SQL
AI10144,R
AI10144,Java
AI10145,Python
AI10145,Linux
AI10145,TensorFlow
AI10145,Statistics
AI10146,Java
AI10146,Python
AI10146,Azure
AI10146,Scala
AI10146,Data Visualization
AI10147,Spark
AI10147,GCP
AI10147,Computer Vision
AI10148,Data Visualization
AI10148,Kubernetes
AI10148,Git
AI10148,Hadoop
AI10149,GCP
AI10149,TensorFlow
AI10149,SQL
AI10149,Java
AI10150,Linux
AI10150,Kubernetes
AI10150,TensorFlow
AI10150,Tableau
AI10150,Mathematics
AI10151,Tableau
AI10151,R
AI10151,Scala
AI10152,PyTorch
AI10152,Python
AI10152,SQL
AI10152,R
AI10152,Linux
AI10153,Java
AI10153,Azure
AI10153,Data Visualization
AI10153,GCP
AI10154,Statistics
AI10154,Python
AI10154,Mathematics
AI10154,GCP
AI10155,R
AI10155,Scala
AI10155,Deep Learning
AI10155,Computer Vision
AI10156,Computer Vision
AI10156,PyTorch
AI10156,Docker
AI10157,Spark
AI10157,Data Visualization
AI10157,Python
AI10157,Linux
AI10158,Mathematics
AI10158,NLP
AI10158,GCP
AI10158,Git
AI10159,Kubernetes
AI10159,Docker
AI10159,MLOps
AI10159,Data Visualization
AI10159,Linux
AI10160,Python
AI10160,Tableau
AI10160,Spark
AI10160,MLOps
AI10160,Statistics
AI10161,Azure
AI10161,Hadoop
AI10161,Deep Learning
AI10161,SQL
AI10161,PyTorch
AI10162,Data Visualization
AI10162,Java
AI10162,PyTorch
AI10162,Linux
AI10162,Git
AI10163,GCP
AI10163,Tableau
AI10163,Java
AI10163,SQL
AI10164,Linux
AI10164,SQL
AI10164,Statistics
AI10165,SQL
AI10165,Azure
AI10165,Git
AI10165,Computer Vision
AI10165,NLP
AI10166,MLOps
AI10166,Python
AI10166,Hadoop
AI10166,Java
AI10166,AWS
AI10167,SQL
AI10167,AWS
AI10167,R
AI10167,Java
AI10168,SQL
AI10168,Java
AI10168,Docker
AI10168,Deep Learning
AI10168,R
AI10169,R
AI10169,Python
AI10169,Deep Learning
AI10169,Statistics
AI10170,PyTorch
AI10170,Hadoop
AI10170,TensorFlow
AI10170,Kubernetes
AI10171,NLP
AI10171,Hadoop
AI10171,MLOps
AI10171,Kubernetes
AI10172,GCP
AI10172,R
AI10172,Git
AI10172,Statistics
AI10172,TensorFlow
AI10173,Kubernetes
AI10173,SQL
AI10173,Deep Learning
AI10173,Docker
AI10173,Java
AI10174,Tableau
AI10174,NLP
AI10174,Python
AI10175,Kubernetes
AI10175,Git
AI10175,R
AI10176,Azure
AI10176,Python
AI10176,TensorFlow
AI10177,Python
AI10177,TensorFlow
AI10177,GCP
AI10177,Kubernetes
AI10177,MLOps
AI10178,Scala
AI10178,Deep Learning
AI10178,Tableau
AI10178,Hadoop
AI10179,Deep Learning
AI10179,Spark
AI10179,Linux
AI10179,Java
AI10179,TensorFlow
AI10180,SQL
AI10180,Git
AI10180,AWS
AI10180,Linux
AI10180,Java
AI10181,Tableau
AI10181,SQL
AI10181,PyTorch
AI10181,Statistics
AI10182,Scala
AI10182,Hadoop
AI10182,SQL
AI10183,SQL
AI10183,Linux
AI10183,Docker
AI10183,PyTorch
AI10183,GCP
AI10184,R
AI10184,Hadoop
AI10184,Tableau
AI10184,Linux
AI10184,AWS
AI10185,NLP
AI10185,Azure
AI10185,Deep Learning
AI10185,Java
AI10185,AWS
AI10186,Python
AI10186,Docker
AI10186,Scala
AI10187,Git
AI10187,AWS
AI10187,Kubernetes
AI10187,Spark
AI10187,Python
AI10188,SQL
AI10188,PyTorch
AI10188,Tableau
AI10188,NLP
AI10188,Azure
AI10189,R
AI10189,Scala
AI10189,Mathematics
AI10189,GCP
AI10190,Azure
AI10190,PyTorch
AI10190,R
AI10190,Data Visualization
AI10191,Deep Learning
AI10191,Azure
AI10191,PyTorch
AI10191,Statistics
AI10191,Hadoop
AI10192,NLP
AI10192,Azure
AI10192,Tableau
AI10192,Python
AI10193,SQL
AI10193,Tableau
AI10193,Spark
AI10194,Python
AI10194,Data Visualization
AI10194,Git
AI10194,Hadoop
AI10195,Python
AI10195,Java
AI10195,TensorFlow
AI10196,Data Visualization
AI10196,Linux
AI10196,Tableau
AI10196,R
AI10196,Git
AI10197,Kubernetes
AI10197,Scala
AI10197,Linux
AI10198,Python
AI10198,Kubernetes
AI10198,Data Visualization
AI10199,Java
AI10199,AWS
AI10199,NLP
AI10200,Spark
AI10200,MLOps
AI10200,Data Visualization
AI10200,R
AI10201,SQL
AI10201,Linux
AI10201,Tableau
AI10202,Scala
AI10202,Java
AI10202,MLOps
AI10203,TensorFlow
AI10203,AWS
AI10203,Tableau
AI10203,R
AI10204,Data Visualization
AI10204,Git
AI10204,Kubernetes
AI10205,SQL
AI10205,Data Visualization
AI10205,TensorFlow
AI10205,Java
AI10206,Docker
AI10206,Python
AI10206,TensorFlow
AI10207,Python
AI10207,AWS
AI10207,Scala
AI10207,Hadoop
AI10207,Spark
AI10208,Python
AI10208,R
AI10208,Java
AI10209,Computer Vision
AI10209,AWS
AI10209,Docker
AI10209,GCP
AI10209,Azure
AI10210,Data Visualization
AI10210,R
AI10210,Deep Learning
AI10210,Kubernetes
AI10211,Computer Vision
AI10211,Git
AI10211,MLOps
AI10211,Python
AI10211,R
AI10212,PyTorch
AI10212,Java
AI10212,MLOps
AI10212,Docker
AI10213,R
AI10213,AWS
AI10213,SQL
AI10213,Data Visualization
AI10214,MLOps
AI10214,Java
AI10214,Git
AI10214,Azure
AI10215,Kubernetes
AI10215,Python
AI10215,R
AI10215,Azure
AI10216,Git
AI10216,Linux
AI10216,Data Visualization
AI10216,AWS
AI10217,Scala
AI10217,Azure
AI10217,Kubernetes
AI10218,Hadoop
AI10218,Computer Vision
AI10218,Spark
AI10218,TensorFlow
AI10219,SQL
AI10219,PyTorch
AI10219,GCP
AI10220,NLP
AI10220,Spark
AI10220,Python
AI10220,Computer Vision
AI10220,GCP
AI10221,GCP
AI10221,Mathematics
AI10221,Hadoop
AI10222,Computer Vision
AI10222,Kubernetes
AI10222,Scala
AI10222,Hadoop
AI10222,Linux
AI10223,Data Visualization
AI10223,Java
AI10223,PyTorch
AI10223,GCP
AI10224,Scala
AI10224,Python
AI10224,Mathematics
AI10224,Linux
AI10225,MLOps
AI10225,Python
AI10225,Linux
AI10225,Statistics
AI10226,GCP
AI10226,Linux
AI10226,MLOps
AI10226,SQL
AI10227,Kubernetes
AI10227,Python
AI10227,Linux
AI10228,Statistics
AI10228,PyTorch
AI10228,Linux
AI10228,AWS
AI10228,SQL
AI10229,R
AI10229,PyTorch
AI10229,Tableau
AI10230,Kubernetes
AI10230,Mathematics
AI10230,Linux
AI10231,Java
AI10231,Scala
AI10231,Mathematics
AI10232,Data Visualization
AI10232,MLOps
AI10232,Spark
AI10233,TensorFlow
AI10233,Data Visualization
AI10233,MLOps
AI10233,R
AI10233,Docker
AI10234,Computer Vision
AI10234,Linux
AI10234,Tableau
AI10234,Deep Learning
AI10235,MLOps
AI10235,Data Visualization
AI10235,Docker
AI10235,Tableau
AI10235,NLP
AI10236,Spark
AI10236,PyTorch
AI10236,Computer Vision
AI10236,Tableau
AI10236,Python
AI10237,Hadoop
AI10237,SQL
AI10237,AWS
AI10238,Docker
AI10238,PyTorch
AI10238,R
AI10239,Java
AI10239,Python
AI10239,Git
AI10239,Docker
AI10239,Computer Vision
AI10240,PyTorch
AI10240,R
AI10240,Kubernetes
AI10240,Mathematics
AI10241,SQL
AI10241,Linux
AI10241,PyTorch
AI10242,Java
AI10242,Python
AI10242,Data Visualization
AI10242,Kubernetes
AI10242,SQL
AI10243,Spark
AI10243,Linux
AI10243,SQL
AI10243,Mathematics
AI10244,Docker
AI10244,GCP
AI10244,Mathematics
AI10244,Statistics
AI10244,Kubernetes
AI10245,AWS
AI10245,Azure
AI10245,Spark
AI10245,Git
AI10246,PyTorch
AI10246,Computer Vision
AI10246,NLP
AI10246,Python
AI10247,Hadoop
AI10247,Python
AI10247,NLP
AI10247,Linux
AI10248,Spark
AI10248,Statistics
AI10248,Docker
AI10249,Spark
AI10249,SQL
AI10249,Data Visualization
AI10249,Tableau
AI10250,SQL
AI10250,NLP
AI10250,Hadoop
AI10250,AWS
AI10250,Azure
AI10251,Java
AI10251,Linux
AI10251,MLOps
AI10251,SQL
AI10252,Hadoop
AI10252,Spark
AI10252,Java
AI10252,SQL
AI10252,Statistics
AI10253,PyTorch
AI10253,SQL
AI10253,Computer Vision
AI10253,Azure
AI10254,Azure
AI10254,Kubernetes
AI10254,GCP
AI10254,MLOps
AI10254,Hadoop
AI10255,Linux
AI10255,Java
AI10255,Computer Vision
AI10255,NLP
AI10256,TensorFlow
AI10256,SQL
AI10256,Scala
AI10256,AWS
AI10257,Linux
AI10257,Docker
AI10257,AWS
AI10257,SQL
AI10258,TensorFlow
AI10258,Hadoop
AI10258,Mathematics
AI10258,Spark
AI10259,Docker
AI10259,PyTorch
AI10259,GCP
AI10260,NLP
AI10260,Java
AI10260,Linux
AI10260,Kubernetes
AI10261,Java
AI10261,R
AI10261,NLP
AI10261,Hadoop
AI10261,Computer Vision
AI10262,SQL
AI10262,Kubernetes
AI10262,Java
AI10262,Azure
AI10263,NLP
AI10263,Python
AI10263,TensorFlow
AI10263,SQL
AI10263,Data Visualization
AI10264,Statistics
AI10264,TensorFlow
AI10264,Deep Learning
AI10265,NLP
AI10265,Computer Vision
AI10265,Linux
AI10265,SQL
AI10266,SQL
AI10266,Hadoop
AI10266,Kubernetes
AI10266,Java
AI10266,PyTorch
AI10267,Kubernetes
AI10267,Java
AI10267,PyTorch
AI10268,MLOps
AI10268,Kubernetes
AI10268,GCP
AI10268,Statistics
AI10269,SQL
AI10269,Mathematics
AI10269,Computer Vision
AI10269,Kubernetes
AI10269,Azure
AI10270,Linux
AI10270,Git
AI10270,Java
AI10270,Docker
AI10270,Data Visualization
AI10271,AWS
AI10271,Hadoop
AI10271,Spark
AI10271,PyTorch
AI10271,Statistics
AI10272,Git
AI10272,Python
AI10272,Scala
AI10272,Docker
AI10273,R
AI10273,Git
AI10273,NLP
AI10274,Python
AI10274,Kubernetes
AI10274,Scala
AI10274,Mathematics
AI10274,Statistics
AI10275,PyTorch
AI10275,Git
AI10275,NLP
AI10275,SQL
AI10275,MLOps
AI10276,Linux
AI10276,Docker
AI10276,SQL
AI10276,TensorFlow
AI10277,AWS
AI10277,Git
AI10277,Scala
AI10278,Python
AI10278,Spark
AI10278,TensorFlow
AI10279,MLOps
AI10279,Mathematics
AI10279,Tableau
AI10280,Linux
AI10280,GCP
AI10280,Kubernetes
AI10281,Kubernetes
AI10281,TensorFlow
AI10281,GCP
AI10281,Mathematics
AI10282,PyTorch
AI10282,AWS
AI10282,Data Visualization
AI10283,Computer Vision
AI10283,R
AI10283,Python
AI10283,Scala
AI10283,Deep Learning
AI10284,Hadoop
AI10284,SQL
AI10284,Mathematics
AI10285,Python
AI10285,Scala
AI10285,Tableau
AI10285,Azure
AI10286,Tableau
AI10286,Azure
AI10286,PyTorch
AI10286,Deep Learning
AI10287,Spark
AI10287,R
AI10287,Git
AI10288,Mathematics
AI10288,TensorFlow
AI10288,R
AI10288,Python
AI10289,Linux
AI10289,Python
AI10289,AWS
AI10289,Scala
AI10289,Java
AI10290,Linux
AI10290,SQL
AI10290,Scala
AI10290,Mathematics
AI10291,Docker
AI10291,Data Visualization
AI10291,Mathematics
AI10291,NLP
AI10292,Python
AI10292,TensorFlow
AI10292,Azure
AI10292,MLOps
AI10292,Hadoop
AI10293,GCP
AI10293,SQL
AI10293,Data Visualization
AI10293,R
AI10293,AWS
AI10294,AWS
AI10294,MLOps
AI10294,Python
AI10294,Docker
AI10295,Scala
AI10295,R
AI10295,PyTorch
AI10295,GCP
AI10295,Spark
AI10296,TensorFlow
AI10296,Data Visualization
AI10296,Kubernetes
AI10296,Azure
AI10296,Mathematics
AI10297,Data Visualization
AI10297,SQL
AI10297,AWS
AI10297,Kubernetes
AI10297,Computer Vision
AI10298,R
AI10298,PyTorch
AI10298,Git
AI10298,Hadoop
AI10298,SQL
AI10299,Computer Vision
AI10299,Statistics
AI10299,Data Visualization
AI10300,Git
AI10300,Python
AI10300,Mathematics
AI10300,Spark
AI10301,R
AI10301,Docker
AI10301,SQL
AI10301,AWS
AI10301,Data Visualization
AI10302,Java
AI10302,Linux
AI10302,Docker
AI10302,AWS
AI10303,Data Visualization
AI10303,AWS
AI10303,GCP
AI10304,Scala
AI10304,MLOps
AI10304,Java
AI10304,SQL
AI10304,AWS
AI10305,Linux
AI10305,Statistics
AI10305,GCP
AI10305,Docker
AI10305,Deep Learning
AI10306,Spark
AI10306,Linux
AI10306,Mathematics
AI10307,Scala
AI10307,Hadoop
AI10307,Python
AI10307,Computer Vision
AI10308,Linux
AI10308,Scala
AI10308,Tableau
AI10308,Spark
AI10308,Computer Vision
AI10309,NLP
AI10309,Azure
AI10309,Linux
AI10310,Java
AI10310,Computer Vision
AI10310,Deep Learning
AI10310,GCP
AI10311,R
AI10311,Kubernetes
AI10311,Tableau
AI10311,Computer Vision
AI10312,Docker
AI10312,Linux
AI10312,SQL
AI10313,Hadoop
AI10313,MLOps
AI10313,Data Visualization
AI10313,Python
AI10314,NLP
AI10314,SQL
AI10314,Azure
AI10315,Git
AI10315,Docker
AI10315,Tableau
AI10315,Kubernetes
AI10315,Mathematics
AI10316,SQL
AI10316,Scala
AI10316,Data Visualization
AI10316,MLOps
AI10316,Docker
AI10317,Python
AI10317,Azure
AI10317,Computer Vision
AI10318,Spark
AI10318,MLOps
AI10318,Linux
AI10318,NLP
AI10319,Deep Learning
AI10319,SQL
AI10319,PyTorch
AI10319,Tableau
AI10319,R
AI10320,Mathematics
AI10320,Git
AI10320,Data Visualization
AI10320,SQL
AI10321,SQL
AI10321,Kubernetes
AI10321,GCP
AI10321,Statistics
AI10321,PyTorch
AI10322,Docker
AI10322,Linux
AI10322,GCP
AI10322,AWS
AI10323,Docker
AI10323,Kubernetes
AI10323,Python
AI10324,Data Visualization
AI10324,Hadoop
AI10324,Git
AI10324,Linux
AI10325,Git
AI10325,Deep Learning
AI10325,Data Visualization
AI10326,Docker
AI10326,Kubernetes
AI10326,Python
AI10327,TensorFlow
AI10327,Statistics
AI10327,Linux
AI10327,Git
AI10328,GCP
AI10328,TensorFlow
AI10328,Scala
AI10329,Tableau
AI10329,Scala
AI10329,Spark
AI10330,Data Visualization
AI10330,Statistics
AI10330,PyTorch
AI10330,Docker
AI10330,Linux
AI10331,Docker
AI10331,Hadoop
AI10331,SQL
AI10331,Linux
AI10332,Deep Learning
AI10332,Linux
AI10332,Spark
AI10332,Azure
AI10333,TensorFlow
AI10333,Data Visualization
AI10333,Python
AI10333,Computer Vision
AI10334,Scala
AI10334,Deep Learning
AI10334,Java
AI10335,Git
AI10335,Mathematics
AI10335,Java
AI10335,Data Visualization
AI10335,SQL
AI10336,Hadoop
AI10336,PyTorch
AI10336,SQL
AI10336,Java
AI10336,MLOps
AI10337,Azure
AI10337,Mathematics
AI10337,R
AI10338,Git
AI10338,Computer Vision
AI10338,Python
AI10338,Kubernetes
AI10339,Statistics
AI10339,SQL
AI10339,Scala
AI10340,Python
AI10340,Docker
AI10340,Scala
AI10340,Data Visualization
AI10341,Hadoop
AI10341,Git
AI10341,Azure
AI10341,SQL
AI10341,Data Visualization
AI10342,Linux
AI10342,GCP
AI10342,Docker
AI10342,Hadoop
AI10342,Computer Vision
AI10343,Azure
AI10343,AWS
AI10343,SQL
AI10344,Java
AI10344,Linux
AI10344,Tableau
AI10345,MLOps
AI10345,R
AI10345,Tableau
AI10346,PyTorch
AI10346,Mathematics
AI10346,SQL
AI10346,Docker
AI10347,Data Visualization
AI10347,Hadoop
AI10347,Statistics
AI10347,Scala
AI10348,Python
AI10348,Statistics
AI10348,MLOps
AI10348,Kubernetes
AI10349,SQL
AI10349,Azure
AI10349,GCP
AI10350,Git
AI10350,Computer Vision
AI10350,NLP
AI10350,Deep Learning
AI10350,PyTorch
AI10351,NLP
AI10351,Java
AI10351,SQL
AI10351,Spark
AI10352,Python
AI10352,Linux
AI10352,Docker
AI10352,Scala
AI10353,Git
AI10353,PyTorch
AI10353,TensorFlow
AI10354,Git
AI10354,Java
AI10354,Mathematics
AI10354,Hadoop
AI10355,Computer Vision
AI10355,TensorFlow
AI10355,Linux
AI10355,Hadoop
AI10356,NLP
AI10356,Linux
AI10356,Azure
AI10356,PyTorch
AI10357,AWS
AI10357,TensorFlow
AI10357,Tableau
AI10357,R
AI10358,NLP
AI10358,Spark
AI10358,Git
AI10358,Deep Learning
AI10359,Computer Vision
AI10359,NLP
AI10359,MLOps
AI10359,Scala
AI10359,SQL
AI10360,Python
AI10360,Hadoop
AI10360,Computer Vision
AI10360,TensorFlow
AI10361,Kubernetes
AI10361,Python
AI10361,AWS
AI10361,Hadoop
AI10361,Git
AI10362,MLOps
AI10362,NLP
AI10362,PyTorch
AI10362,SQL
AI10362,R
AI10363,Tableau
AI10363,Docker
AI10363,Python
AI10363,Deep Learning
AI10364,SQL
AI10364,PyTorch
AI10364,R
AI10365,Tableau
AI10365,Deep Learning
AI10365,SQL
AI10366,Mathematics
AI10366,R
AI10366,Statistics
AI10366,Python
AI10366,Spark
AI10367,NLP
AI10367,R
AI10367,Data Visualization
AI10367,Mathematics
AI10368,Scala
AI10368,Hadoop
AI10368,Python
AI10369,Python
AI10369,SQL
AI10369,Kubernetes
AI10369,TensorFlow
AI10369,NLP
AI10370,Azure
AI10370,Java
AI10370,AWS
AI10371,R
AI10371,Hadoop
AI10371,GCP
AI10371,Docker
AI10371,Kubernetes
AI10372,Scala
AI10372,PyTorch
AI10372,Computer Vision
AI10373,Linux
AI10373,TensorFlow
AI10373,SQL
AI10373,Git
AI10373,PyTorch
AI10374,Python
AI10374,Java
AI10374,GCP
AI10374,Mathematics
AI10375,Tableau
AI10375,Scala
AI10375,Git
AI10376,TensorFlow
AI10376,Python
AI10376,Computer Vision
AI10376,NLP
AI10377,Kubernetes
AI10377,Linux
AI10377,Python
AI10377,Java
AI10377,Spark
AI10378,Git
AI10378,Computer Vision
AI10378,Scala
AI10378,PyTorch
AI10379,Data Visualization
AI10379,Hadoop
AI10379,Tableau
AI10380,NLP
AI10380,Statistics
AI10380,SQL
AI10381,Kubernetes
AI10381,TensorFlow
AI10381,SQL
AI10381,Python
AI10381,NLP
AI10382,SQL
AI10382,Azure
AI10382,Spark
AI10382,PyTorch
AI10383,AWS
AI10383,Hadoop
AI10383,Docker
AI10384,Scala
AI10384,Python
AI10384,NLP
AI10385,Spark
AI10385,Mathematics
AI10385,Git
AI10385,TensorFlow
AI10386,Java
AI10386,Scala
AI10386,Statistics
AI10387,Tableau
AI10387,GCP
AI10387,PyTorch
AI10388,Docker
AI10388,Git
AI10388,Azure
AI10388,Statistics
AI10389,Data Visualization
AI10389,GCP
AI10389,Statistics
AI10390,Linux
AI10390,Python
AI10390,TensorFlow
AI10391,Kubernetes
AI10391,Tableau
AI10391,Git
AI10391,Computer Vision
AI10391,MLOps
AI10392,Tableau
AI10392,R
AI10392,Linux
AI10393,Hadoop
AI10393,Python
AI10393,Tableau
AI10394,Hadoop
AI10394,Java
AI10394,Spark
AI10394,Data Visualization
AI10395,SQL
AI10395,PyTorch
AI10395,TensorFlow
AI10396,Java
AI10396,Scala
AI10396,Tableau
AI10397,Docker
AI10397,NLP
AI10397,Data Visualization
AI10397,Hadoop
AI10397,Scala
AI10398,Java
AI10398,Deep Learning
AI10398,Git
AI10398,R
AI10399,NLP
AI10399,Data Visualization
AI10399,SQL
AI10399,Kubernetes
AI10399,R
AI10400,NLP
AI10400,R
AI10400,AWS
AI10400,SQL
AI10400,Computer Vision
AI10401,Azure
AI10401,Statistics
AI10401,Data Visualization
AI10401,AWS
AI10402,MLOps
AI10402,Computer Vision
AI10402,Docker
AI10403,PyTorch
AI10403,Git
AI10403,Computer Vision
AI10404,Data Visualization
AI10404,Docker
AI10404,Tableau
AI10404,Hadoop
AI10405,Hadoop
AI10405,Kubernetes
AI10405,NLP
AI10405,Mathematics
AI10406,Scala
AI10406,Tableau
AI10406,R
AI10406,PyTorch
AI10406,SQL
AI10407,Azure
AI10407,MLOps
AI10407,Linux
AI10407,PyTorch
AI10408,PyTorch
AI10408,Scala
AI10408,MLOps
AI10408,TensorFlow
AI10408,Data Visualization
AI10409,Kubernetes
AI10409,Linux
AI10409,Computer Vision
AI10409,Data Visualization
AI10410,Hadoop
AI10410,Java
AI10410,AWS
AI10410,NLP
AI10410,TensorFlow
AI10411,MLOps
AI10411,PyTorch
AI10411,Python
AI10412,SQL
AI10412,PyTorch
AI10412,MLOps
AI10412,Statistics
AI10412,GCP
AI10413,SQL
AI10413,PyTorch
AI10413,AWS
AI10414,PyTorch
AI10414,TensorFlow
AI10414,Hadoop
AI10414,R
AI10414,Scala
AI10415,PyTorch
AI10415,Mathematics
AI10415,TensorFlow
AI10415,Kubernetes
AI10415,Scala
AI10416,TensorFlow
AI10416,Tableau
AI10416,Java
AI10416,Mathematics
AI10417,Scala
AI10417,TensorFlow
AI10417,R
AI10418,Data Visualization
AI10418,PyTorch
AI10418,Tableau
AI10418,TensorFlow
AI10419,Statistics
AI10419,Kubernetes
AI10419,Tableau
AI10420,Git
AI10420,R
AI10420,Kubernetes
AI10420,Hadoop
AI10421,Statistics
AI10421,PyTorch
AI10421,Mathematics
AI10421,Git
AI10421,AWS
AI10422,Docker
AI10422,R
AI10422,NLP
AI10423,PyTorch
AI10423,SQL
AI10423,Java
AI10423,Spark
AI10424,Python
AI10424,PyTorch
AI10424,Computer Vision
AI10424,Linux
AI10425,Scala
AI10425,R
AI10425,MLOps
AI10426,GCP
AI10426,Hadoop
AI10426,Kubernetes
AI10426,Scala
AI10426,TensorFlow
AI10427,TensorFlow
AI10427,SQL
AI10427,Deep Learning
AI10427,Spark
AI10427,Azure
AI10428,Computer Vision
AI10428,Docker
AI10428,Data Visualization
AI10429,Scala
AI10429,TensorFlow
AI10429,NLP
AI10429,AWS
AI10429,Python
AI10430,Java
AI10430,R
AI10430,Computer Vision
AI10430,Git
AI10430,Mathematics
AI10431,Hadoop
AI10431,Mathematics
AI10431,AWS
AI10432,AWS
AI10432,Tableau
AI10432,TensorFlow
AI10432,PyTorch
AI10432,MLOps
AI10433,Linux
AI10433,MLOps
AI10433,Docker
AI10434,R
AI10434,Deep Learning
AI10434,Tableau
AI10435,PyTorch
AI10435,TensorFlow
AI10435,SQL
AI10435,GCP
AI10436,R
AI10436,PyTorch
AI10436,Java
AI10437,SQL
AI10437,Hadoop
AI10437,GCP
AI10437,TensorFlow
AI10437,Deep Learning
AI10438,Python
AI10438,Java
AI10438,SQL
AI10439,Scala
AI10439,Kubernetes
AI10439,Mathematics
AI10439,Docker
AI10440,Scala
AI10440,Computer Vision
AI10440,Data Visualization
AI10440,PyTorch
AI10440,Azure
AI10441,Azure
AI10441,Computer Vision
AI10441,SQL
AI10442,GCP
AI10442,Statistics
AI10442,Tableau
AI10442,Python
AI10443,Python
AI10443,TensorFlow
AI10443,AWS
AI10443,Statistics
AI10444,Python
AI10444,Deep Learning
AI10444,Kubernetes
AI10444,Tableau
AI10444,SQL
AI10445,R
AI10445,Linux
AI10445,Mathematics
AI10445,Git
AI10445,MLOps
AI10446,NLP
AI10446,Kubernetes
AI10446,Tableau
AI10446,Java
AI10447,GCP
AI10447,Spark
AI10447,Deep Learning
AI10447,Linux
AI10448,Mathematics
AI10448,Python
AI10448,Data Visualization
AI10448,Kubernetes
AI10449,Kubernetes
AI10449,Tableau
AI10449,Python
AI10449,Docker
AI10450,Docker
AI10450,Git
AI10450,Hadoop
AI10451,Python
AI10451,Mathematics
AI10451,TensorFlow
AI10452,Git
AI10452,R
AI10452,NLP
AI10452,Scala
AI10452,Deep Learning
AI10453,Python
AI10453,TensorFlow
AI10453,Scala
AI10453,Java
AI10454,Tableau
AI10454,Java
AI10454,Kubernetes
AI10455,SQL
AI10455,Mathematics
AI10455,Java
AI10455,GCP
AI10456,Deep Learning
AI10456,TensorFlow
AI10456,Data Visualization
AI10456,Azure
AI10456,Python
AI10457,R
AI10457,SQL
AI10457,Deep Learning
AI10458,Hadoop
AI10458,Deep Learning
AI10458,Python
AI10458,Computer Vision
AI10458,Git
AI10459,PyTorch
AI10459,Python
AI10459,Java
AI10459,Linux
AI10459,Hadoop
AI10460,Python
AI10460,Data Visualization
AI10460,TensorFlow
AI10460,Scala
AI10461,SQL
AI10461,Statistics
AI10461,TensorFlow
AI10461,Git
AI10461,Kubernetes
AI10462,R
AI10462,PyTorch
AI10462,NLP
AI10462,Python
AI10463,MLOps
AI10463,Python
AI10463,Docker
AI10463,Statistics
AI10464,GCP
AI10464,TensorFlow
AI10464,Java
AI10465,Python
AI10465,Git
AI10465,TensorFlow
AI10465,GCP
AI10465,Hadoop
AI10466,GCP
AI10466,Java
AI10466,NLP
AI10466,Scala
AI10466,Tableau
AI10467,Statistics
AI10467,SQL
AI10467,MLOps
AI10467,Computer Vision
AI10468,Linux
AI10468,MLOps
AI10468,NLP
AI10468,Deep Learning
AI10469,Python
AI10469,Git
AI10469,Data Visualization
AI10469,Spark
AI10469,Computer Vision
AI10470,GCP
AI10470,Statistics
AI10470,Data Visualization
AI10470,Scala
AI10470,MLOps
AI10471,SQL
AI10471,Docker
AI10471,Scala
AI10472,PyTorch
AI10472,TensorFlow
AI10472,GCP
AI10472,Docker
AI10473,Deep Learning
AI10473,TensorFlow
AI10473,Python
AI10474,Azure
AI10474,Spark
AI10474,SQL
AI10474,Python
AI10475,GCP
AI10475,Mathematics
AI10475,Python
AI10475,AWS
AI10475,Deep Learning
AI10476,Scala
AI10476,SQL
AI10476,Mathematics
AI10476,R
AI10477,Kubernetes
AI10477,Statistics
AI10477,Python
AI10478,Python
AI10478,Tableau
AI10478,R
AI10478,Data Visualization
AI10479,R
AI10479,SQL
AI10479,Azure
AI10479,Deep Learning
AI10479,Spark
AI10480,SQL
AI10480,PyTorch
AI10480,AWS
AI10480,Docker
AI10480,Data Visualization
AI10481,Java
AI10481,Git
AI10481,Hadoop
AI10482,SQL
AI10482,TensorFlow
AI10482,Azure
AI10482,Hadoop
AI10483,TensorFlow
AI10483,Python
AI10483,Computer Vision
AI10483,SQL
AI10484,Python
AI10484,Docker
AI10484,TensorFlow
AI10485,TensorFlow
AI10485,NLP
AI10485,GCP
AI10486,Git
AI10486,Kubernetes
AI10486,Deep Learning
AI10486,Computer Vision
AI10487,Scala
AI10487,Git
AI10487,Docker
AI10488,Python
AI10488,AWS
AI10488,Deep Learning
AI10489,Scala
AI10489,GCP
AI10489,Computer Vision
AI10490,R
AI10490,SQL
AI10490,Statistics
AI10490,Git
AI10491,PyTorch
AI10491,Java
AI10491,Statistics
AI10492,Kubernetes
AI10492,Python
AI10492,Azure
AI10492,Mathematics
AI10492,TensorFlow
AI10493,TensorFlow
AI10493,Computer Vision
AI10493,GCP
AI10494,Tableau
AI10494,Scala
AI10494,AWS
AI10495,AWS
AI10495,Spark
AI10495,Data Visualization
AI10495,SQL
AI10495,Git
AI10496,PyTorch
AI10496,SQL
AI10496,Git
AI10497,Hadoop
AI10497,Statistics
AI10497,Git
AI10498,PyTorch
AI10498,Deep Learning
AI10498,NLP
AI10499,Linux
AI10499,Deep Learning
AI10499,Scala
AI10499,Tableau
AI10499,Spark
AI10500,Spark
AI10500,Kubernetes
AI10500,Linux
AI10501,MLOps
AI10501,Python
AI10501,Java
AI10501,Deep Learning
AI10502,MLOps
AI10502,Python
AI10502,Java
AI10503,SQL
AI10503,Kubernetes
AI10503,TensorFlow
AI10503,PyTorch
AI10504,Scala
AI10504,PyTorch
AI10504,Tableau
AI10504,Python
AI10504,Azure
AI10505,Spark
AI10505,TensorFlow
AI10505,Linux
AI10505,AWS
AI10506,Tableau
AI10506,Kubernetes
AI10506,PyTorch
AI10507,Scala
AI10507,Hadoop
AI10507,Python
AI10507,TensorFlow
AI10508,Scala
AI10508,Python
AI10508,TensorFlow
AI10508,Docker
AI10509,Python
AI10509,AWS
AI10509,Data Visualization
AI10509,GCP
AI10510,NLP
AI10510,Mathematics
AI10510,Docker
AI10511,R
AI10511,Scala
AI10511,Hadoop
AI10512,Linux
AI10512,AWS
AI10512,Python
AI10513,Git
AI10513,Python
AI10513,Statistics
AI10514,GCP
AI10514,Mathematics
AI10514,R
AI10514,MLOps
AI10515,Java
AI10515,Linux
AI10515,Computer Vision
AI10515,Azure
AI10516,PyTorch
AI10516,Docker
AI10516,MLOps
AI10516,Data Visualization
AI10516,Scala
AI10517,Hadoop
AI10517,Docker
AI10517,Python
AI10518,Tableau
AI10518,SQL
AI10518,Mathematics
AI10519,Mathematics
AI10519,TensorFlow
AI10519,Data Visualization
AI10520,Data Visualization
AI10520,PyTorch
AI10520,Scala
AI10520,MLOps
AI10520,Azure
AI10521,GCP
AI10521,Tableau
AI10521,Deep Learning
AI10521,Scala
AI10521,Computer Vision
AI10522,Data Visualization
AI10522,MLOps
AI10522,Linux
AI10523,Python
AI10523,Spark
AI10523,TensorFlow
AI10523,Tableau
AI10523,Azure
AI10524,SQL
AI10524,AWS
AI10524,Statistics
AI10525,Computer Vision
AI10525,Spark
AI10525,Kubernetes
AI10526,PyTorch
AI10526,SQL
AI10526,Spark
AI10526,Scala
AI10526,Hadoop
AI10527,Scala
AI10527,Docker
AI10527,Kubernetes
AI10528,Linux
AI10528,Hadoop
AI10528,Scala
AI10528,MLOps
AI10528,Mathematics
AI10529,Azure
AI10529,Docker
AI10529,PyTorch
AI10529,Git
AI10529,Statistics
AI10530,Java
AI10530,MLOps
AI10530,TensorFlow
AI10531,SQL
AI10531,Spark
AI10531,Mathematics
AI10532,Kubernetes
AI10532,R
AI10532,Tableau
AI10532,AWS
AI10533,Tableau
AI10533,AWS
AI10533,Computer Vision
AI10534,Scala
AI10534,Deep Learning
AI10534,Java
AI10534,R
AI10534,Docker
AI10535,Hadoop
AI10535,AWS
AI10535,Azure
AI10535,PyTorch
AI10535,Computer Vision
AI10536,Python
AI10536,TensorFlow
AI10536,Tableau
AI10537,Linux
AI10537,Kubernetes
AI10537,Tableau
AI10537,Python
AI10537,SQL
AI10538,Git
AI10538,Python
AI10538,Deep Learning
AI10539,R
AI10539,PyTorch
AI10539,Linux
AI10539,Docker
AI10540,Deep Learning
AI10540,Python
AI10540,SQL
AI10540,GCP
AI10541,R
AI10541,NLP
AI10541,Hadoop
AI10541,Computer Vision
AI10542,Kubernetes
AI10542,TensorFlow
AI10542,Docker
AI10542,PyTorch
AI10542,Linux
AI10543,Kubernetes
AI10543,Linux
AI10543,Mathematics
AI10544,Kubernetes
AI10544,Statistics
AI10544,Python
AI10544,Linux
AI10545,Docker
AI10545,Spark
AI10545,Mathematics
AI10545,Kubernetes
AI10545,Scala
AI10546,Kubernetes
AI10546,PyTorch
AI10546,Deep Learning
AI10546,NLP
AI10547,PyTorch
AI10547,MLOps
AI10547,R
AI10547,GCP
AI10547,Git
AI10548,Kubernetes
AI10548,Scala
AI10548,Tableau
AI10549,Scala
AI10549,PyTorch
AI10549,AWS
AI10549,Git
AI10550,SQL
AI10550,Computer Vision
AI10550,AWS
AI10550,Hadoop
AI10550,Statistics
AI10551,Docker
AI10551,R
AI10551,PyTorch
AI10552,Linux
AI10552,Tableau
AI10552,Hadoop
AI10553,Docker
AI10553,Statistics
AI10553,Scala
AI10554,Git
AI10554,R
AI10554,PyTorch
AI10555,Azure
AI10555,Python
AI10555,Hadoop
AI10555,Data Visualization
AI10556,Statistics
AI10556,SQL
AI10556,Data Visualization
AI10556,Python
AI10556,GCP
AI10557,TensorFlow
AI10557,Azure
AI10557,Computer Vision
AI10557,Mathematics
AI10557,Java
AI10558,MLOps
AI10558,PyTorch
AI10558,Hadoop
AI10558,Azure
AI10558,AWS
AI10559,TensorFlow
AI10559,Data Visualization
AI10559,SQL
AI10560,AWS
AI10560,Kubernetes
AI10560,MLOps
AI10560,Git
AI10561,Docker
AI10561,MLOps
AI10561,Python
AI10561,PyTorch
AI10561,R
AI10562,Git
AI10562,Spark
AI10562,Scala
AI10562,R
AI10562,Statistics
AI10563,Tableau
AI10563,Java
AI10563,Azure
AI10564,SQL
AI10564,Docker
AI10564,TensorFlow
AI10565,Scala
AI10565,Linux
AI10565,MLOps
AI10566,Python
AI10566,TensorFlow
AI10566,MLOps
AI10567,Hadoop
AI10567,TensorFlow
AI10567,GCP
AI10567,Statistics
AI10567,Deep Learning
AI10568,Kubernetes
AI10568,PyTorch
AI10568,AWS
AI10568,Deep Learning
AI10569,Hadoop
AI10569,GCP
AI10569,Scala
AI10569,Azure
AI10570,Docker
AI10570,GCP
AI10570,Deep Learning
AI10570,Kubernetes
AI10570,SQL
AI10571,PyTorch
AI10571,Computer Vision
AI10571,TensorFlow
AI10571,Azure
AI10571,Scala
AI10572,Tableau
AI10572,Azure
AI10572,TensorFlow
AI10572,Computer Vision
AI10572,Hadoop
AI10573,Data Visualization
AI10573,TensorFlow
AI10573,MLOps
AI10573,Hadoop
AI10573,Computer Vision
AI10574,SQL
AI10574,PyTorch
AI10574,Deep Learning
AI10574,MLOps
AI10574,Mathematics
AI10575,SQL
AI10575,Computer Vision
AI10575,Hadoop
AI10575,Linux
AI10575,MLOps
AI10576,Git
AI10576,Tableau
AI10576,Linux
AI10577,Python
AI10577,Git
AI10577,Scala
AI10578,Python
AI10578,Mathematics
AI10578,GCP
AI10578,Linux
AI10578,Scala
AI10579,NLP
AI10579,SQL
AI10579,MLOps
AI10579,TensorFlow
AI10579,Azure
AI10580,TensorFlow
AI10580,Python
AI10580,R
AI10580,SQL
AI10580,Hadoop
AI10581,Hadoop
AI10581,AWS
AI10581,Scala
AI10582,Linux
AI10582,Java
AI10582,Statistics
AI10582,Mathematics
AI10583,Linux
AI10583,GCP
AI10583,PyTorch
AI10584,Linux
AI10584,TensorFlow
AI10584,Statistics
AI10584,AWS
AI10585,MLOps
AI10585,PyTorch
AI10585,Java
AI10585,AWS
AI10585,Computer Vision
AI10586,Java
AI10586,Linux
AI10586,Tableau
AI10586,MLOps
AI10586,NLP
AI10587,Docker
AI10587,R
AI10587,Tableau
AI10588,NLP
AI10588,PyTorch
AI10588,Spark
AI10588,Linux
AI10588,Git
AI10589,Scala
AI10589,SQL
AI10589,Linux
AI10589,PyTorch
AI10590,PyTorch
AI10590,Computer Vision
AI10590,Linux
AI10590,Mathematics
AI10591,Python
AI10591,Computer Vision
AI10591,Data Visualization
AI10592,PyTorch
AI10592,Linux
AI10592,R
AI10593,SQL
AI10593,PyTorch
AI10593,Tableau
AI10593,Hadoop
AI10593,R
AI10594,GCP
AI10594,Git
AI10594,SQL
AI10594,MLOps
AI10594,NLP
AI10595,Git
AI10595,SQL
AI10595,PyTorch
AI10595,Statistics
AI10595,NLP
AI10596,Kubernetes
AI10596,Spark
AI10596,Linux
AI10597,Python
AI10597,Spark
AI10597,R
AI10598,Mathematics
AI10598,Spark
AI10598,Python
AI10598,NLP
AI10598,Scala
AI10599,R
AI10599,Java
AI10599,Python
AI10599,NLP
AI10600,Scala
AI10600,Python
AI10600,Mathematics
AI10600,Linux
AI10600,Statistics
AI10601,Tableau
AI10601,Scala
AI10601,PyTorch
AI10601,Statistics
AI10602,Java
AI10602,Docker
AI10602,Linux
AI10603,SQL
AI10603,Data Visualization
AI10603,Azure
AI10603,PyTorch
AI10603,AWS
AI10604,TensorFlow
AI10604,Docker
AI10604,Data Visualization
AI10605,GCP
AI10605,Deep Learning
AI10605,MLOps
AI10605,Python
AI10606,Linux
AI10606,Deep Learning
AI10606,SQL
AI10606,PyTorch
AI10607,R
AI10607,Mathematics
AI10607,Java
AI10607,Hadoop
AI10607,Kubernetes
AI10608,NLP
AI10608,Computer Vision
AI10608,Mathematics
AI10609,Tableau
AI10609,SQL
AI10609,Kubernetes
AI10609,Computer Vision
AI10610,Python
AI10610,Linux
AI10610,Statistics
AI10610,MLOps
AI10610,Computer Vision
AI10611,Statistics
AI10611,Hadoop
AI10611,Computer Vision
AI10611,Python
AI10611,TensorFlow
AI10612,Spark
AI10612,Python
AI10612,Hadoop
AI10612,Deep Learning
AI10612,TensorFlow
AI10613,Azure
AI10613,Kubernetes
AI10613,Tableau
AI10613,NLP
AI10613,Computer Vision
AI10614,MLOps
AI10614,Tableau
AI10614,TensorFlow
AI10614,Statistics
AI10614,Linux
AI10615,Azure
AI10615,Spark
AI10615,Computer Vision
AI10615,Scala
AI10616,Scala
AI10616,Azure
AI10616,GCP
AI10617,AWS
AI10617,Spark
AI10617,Data Visualization
AI10617,SQL
AI10618,SQL
AI10618,Python
AI10618,Data Visualization
AI10618,NLP
AI10619,Spark
AI10619,AWS
AI10619,NLP
AI10619,Azure
AI10619,Deep Learning
AI10620,Linux
AI10620,PyTorch
AI10620,Tableau
AI10620,Java
AI10621,Docker
AI10621,AWS
AI10621,Java
AI10621,Python
AI10622,NLP
AI10622,Git
AI10622,SQL
AI10622,Linux
AI10622,Deep Learning
AI10623,Docker
AI10623,R
AI10623,GCP
AI10623,Scala
AI10624,SQL
AI10624,Git
AI10624,Spark
AI10625,Git
AI10625,Docker
AI10625,Deep Learning
AI10626,PyTorch
AI10626,Scala
AI10626,Computer Vision
AI10626,Hadoop
AI10626,SQL
AI10627,MLOps
AI10627,Mathematics
AI10627,Hadoop
AI10628,Mathematics
AI10628,Kubernetes
AI10628,SQL
AI10629,Linux
AI10629,TensorFlow
AI10629,Tableau
AI10629,Statistics
AI10629,Deep Learning
AI10630,MLOps
AI10630,Hadoop
AI10630,AWS
AI10630,Kubernetes
AI10630,GCP
AI10631,Spark
AI10631,Git
AI10631,Kubernetes
AI10631,Linux
AI10631,Statistics
AI10632,PyTorch
AI10632,Azure
AI10632,Deep Learning
AI10633,AWS
AI10633,SQL
AI10633,Tableau
AI10633,Statistics
AI10633,Linux
AI10634,Scala
AI10634,GCP
AI10634,R
AI10635,Linux
AI10635,SQL
AI10635,Hadoop
AI10635,Mathematics
AI10636,Kubernetes
AI10636,Python
AI10636,Statistics
AI10636,Deep Learning
AI10636,Computer Vision
AI10637,Spark
AI10637,Tableau
AI10637,MLOps
AI10637,PyTorch
AI10638,Git
AI10638,TensorFlow
AI10638,Java
AI10638,Azure
AI10638,Linux
AI10639,Tableau
AI10639,TensorFlow
AI10639,PyTorch
AI10639,NLP
AI10640,Java
AI10640,SQL
AI10640,Linux
AI10641,Linux
AI10641,TensorFlow
AI10641,NLP
AI10642,Data Visualization
AI10642,Git
AI10642,Azure
AI10643,Python
AI10643,PyTorch
AI10643,Computer Vision
AI10644,Linux
AI10644,Data Visualization
AI10644,GCP
AI10644,SQL
AI10644,Git
AI10645,Tableau
AI10645,Python
AI10645,GCP
AI10646,TensorFlow
AI10646,Python
AI10646,GCP
AI10646,Statistics
AI10646,Deep Learning
AI10647,SQL
AI10647,Hadoop
AI10647,Tableau
AI10647,TensorFlow
AI10648,Java
AI10648,R
AI10648,Docker
AI10649,Python
AI10649,Statistics
AI10649,Data Visualization
AI10649,SQL
AI10649,R
AI10650,Java
AI10650,Linux
AI10650,Tableau
AI10651,Deep Learning
AI10651,Java
AI10651,Kubernetes
AI10651,NLP
AI10651,Azure
AI10652,Mathematics
AI10652,PyTorch
AI10652,Kubernetes
AI10652,Scala
AI10653,Data Visualization
AI10653,Spark
AI10653,R
AI10654,PyTorch
AI10654,Kubernetes
AI10654,R
AI10655,SQL
AI10655,NLP
AI10655,PyTorch
AI10655,TensorFlow
AI10655,Java
AI10656,SQL
AI10656,Java
AI10656,Azure
AI10657,Tableau
AI10657,Python
AI10657,Hadoop
AI10657,TensorFlow
AI10658,MLOps
AI10658,Python
AI10658,Data Visualization
AI10659,Computer Vision
AI10659,Tableau
AI10659,MLOps
AI10659,R
AI10660,PyTorch
AI10660,Git
AI10660,Hadoop
AI10660,NLP
AI10661,AWS
AI10661,Git
AI10661,Docker
AI10661,SQL
AI10662,Spark
AI10662,Scala
AI10662,Linux
AI10662,Python
AI10663,Scala
AI10663,Kubernetes
AI10663,Azure
AI10663,Computer Vision
AI10663,Java
AI10664,PyTorch
AI10664,Scala
AI10664,Java
AI10665,R
AI10665,SQL
AI10665,MLOps
AI10665,Hadoop
AI10666,Spark
AI10666,Java
AI10666,Data Visualization
AI10666,Python
AI10666,Mathematics
AI10667,Python
AI10667,MLOps
AI10667,Linux
AI10668,Kubernetes
AI10668,Statistics
AI10668,MLOps
AI10668,Scala
AI10669,Docker
AI10669,Spark
AI10669,Python
AI10670,SQL
AI10670,MLOps
AI10670,PyTorch
AI10671,Spark
AI10671,Python
AI10671,TensorFlow
AI10671,Scala
AI10672,Deep Learning
AI10672,Computer Vision
AI10672,NLP
AI10672,GCP
AI10673,GCP
AI10673,Hadoop
AI10673,Python
AI10673,Computer Vision
AI10674,Spark
AI10674,Kubernetes
AI10674,R
AI10674,NLP
AI10674,GCP
AI10675,Git
AI10675,Kubernetes
AI10675,Azure
AI10675,Mathematics
AI10676,Tableau
AI10676,Java
AI10676,PyTorch
AI10677,Kubernetes
AI10677,SQL
AI10677,NLP
AI10677,Docker
AI10678,Git
AI10678,Kubernetes
AI10678,Computer Vision
AI10679,AWS
AI10679,Java
AI10679,Python
AI10679,MLOps
AI10680,Linux
AI10680,Hadoop
AI10680,Tableau
AI10680,Statistics
AI10680,R
AI10681,Scala
AI10681,Deep Learning
AI10681,Linux
AI10682,TensorFlow
AI10682,SQL
AI10682,Data Visualization
AI10682,Scala
AI10683,Mathematics
AI10683,Tableau
AI10683,Scala
AI10684,Tableau
AI10684,Kubernetes
AI10684,Python
AI10684,Computer Vision
AI10684,Linux
AI10685,Deep Learning
AI10685,Data Visualization
AI10685,Python
AI10685,Git
AI10686,TensorFlow
AI10686,PyTorch
AI10686,NLP
AI10686,Kubernetes
AI10686,Mathematics
AI10687,Computer Vision
AI10687,PyTorch
AI10687,MLOps
AI10687,Scala
AI10688,Spark
AI10688,Git
AI10688,Computer Vision
AI10688,Python
AI10689,Computer Vision
AI10689,Statistics
AI10689,Python
AI10690,Python
AI10690,Kubernetes
AI10690,NLP
AI10690,Computer Vision
AI10691,GCP
AI10691,Git
AI10691,MLOps
AI10692,SQL
AI10692,Azure
AI10692,Python
AI10693,Python
AI10693,Computer Vision
AI10693,Linux
AI10694,Kubernetes
AI10694,Linux
AI10694,Mathematics
AI10694,Spark
AI10694,Java
AI10695,Computer Vision
AI10695,Statistics
AI10695,Scala
AI10695,Deep Learning
AI10695,Docker
AI10696,PyTorch
AI10696,GCP
AI10696,Spark
AI10697,Statistics
AI10697,Mathematics
AI10697,SQL
AI10698,Tableau
AI10698,Deep Learning
AI10698,SQL
AI10698,Mathematics
AI10699,Java
AI10699,Kubernetes
AI10699,GCP
AI10700,Docker
AI10700,TensorFlow
AI10700,NLP
AI10700,SQL
AI10701,Spark
AI10701,Docker
AI10701,Azure
AI10701,Hadoop
AI10701,PyTorch
AI10702,Python
AI10702,Deep Learning
AI10702,Tableau
AI10702,TensorFlow
AI10702,Docker
AI10703,Linux
AI10703,Computer Vision
AI10703,Docker
AI10704,Mathematics
AI10704,NLP
AI10704,Docker
AI10704,Kubernetes
AI10704,TensorFlow
AI10705,GCP
AI10705,Linux
AI10705,Data Visualization
AI10705,Computer Vision
AI10705,Scala
AI10706,R
AI10706,TensorFlow
AI10706,MLOps
AI10706,Python
AI10706,Deep Learning
AI10707,Hadoop
AI10707,Statistics
AI10707,Data Visualization
AI10708,Kubernetes
AI10708,SQL
AI10708,Linux
AI10708,NLP
AI10708,Java
AI10709,Docker
AI10709,Data Visualization
AI10709,Python
AI10709,R
AI10709,Linux
AI10710,AWS
AI10710,Computer Vision
AI10710,PyTorch
AI10711,SQL
AI10711,Tableau
AI10711,Java
AI10712,Data Visualization
AI10712,Python
AI10712,PyTorch
AI10713,SQL
AI10713,AWS
AI10713,MLOps
AI10713,Computer Vision
AI10714,Deep Learning
AI10714,Computer Vision
AI10714,Docker
AI10714,Hadoop
AI10715,AWS
AI10715,Docker
AI10715,Kubernetes
AI10715,Data Visualization
AI10715,Tableau
AI10716,Scala
AI10716,TensorFlow
AI10716,GCP
AI10716,Deep Learning
AI10717,MLOps
AI10717,Azure
AI10717,Linux
AI10718,Scala
AI10718,Kubernetes
AI10718,Deep Learning
AI10718,PyTorch
AI10719,Mathematics
AI10719,Linux
AI10719,Computer Vision
AI10719,Python
AI10720,Scala
AI10720,Git
AI10720,Python
AI10720,Docker
AI10721,TensorFlow
AI10721,Linux
AI10721,Hadoop
AI10721,Computer Vision
AI10722,Python
AI10722,Java
AI10722,Data Visualization
AI10722,Spark
AI10722,Computer Vision
AI10723,PyTorch
AI10723,Git
AI10723,SQL
AI10724,Statistics
AI10724,SQL
AI10724,PyTorch
AI10724,GCP
AI10724,Hadoop
AI10725,Statistics
AI10725,TensorFlow
AI10725,Kubernetes
AI10725,Hadoop
AI10726,Computer Vision
AI10726,SQL
AI10726,Mathematics
AI10727,Java
AI10727,Git
AI10727,R
AI10727,AWS
AI10728,Python
AI10728,Computer Vision
AI10728,Scala
AI10728,Kubernetes
AI10728,Java
AI10729,Python
AI10729,TensorFlow
AI10729,Data Visualization
AI10730,Azure
AI10730,AWS
AI10730,Kubernetes
AI10730,Python
AI10730,TensorFlow
AI10731,Statistics
AI10731,Spark
AI10731,Scala
AI10732,GCP
AI10732,TensorFlow
AI10732,SQL
AI10732,Deep Learning
AI10733,R
AI10733,Scala
AI10733,GCP
AI10733,SQL
AI10733,Python
AI10734,AWS
AI10734,Python
AI10734,Data Visualization
AI10735,NLP
AI10735,Mathematics
AI10735,Computer Vision
AI10736,Azure
AI10736,Statistics
AI10736,Tableau
AI10736,Kubernetes
AI10736,Java
AI10737,TensorFlow
AI10737,SQL
AI10737,MLOps
AI10737,AWS
AI10738,Tableau
AI10738,Spark
AI10738,Statistics
AI10739,GCP
AI10739,Statistics
AI10739,PyTorch
AI10739,Mathematics
AI10739,SQL
AI10740,Statistics
AI10740,Deep Learning
AI10740,Data Visualization
AI10740,Azure
AI10741,SQL
AI10741,Spark
AI10741,Linux
AI10741,AWS
AI10742,Statistics
AI10742,Kubernetes
AI10742,MLOps
AI10742,Python
AI10743,Docker
AI10743,SQL
AI10743,Computer Vision
AI10743,Tableau
AI10743,Data Visualization
AI10744,PyTorch
AI10744,SQL
AI10744,Data Visualization
AI10744,Tableau
AI10745,TensorFlow
AI10745,AWS
AI10745,Scala
AI10745,MLOps
AI10745,GCP
AI10746,Java
AI10746,Kubernetes
AI10746,Spark
AI10747,GCP
AI10747,Deep Learning
AI10747,MLOps
AI10747,Kubernetes
AI10747,TensorFlow
AI10748,Linux
AI10748,TensorFlow
AI10748,Tableau
AI10748,Docker
AI10748,NLP
AI10749,NLP
AI10749,Statistics
AI10749,Git
AI10749,Azure
AI10749,MLOps
AI10750,SQL
AI10750,Azure
AI10750,Tableau
AI10750,Statistics
AI10751,R
AI10751,SQL
AI10751,Spark
AI10752,Python
AI10752,TensorFlow
AI10752,Linux
AI10752,PyTorch
AI10752,Git
AI10753,SQL
AI10753,PyTorch
AI10753,Java
AI10753,Linux
AI10753,Mathematics
AI10754,Hadoop
AI10754,SQL
AI10754,TensorFlow
AI10754,Scala
AI10754,Computer Vision
AI10755,Computer Vision
AI10755,Azure
AI10755,Hadoop
AI10755,TensorFlow
AI10756,AWS
AI10756,Linux
AI10756,Docker
AI10757,Python
AI10757,AWS
AI10757,Computer Vision
AI10757,Deep Learning
AI10757,Linux
AI10758,Kubernetes
AI10758,R
AI10758,GCP
AI10759,Linux
AI10759,Mathematics
AI10759,R
AI10759,Data Visualization
AI10760,Java
AI10760,SQL
AI10760,Hadoop
AI10760,Docker
AI10760,Python
AI10761,Scala
AI10761,Tableau
AI10761,Data Visualization
AI10762,Linux
AI10762,Mathematics
AI10762,Scala
AI10762,R
AI10763,AWS
AI10763,Scala
AI10763,GCP
AI10764,Deep Learning
AI10764,Kubernetes
AI10764,PyTorch
AI10764,Tableau
AI10764,TensorFlow
AI10765,NLP
AI10765,Linux
AI10765,Tableau
AI10766,Data Visualization
AI10766,R
AI10766,Hadoop
AI10767,Mathematics
AI10767,Java
AI10767,GCP
AI10767,TensorFlow
AI10767,Docker
AI10768,Deep Learning
AI10768,R
AI10768,Tableau
AI10769,Deep Learning
AI10769,Linux
AI10769,Azure
AI10769,TensorFlow
AI10770,SQL
AI10770,PyTorch
AI10770,Scala
AI10771,Git
AI10771,PyTorch
AI10771,Deep Learning
AI10772,Spark
AI10772,Docker
AI10772,Kubernetes
AI10772,Data Visualization
AI10772,Python
AI10773,Kubernetes
AI10773,Hadoop
AI10773,Deep Learning
AI10773,Azure
AI10774,NLP
AI10774,SQL
AI10774,Python
AI10774,Statistics
AI10775,Statistics
AI10775,Python
AI10775,Data Visualization
AI10775,Azure
AI10776,Kubernetes
AI10776,Scala
AI10776,Statistics
AI10777,PyTorch
AI10777,TensorFlow
AI10777,MLOps
AI10778,Spark
AI10778,Python
AI10778,Azure
AI10778,Git
AI10778,Data Visualization
AI10779,Deep Learning
AI10779,PyTorch
AI10779,NLP
AI10780,Tableau
AI10780,Linux
AI10780,R
AI10781,MLOps
AI10781,Linux
AI10781,Python
AI10782,SQL
AI10782,Tableau
AI10782,AWS
AI10782,Data Visualization
AI10783,Scala
AI10783,PyTorch
AI10783,GCP
AI10784,Hadoop
AI10784,TensorFlow
AI10784,Python
AI10784,Docker
AI10785,SQL
AI10785,Deep Learning
AI10785,Python
AI10785,Git
AI10786,Tableau
AI10786,PyTorch
AI10786,Kubernetes
AI10787,PyTorch
AI10787,R
AI10787,GCP
AI10788,Azure
AI10788,Linux
AI10788,Python
AI10789,PyTorch
AI10789,Azure
AI10789,Kubernetes
AI10789,MLOps
AI10790,Python
AI10790,Hadoop
AI10790,TensorFlow
AI10790,Azure
AI10790,Linux
AI10791,Deep Learning
AI10791,MLOps
AI10791,Python
AI10791,Computer Vision
AI10792,Kubernetes
AI10792,Python
AI10792,AWS
AI10792,Azure
AI10793,GCP
AI10793,AWS
AI10793,Python
AI10793,Git
AI10794,Statistics
AI10794,Mathematics
AI10794,Scala
AI10795,Docker
AI10795,Python
AI10795,Deep Learning
AI10796,Python
AI10796,Deep Learning
AI10796,Hadoop
AI10796,Spark
AI10797,Linux
AI10797,Mathematics
AI10797,Tableau
AI10797,Python
AI10797,GCP
AI10798,Tableau
AI10798,Deep Learning
AI10798,Docker
AI10799,Docker
AI10799,PyTorch
AI10799,SQL
AI10799,Tableau
AI10800,TensorFlow
AI10800,Java
AI10800,Mathematics
AI10800,Computer Vision
AI10801,Azure
AI10801,Tableau
AI10801,PyTorch
AI10802,SQL
AI10802,Hadoop
AI10802,GCP
AI10802,Tableau
AI10802,Java
AI10803,Kubernetes
AI10803,Spark
AI10803,Statistics
AI10803,MLOps
AI10803,Scala
AI10804,NLP
AI10804,Spark
AI10804,SQL
AI10805,Hadoop
AI10805,AWS
AI10805,Tableau
AI10806,SQL
AI10806,Scala
AI10806,AWS
AI10806,Tableau
AI10807,SQL
AI10807,Data Visualization
AI10807,AWS
AI10808,Java
AI10808,Azure
AI10808,PyTorch
AI10808,TensorFlow
AI10809,MLOps
AI10809,Scala
AI10809,Python
AI10809,Git
AI10809,Docker
AI10810,Mathematics
AI10810,SQL
AI10810,Java
AI10811,Tableau
AI10811,Hadoop
AI10811,Scala
AI10811,PyTorch
AI10812,PyTorch
AI10812,Azure
AI10812,R
AI10812,Kubernetes
AI10812,GCP
AI10813,Kubernetes
AI10813,Scala
AI10813,R
AI10814,Kubernetes
AI10814,SQL
AI10814,NLP
AI10814,Python
AI10815,Kubernetes
AI10815,PyTorch
AI10815,Deep Learning
AI10815,Statistics
AI10816,Statistics
AI10816,PyTorch
AI10816,Scala
AI10817,Kubernetes
AI10817,TensorFlow
AI10817,AWS
AI10817,Git
AI10818,GCP
AI10818,Azure
AI10818,MLOps
AI10819,Mathematics
AI10819,Deep Learning
AI10819,Git
AI10820,Linux
AI10820,Docker
AI10820,Statistics
AI10820,Hadoop
AI10821,Python
AI10821,TensorFlow
AI10821,Spark
AI10822,Scala
AI10822,Git
AI10822,Data Visualization
AI10822,Mathematics
AI10822,Docker
AI10823,Kubernetes
AI10823,R
AI10823,Computer Vision
AI10823,Scala
AI10823,Spark
AI10824,Python
AI10824,Azure
AI10824,Tableau
AI10825,Deep Learning
AI10825,Kubernetes
AI10825,PyTorch
AI10825,Azure
AI10825,TensorFlow
AI10826,TensorFlow
AI10826,Docker
AI10826,Deep Learning
AI10826,Azure
AI10826,GCP
AI10827,Mathematics
AI10827,GCP
AI10827,Linux
AI10827,Spark
AI10828,Docker
AI10828,Spark
AI10828,Azure
AI10828,Statistics
AI10828,Python
AI10829,AWS
AI10829,Tableau
AI10829,Deep Learning
AI10829,Docker
AI10830,Azure
AI10830,PyTorch
AI10830,Hadoop
AI10830,Git
AI10831,AWS
AI10831,Statistics
AI10831,Docker
AI10832,Kubernetes
AI10832,Linux
AI10832,GCP
AI10832,Python
AI10832,Computer Vision
AI10833,AWS
AI10833,Hadoop
AI10833,GCP
AI10834,PyTorch
AI10834,SQL
AI10834,Statistics
AI10835,Linux
AI10835,SQL
AI10835,Tableau
AI10836,Python
AI10836,Hadoop
AI10836,Scala
AI10836,MLOps
AI10836,Docker
AI10837,Azure
AI10837,AWS
AI10837,GCP
AI10838,SQL
AI10838,Kubernetes
AI10838,Docker
AI10839,Spark
AI10839,Git
AI10839,Tableau
AI10839,Python
AI10839,TensorFlow
AI10840,Hadoop
AI10840,Java
AI10840,Kubernetes
AI10840,TensorFlow
AI10841,Kubernetes
AI10841,SQL
AI10841,Data Visualization
AI10841,Computer Vision
AI10841,Tableau
AI10842,Linux
AI10842,TensorFlow
AI10842,Data Visualization
AI10842,R
AI10843,Spark
AI10843,Linux
AI10843,R
AI10843,Computer Vision
AI10844,Python
AI10844,TensorFlow
AI10844,Azure
AI10844,Spark
AI10844,Mathematics
AI10845,PyTorch
AI10845,Mathematics
AI10845,AWS
AI10845,SQL
AI10846,Git
AI10846,Kubernetes
AI10846,Azure
AI10846,R
AI10846,Deep Learning
AI10847,Deep Learning
AI10847,Azure
AI10847,Computer Vision
AI10847,R
AI10848,Git
AI10848,Kubernetes
AI10848,Statistics
AI10848,Hadoop
AI10848,Python
AI10849,Python
AI10849,TensorFlow
AI10849,Mathematics
AI10849,Data Visualization
AI10850,Azure
AI10850,Python
AI10850,Computer Vision
AI10850,SQL
AI10851,R
AI10851,Azure
AI10851,Computer Vision
AI10851,Git
AI10851,Linux
AI10852,Python
AI10852,Kubernetes
AI10852,Spark
AI10853,GCP
AI10853,AWS
AI10853,Mathematics
AI10853,Linux
AI10854,Data Visualization
AI10854,GCP
AI10854,Python
AI10854,R
AI10855,NLP
AI10855,SQL
AI10855,Tableau
AI10855,Azure
AI10855,PyTorch
AI10856,Deep Learning
AI10856,Python
AI10856,Tableau
AI10856,Kubernetes
AI10856,Data Visualization
AI10857,Scala
AI10857,Python
AI10857,NLP
AI10857,Kubernetes
AI10858,NLP
AI10858,PyTorch
AI10858,Java
AI10859,Data Visualization
AI10859,Git
AI10859,R
AI10859,Scala
AI10859,Docker
AI10860,SQL
AI10860,Data Visualization
AI10860,Hadoop
AI10861,SQL
AI10861,PyTorch
AI10861,Hadoop
AI10862,Tableau
AI10862,Deep Learning
AI10862,NLP
AI10862,Azure
AI10863,Linux
AI10863,Azure
AI10863,SQL
AI10863,MLOps
AI10863,Java
AI10864,AWS
AI10864,MLOps
AI10864,Spark
AI10864,Git
AI10864,Deep Learning
AI10865,Spark
AI10865,Kubernetes
AI10865,Azure
AI10865,TensorFlow
AI10865,Computer Vision
AI10866,PyTorch
AI10866,Data Visualization
AI10866,Git
AI10866,NLP
AI10867,Tableau
AI10867,Kubernetes
AI10867,Hadoop
AI10867,Java
AI10868,Linux
AI10868,Data Visualization
AI10868,Python
AI10868,Kubernetes
AI10869,Spark
AI10869,Linux
AI10869,Deep Learning
AI10869,Mathematics
AI10869,AWS
AI10870,Azure
AI10870,Kubernetes
AI10870,Python
AI10870,Computer Vision
AI10871,Hadoop
AI10871,TensorFlow
AI10871,SQL
AI10871,Data Visualization
AI10871,Docker
AI10872,R
AI10872,GCP
AI10872,Computer Vision
AI10872,Statistics
AI10873,Computer Vision
AI10873,AWS
AI10873,Python
AI10873,Git
AI10873,Kubernetes
AI10874,Linux
AI10874,SQL
AI10874,Scala
AI10874,Kubernetes
AI10875,Computer Vision
AI10875,AWS
AI10875,Spark
AI10875,Linux
AI10876,Git
AI10876,Kubernetes
AI10876,Python
AI10876,Deep Learning
AI10877,Data Visualization
AI10877,Spark
AI10877,Java
AI10877,Computer Vision
AI10877,SQL
AI10878,Kubernetes
AI10878,NLP
AI10878,MLOps
AI10878,SQL
AI10879,R
AI10879,Linux
AI10879,Python
AI10879,Computer Vision
AI10880,Python
AI10880,Docker
AI10880,NLP
AI10880,Tableau
AI10881,Mathematics
AI10881,Deep Learning
AI10881,Python
AI10881,R
AI10881,Java
AI10882,Mathematics
AI10882,Spark
AI10882,PyTorch
AI10883,Mathematics
AI10883,R
AI10883,Azure
AI10883,GCP
AI10883,NLP
AI10884,TensorFlow
AI10884,Hadoop
AI10884,Git
AI10884,Computer Vision
AI10884,Spark
AI10885,Statistics
AI10885,Linux
AI10885,Docker
AI10885,Deep Learning
AI10886,Tableau
AI10886,Python
AI10886,Java
AI10886,MLOps
AI10886,Deep Learning
AI10887,Python
AI10887,Linux
AI10887,Deep Learning
AI10888,Kubernetes
AI10888,NLP
AI10888,MLOps
AI10888,GCP
AI10888,Computer Vision
AI10889,Kubernetes
AI10889,SQL
AI10889,Mathematics
AI10890,Deep Learning
AI10890,Kubernetes
AI10890,Python
AI10891,Computer Vision
AI10891,Git
AI10891,Hadoop
AI10892,Statistics
AI10892,Azure
AI10892,Hadoop
AI10893,Computer Vision
AI10893,Azure
AI10893,Data Visualization
AI10893,R
AI10893,SQL
AI10894,MLOps
AI10894,GCP
AI10894,R
AI10894,Deep Learning
AI10894,Data Visualization
AI10895,Python
AI10895,Azure
AI10895,Mathematics
AI10895,TensorFlow
AI10896,TensorFlow
AI10896,Git
AI10896,Scala
AI10897,MLOps
AI10897,Deep Learning
AI10897,Python
AI10897,Scala
AI10897,SQL
AI10898,AWS
AI10898,Hadoop
AI10898,Scala
AI10898,Java
AI10898,Python
AI10899,Computer Vision
AI10899,Git
AI10899,Deep Learning
AI10900,Hadoop
AI10900,Python
AI10900,TensorFlow
AI10900,Kubernetes
AI10901,Statistics
AI10901,Linux
AI10901,Data Visualization
AI10902,SQL
AI10902,Python
AI10902,Hadoop
AI10903,Java
AI10903,Hadoop
AI10903,R
AI10903,Git
AI10903,Tableau
AI10904,Spark
AI10904,Mathematics
AI10904,Deep Learning
AI10904,MLOps
AI10905,PyTorch
AI10905,Scala
AI10905,Docker
AI10905,Computer Vision
AI10906,Java
AI10906,Kubernetes
AI10906,Docker
AI10906,NLP
AI10907,Statistics
AI10907,TensorFlow
AI10907,Computer Vision
AI10907,AWS
AI10907,Linux
AI10908,Python
AI10908,Azure
AI10908,MLOps
AI10908,NLP
AI10909,Java
AI10909,Deep Learning
AI10909,GCP
AI10909,Hadoop
AI10910,Computer Vision
AI10910,SQL
AI10910,AWS
AI10910,Java
AI10911,Data Visualization
AI10911,Azure
AI10911,PyTorch
AI10911,NLP
AI10912,Git
AI10912,Data Visualization
AI10912,Kubernetes
AI10913,Python
AI10913,Kubernetes
AI10913,Hadoop
AI10914,Java
AI10914,Hadoop
AI10914,MLOps
AI10914,Python
AI10915,GCP
AI10915,Kubernetes
AI10915,NLP
AI10915,Java
AI10915,Azure
AI10916,Azure
AI10916,GCP
AI10916,R
AI10917,Deep Learning
AI10917,Python
AI10917,TensorFlow
AI10917,NLP
AI10917,R
AI10918,GCP
AI10918,Git
AI10918,Mathematics
AI10918,Scala
AI10918,Python
AI10919,Docker
AI10919,Mathematics
AI10919,Data Visualization
AI10919,Kubernetes
AI10919,Deep Learning
AI10920,MLOps
AI10920,Azure
AI10920,Python
AI10920,Java
AI10921,Scala
AI10921,Tableau
AI10921,Spark
AI10921,Data Visualization
AI10922,Scala
AI10922,Deep Learning
AI10922,GCP
AI10922,MLOps
AI10922,PyTorch
AI10923,Mathematics
AI10923,Kubernetes
AI10923,SQL
AI10923,Linux
AI10923,Statistics
AI10924,Spark
AI10924,Java
AI10924,R
AI10925,NLP
AI10925,Hadoop
AI10925,SQL
AI10925,Tableau
AI10925,Docker
AI10926,Linux
AI10926,Java
AI10926,AWS
AI10926,Git
AI10926,Statistics
AI10927,TensorFlow
AI10927,Spark
AI10927,GCP
AI10928,Python
AI10928,NLP
AI10928,Data Visualization
AI10929,R
AI10929,GCP
AI10929,Git
AI10930,Deep Learning
AI10930,Git
AI10930,Linux
AI10931,Python
AI10931,Kubernetes
AI10931,Linux
AI10931,TensorFlow
AI10931,Azure
AI10932,Data Visualization
AI10932,AWS
AI10932,Python
AI10932,Docker
AI10933,Spark
AI10933,Python
AI10933,Git
AI10933,Linux
AI10934,Scala
AI10934,Python
AI10934,NLP
AI10935,SQL
AI10935,NLP
AI10935,AWS
AI10935,Python
AI10935,Spark
AI10936,Hadoop
AI10936,Kubernetes
AI10936,Deep Learning
AI10936,Python
AI10937,Hadoop
AI10937,Computer Vision
AI10937,Scala
AI10937,GCP
AI10937,TensorFlow
AI10938,Tableau
AI10938,Azure
AI10938,Docker
AI10938,Spark
AI10938,Kubernetes
AI10939,PyTorch
AI10939,MLOps
AI10939,Python
AI10940,R
AI10940,Linux
AI10940,AWS
AI10941,Kubernetes
AI10941,SQL
AI10941,Azure
AI10941,Python
AI10941,Linux
AI10942,Java
AI10942,Linux
AI10942,TensorFlow
AI10942,SQL
AI10943,Scala
AI10943,Spark
AI10943,Kubernetes
AI10943,R
AI10943,Java
AI10944,R
AI10944,Hadoop
AI10944,MLOps
AI10944,Deep Learning
AI10944,Docker
AI10945,Azure
AI10945,SQL
AI10945,GCP
AI10945,PyTorch
AI10945,Git
AI10946,Hadoop
AI10946,Python
AI10946,Spark
AI10946,R
AI10947,Linux
AI10947,Python
AI10947,Tableau
AI10947,SQL
AI10948,R
AI10948,Kubernetes
AI10948,Git
AI10948,Deep Learning
AI10948,Computer Vision
AI10949,Java
AI10949,Linux
AI10949,NLP
AI10949,Tableau
AI10950,MLOps
AI10950,GCP
AI10950,Kubernetes
AI10950,Spark
AI10950,Mathematics
AI10951,Python
AI10951,Hadoop
AI10951,Linux
AI10952,GCP
AI10952,Computer Vision
AI10952,Linux
AI10953,NLP
AI10953,MLOps
AI10953,TensorFlow
AI10953,Git
AI10954,Linux
AI10954,Computer Vision
AI10954,AWS
AI10954,Mathematics
AI10955,Data Visualization
AI10955,AWS
AI10955,GCP
AI10955,Scala
AI10955,Java
AI10956,Java
AI10956,GCP
AI10956,Git
AI10956,Python
AI10957,Linux
AI10957,R
AI10957,Hadoop
AI10957,Statistics
AI10958,Python
AI10958,Docker
AI10958,Data Visualization
AI10958,Statistics
AI10958,Scala
AI10959,Scala
AI10959,Kubernetes
AI10959,Tableau
AI10960,Hadoop
AI10960,Azure
AI10960,SQL
AI10961,R
AI10961,Hadoop
AI10961,Statistics
AI10961,MLOps
AI10962,MLOps
AI10962,Linux
AI10962,Docker
AI10962,NLP
AI10962,Spark
AI10963,NLP
AI10963,PyTorch
AI10963,Spark
AI10963,TensorFlow
AI10964,Linux
AI10964,Tableau
AI10964,PyTorch
AI10965,Spark
AI10965,Linux
AI10965,SQL
AI10965,NLP
AI10965,Computer Vision
AI10966,Python
AI10966,Tableau
AI10966,Hadoop
AI10966,Kubernetes
AI10967,Tableau
AI10967,PyTorch
AI10967,SQL
AI10968,Scala
AI10968,Docker
AI10968,Python
AI10969,Spark
AI10969,R
AI10969,MLOps
AI10970,Mathematics
AI10970,Kubernetes
AI10970,Docker
AI10970,AWS
AI10970,NLP
AI10971,Azure
AI10971,Computer Vision
AI10971,Linux
AI10972,Kubernetes
AI10972,Git
AI10972,Data Visualization
AI10972,GCP
AI10972,Python
AI10973,SQL
AI10973,Linux
AI10973,Data Visualization
AI10973,Spark
AI10973,Azure
AI10974,MLOps
AI10974,Data Visualization
AI10974,Python
AI10974,Linux
AI10975,Java
AI10975,Spark
AI10975,PyTorch
AI10975,Tableau
AI10975,GCP
AI10976,Python
AI10976,Hadoop
AI10976,TensorFlow
AI10976,Computer Vision
AI10977,AWS
AI10977,Hadoop
AI10977,MLOps
AI10977,NLP
AI10978,Azure
AI10978,R
AI10978,Deep Learning
AI10978,GCP
AI10978,Spark
AI10979,TensorFlow
AI10979,Kubernetes
AI10979,Docker
AI10979,Data Visualization
AI10980,Scala
AI10980,Java
AI10980,Statistics
AI10980,Linux
AI10980,Python
AI10981,Kubernetes
AI10981,Linux
AI10981,Python
AI10981,Git
AI10981,Azure
AI10982,Scala
AI10982,NLP
AI10982,Statistics
AI10983,Azure
AI10983,GCP
AI10983,MLOps
AI10983,Hadoop
AI10984,NLP
AI10984,GCP
AI10984,Hadoop
AI10984,Kubernetes
AI10984,Mathematics
AI10985,Hadoop
AI10985,Python
AI10985,Mathematics
AI10986,Python
AI10986,Hadoop
AI10986,GCP
AI10987,Spark
AI10987,Scala
AI10987,SQL
AI10988,R
AI10988,Python
AI10988,Java
AI10988,Scala
AI10988,Data Visualization
AI10989,Tableau
AI10989,Statistics
AI10989,Python
AI10990,Python
AI10990,R
AI10990,MLOps
AI10991,Data Visualization
AI10991,NLP
AI10991,Azure
AI10991,Python
AI10992,Python
AI10992,SQL
AI10992,TensorFlow
AI10993,Azure
AI10993,Spark
AI10993,NLP
AI10993,Data Visualization
AI10994,Python
AI10994,Scala
AI10994,Mathematics
AI10995,R
AI10995,Deep Learning
AI10995,Hadoop
AI10996,Scala
AI10996,Deep Learning
AI10996,Computer Vision
AI10996,Python
AI10997,R
AI10997,Hadoop
AI10997,PyTorch
AI10997,TensorFlow
AI10997,Python
AI10998,Azure
AI10998,TensorFlow
AI10998,Linux
AI10998,PyTorch
AI10999,AWS
AI10999,Linux
AI10999,SQL
AI10999,Scala
AI11000,TensorFlow
AI11000,Kubernetes
AI11000,MLOps
AI11001,PyTorch
AI11001,SQL
AI11001,MLOps
AI11001,Azure
AI11001,Docker
AI11002,R
AI11002,MLOps
AI11002,Azure
AI11002,SQL
AI11002,AWS
AI11003,R
AI11003,Kubernetes
AI11003,Tableau
AI11003,Java
AI11004,Linux
AI11004,Kubernetes
AI11004,Java
AI11005,Scala
AI11005,Python
AI11005,NLP
AI11005,Computer Vision
AI11006,Scala
AI11006,Data Visualization
AI11006,GCP
AI11006,Deep Learning
AI11007,Linux
AI11007,Kubernetes
AI11007,MLOps
AI11007,Deep Learning
AI11008,MLOps
AI11008,Git
AI11008,R
AI11008,Computer Vision
AI11008,Linux
AI11009,GCP
AI11009,R
AI11009,Statistics
AI11009,Deep Learning
AI11009,Azure
AI11010,Git
AI11010,AWS
AI11010,SQL
AI11010,PyTorch
AI11011,Python
AI11011,Spark
AI11011,TensorFlow
AI11011,Hadoop
AI11011,NLP
AI11012,Linux
AI11012,MLOps
AI11012,Hadoop
AI11012,SQL
AI11013,Azure
AI11013,SQL
AI11013,Git
AI11013,GCP
AI11013,PyTorch
AI11014,R
AI11014,AWS
AI11014,SQL
AI11014,Docker
AI11015,PyTorch
AI11015,TensorFlow
AI11015,NLP
AI11015,GCP
AI11016,Deep Learning
AI11016,Hadoop
AI11016,R
AI11016,Mathematics
AI11017,Computer Vision
AI11017,SQL
AI11017,Python
AI11018,NLP
AI11018,PyTorch
AI11018,MLOps
AI11019,PyTorch
AI11019,Python
AI11019,Deep Learning
AI11019,Data Visualization
AI11019,GCP
AI11020,Git
AI11020,PyTorch
AI11020,Deep Learning
AI11021,PyTorch
AI11021,NLP
AI11021,SQL
AI11021,Java
AI11021,GCP
AI11022,GCP
AI11022,Kubernetes
AI11022,Java
AI11022,TensorFlow
AI11023,GCP
AI11023,Python
AI11023,Tableau
AI11024,GCP
AI11024,PyTorch
AI11024,Deep Learning
AI11025,Spark
AI11025,NLP
AI11025,AWS
AI11025,TensorFlow
AI11026,Deep Learning
AI11026,PyTorch
AI11026,TensorFlow
AI11026,Spark
AI11026,GCP
AI11027,Python
AI11027,Computer Vision
AI11027,NLP
AI11028,Scala
AI11028,Java
AI11028,Docker
AI11028,Computer Vision
AI11028,Linux
AI11029,Python
AI11029,Statistics
AI11029,R
AI11029,MLOps
AI11029,Scala
AI11030,Hadoop
AI11030,Statistics
AI11030,Data Visualization
AI11031,Linux
AI11031,SQL
AI11031,Statistics
AI11031,PyTorch
AI11031,Mathematics
AI11032,Python
AI11032,Docker
AI11032,SQL
AI11032,Linux
AI11032,Statistics
AI11033,Deep Learning
AI11033,TensorFlow
AI11033,Kubernetes
AI11034,Scala
AI11034,SQL
AI11034,GCP
AI11034,AWS
AI11034,Azure
AI11035,R
AI11035,Mathematics
AI11035,NLP
AI11035,GCP
AI11035,PyTorch
AI11036,PyTorch
AI11036,AWS
AI11036,NLP
AI11037,NLP
AI11037,MLOps
AI11037,Java
AI11038,SQL
AI11038,Java
AI11038,GCP
AI11038,Mathematics
AI11038,Linux
AI11039,Python
AI11039,Deep Learning
AI11039,NLP
AI11040,SQL
AI11040,Git
AI11040,Mathematics
AI11040,Python
AI11041,AWS
AI11041,Spark
AI11041,Deep Learning
AI11041,Kubernetes
AI11041,Python
AI11042,Java
AI11042,R
AI11042,Linux
AI11042,Spark
AI11043,Linux
AI11043,Python
AI11043,MLOps
AI11043,AWS
AI11043,Azure
AI11044,Scala
AI11044,Hadoop
AI11044,TensorFlow
AI11044,R
AI11044,AWS
AI11045,Deep Learning
AI11045,Data Visualization
AI11045,Scala
AI11045,Linux
AI11046,Java
AI11046,SQL
AI11046,Scala
AI11047,Tableau
AI11047,Kubernetes
AI11047,PyTorch
AI11048,Mathematics
AI11048,Python
AI11048,TensorFlow
AI11048,Deep Learning
AI11048,Java
AI11049,Data Visualization
AI11049,Python
AI11049,AWS
AI11049,NLP
AI11049,Statistics
AI11050,Kubernetes
AI11050,Scala
AI11050,Hadoop
AI11050,TensorFlow
AI11050,Docker
AI11051,Docker
AI11051,Kubernetes
AI11051,Tableau
AI11051,Scala
AI11052,Kubernetes
AI11052,SQL
AI11052,NLP
AI11052,Statistics
AI11053,Python
AI11053,Computer Vision
AI11053,Kubernetes
AI11054,Git
AI11054,Docker
AI11054,Python
AI11055,Kubernetes
AI11055,Python
AI11055,AWS
AI11055,MLOps
AI11056,Git
AI11056,Tableau
AI11056,R
AI11057,TensorFlow
AI11057,Python
AI11057,NLP
AI11057,GCP
AI11058,R
AI11058,Tableau
AI11058,TensorFlow
AI11058,Mathematics
AI11058,Git
AI11059,R
AI11059,Linux
AI11059,Kubernetes
AI11060,Mathematics
AI11060,Deep Learning
AI11060,Docker
AI11060,Statistics
AI11061,Git
AI11061,Kubernetes
AI11061,SQL
AI11061,Docker
AI11062,Azure
AI11062,SQL
AI11062,NLP
AI11062,Docker
AI11062,AWS
AI11063,Statistics
AI11063,R
AI11063,SQL
AI11063,Hadoop
AI11064,Git
AI11064,Azure
AI11064,Scala
AI11064,Computer Vision
AI11065,GCP
AI11065,Hadoop
AI11065,MLOps
AI11066,SQL
AI11066,Hadoop
AI11066,Azure
AI11066,Git
AI11067,Docker
AI11067,NLP
AI11067,Python
AI11067,Java
AI11067,Linux
AI11068,TensorFlow
AI11068,Git
AI11068,Kubernetes
AI11068,Statistics
AI11068,Tableau
AI11069,Computer Vision
AI11069,MLOps
AI11069,Java
AI11070,Kubernetes
AI11070,TensorFlow
AI11070,NLP
AI11071,Git
AI11071,Scala
AI11071,SQL
AI11072,Hadoop
AI11072,Linux
AI11072,Docker
AI11072,Spark
AI11073,Python
AI11073,PyTorch
AI11073,R
AI11073,Statistics
AI11074,Data Visualization
AI11074,Scala
AI11074,PyTorch
AI11075,SQL
AI11075,Azure
AI11075,Spark
AI11075,GCP
AI11076,SQL
AI11076,Data Visualization
AI11076,Hadoop
AI11077,Kubernetes
AI11077,NLP
AI11077,Linux
AI11078,Hadoop
AI11078,PyTorch
AI11078,Spark
AI11079,R
AI11079,SQL
AI11079,MLOps
AI11080,Python
AI11080,PyTorch
AI11080,NLP
AI11081,Data Visualization
AI11081,Azure
AI11081,Linux
AI11081,SQL
AI11082,Tableau
AI11082,AWS
AI11082,PyTorch
AI11082,MLOps
AI11083,Docker
AI11083,Tableau
AI11083,PyTorch
AI11084,Python
AI11084,Kubernetes
AI11084,Tableau
AI11084,SQL
AI11084,Git
AI11085,Deep Learning
AI11085,Java
AI11085,R
AI11085,Git
AI11085,Data Visualization
AI11086,Python
AI11086,NLP
AI11086,Hadoop
AI11086,MLOps
AI11087,Linux
AI11087,PyTorch
AI11087,Tableau
AI11087,NLP
AI11087,Java
AI11088,Tableau
AI11088,Deep Learning
AI11088,SQL
AI11088,Linux
AI11088,PyTorch
AI11089,SQL
AI11089,Docker
AI11089,PyTorch
AI11089,MLOps
AI11090,Docker
AI11090,TensorFlow
AI11090,Python
AI11090,Statistics
AI11091,MLOps
AI11091,Python
AI11091,Kubernetes
AI11091,Statistics
AI11092,Statistics
AI11092,NLP
AI11092,Python
AI11093,Java
AI11093,Hadoop
AI11093,Tableau
AI11093,Computer Vision
AI11093,Deep Learning
AI11094,Spark
AI11094,TensorFlow
AI11094,MLOps
AI11094,Scala
AI11094,Mathematics
AI11095,SQL
AI11095,Azure
AI11095,TensorFlow
AI11096,GCP
AI11096,Hadoop
AI11096,Kubernetes
AI11097,MLOps
AI11097,PyTorch
AI11097,NLP
AI11097,Kubernetes
AI11097,Statistics
AI11098,AWS
AI11098,SQL
AI11098,Kubernetes
AI11098,PyTorch
AI11099,Python
AI11099,Kubernetes
AI11099,GCP
AI11099,AWS
AI11099,Scala
AI11100,TensorFlow
AI11100,SQL
AI11100,R
AI11101,GCP
AI11101,Docker
AI11101,Kubernetes
AI11101,Scala
AI11102,Hadoop
AI11102,Python
AI11102,Docker
AI11103,Kubernetes
AI11103,Git
AI11103,Linux
AI11103,Computer Vision
AI11104,R
AI11104,SQL
AI11104,Deep Learning
AI11105,R
AI11105,Tableau
AI11105,Deep Learning
AI11106,Deep Learning
AI11106,Spark
AI11106,Python
AI11106,SQL
AI11106,Kubernetes
AI11107,Linux
AI11107,SQL
AI11107,MLOps
AI11107,PyTorch
AI11108,GCP
AI11108,Data Visualization
AI11108,Tableau
AI11108,Java
AI11108,Mathematics
AI11109,Data Visualization
AI11109,R
AI11109,Kubernetes
AI11109,SQL
AI11109,Deep Learning
AI11110,Java
AI11110,Scala
AI11110,Git
AI11111,PyTorch
AI11111,NLP
AI11111,Hadoop
AI11112,PyTorch
AI11112,GCP
AI11112,NLP
AI11113,Java
AI11113,Python
AI11113,MLOps
AI11114,Scala
AI11114,Docker
AI11114,MLOps
AI11115,Docker
AI11115,Scala
AI11115,Hadoop
AI11116,Hadoop
AI11116,R
AI11116,Scala
AI11116,Java
AI11116,SQL
AI11117,PyTorch
AI11117,Kubernetes
AI11117,Azure
AI11117,AWS
AI11117,Computer Vision
AI11118,Azure
AI11118,GCP
AI11118,MLOps
AI11118,Tableau
AI11119,AWS
AI11119,Tableau
AI11119,Linux
AI11119,MLOps
AI11120,SQL
AI11120,Kubernetes
AI11120,Spark
AI11121,MLOps
AI11121,Tableau
AI11121,Linux
AI11121,SQL
AI11122,Docker
AI11122,R
AI11122,NLP
AI11123,Spark
AI11123,NLP
AI11123,Kubernetes
AI11124,SQL
AI11124,NLP
AI11124,Linux
AI11124,Hadoop
AI11125,Mathematics
AI11125,Linux
AI11125,AWS
AI11125,GCP
AI11125,Scala
AI11126,Kubernetes
AI11126,Mathematics
AI11126,Computer Vision
AI11126,GCP
AI11126,Linux
AI11127,Data Visualization
AI11127,MLOps
AI11127,Python
AI11127,TensorFlow
AI11128,NLP
AI11128,Deep Learning
AI11128,Data Visualization
AI11129,Java
AI11129,Computer Vision
AI11129,NLP
AI11130,Scala
AI11130,Azure
AI11130,MLOps
AI11130,Statistics
AI11131,Azure
AI11131,Tableau
AI11131,GCP
AI11131,MLOps
AI11131,SQL
AI11132,Docker
AI11132,R
AI11132,Python
AI11132,Azure
AI11133,Azure
AI11133,PyTorch
AI11133,Mathematics
AI11133,Git
AI11133,Linux
AI11134,Spark
AI11134,Git
AI11134,Python
AI11134,AWS
AI11134,TensorFlow
AI11135,Tableau
AI11135,GCP
AI11135,AWS
AI11136,PyTorch
AI11136,Git
AI11136,Spark
AI11136,Azure
AI11136,Hadoop
AI11137,Scala
AI11137,Tableau
AI11137,NLP
AI11138,Data Visualization
AI11138,Git
AI11138,NLP
AI11139,Spark
AI11139,Python
AI11139,NLP
AI11139,TensorFlow
AI11139,Statistics
AI11140,GCP
AI11140,PyTorch
AI11140,Hadoop
AI11140,Data Visualization
AI11140,Git
AI11141,Linux
AI11141,Python
AI11141,NLP
AI11142,GCP
AI11142,TensorFlow
AI11142,Python
AI11143,Kubernetes
AI11143,TensorFlow
AI11143,Hadoop
AI11143,GCP
AI11144,Java
AI11144,Computer Vision
AI11144,NLP
AI11145,Tableau
AI11145,Scala
AI11145,Kubernetes
AI11146,SQL
AI11146,Data Visualization
AI11146,Python
AI11147,Python
AI11147,TensorFlow
AI11147,NLP
AI11148,MLOps
AI11148,Python
AI11148,Deep Learning
AI11148,TensorFlow
AI11148,GCP
AI11149,Linux
AI11149,Spark
AI11149,Computer Vision
AI11150,Git
AI11150,TensorFlow
AI11150,Data Visualization
AI11151,Git
AI11151,AWS
AI11151,Linux
AI11151,Tableau
AI11152,Linux
AI11152,Hadoop
AI11152,Scala
AI11152,Java
AI11152,NLP
AI11153,Java
AI11153,Scala
AI11153,Git
AI11153,Hadoop
AI11154,Docker
AI11154,Mathematics
AI11154,Kubernetes
AI11154,Spark
AI11155,TensorFlow
AI11155,Data Visualization
AI11155,Spark
AI11155,Deep Learning
AI11155,NLP
AI11156,AWS
AI11156,Python
AI11156,Hadoop
AI11156,Git
AI11157,Java
AI11157,Deep Learning
AI11157,R
AI11157,SQL
AI11158,Python
AI11158,Docker
AI11158,Azure
AI11159,SQL
AI11159,Kubernetes
AI11159,NLP
AI11159,Python
AI11159,Hadoop
AI11160,Data Visualization
AI11160,SQL
AI11160,Hadoop
AI11161,Java
AI11161,Git
AI11161,Python
AI11161,PyTorch
AI11161,R
AI11162,SQL
AI11162,Spark
AI11162,Computer Vision
AI11163,TensorFlow
AI11163,Kubernetes
AI11163,Tableau
AI11163,Mathematics
AI11164,Hadoop
AI11164,Azure
AI11164,Deep Learning
AI11164,Tableau
AI11165,Git
AI11165,Data Visualization
AI11165,Spark
AI11165,NLP
AI11166,Scala
AI11166,NLP
AI11166,Python
AI11166,Data Visualization
AI11166,TensorFlow
AI11167,Kubernetes
AI11167,Data Visualization
AI11167,GCP
AI11167,Computer Vision
AI11167,TensorFlow
AI11168,MLOps
AI11168,SQL
AI11168,Linux
AI11168,Deep Learning
AI11169,Deep Learning
AI11169,Java
AI11169,Kubernetes
AI11170,Scala
AI11170,Spark
AI11170,Linux
AI11171,Linux
AI11171,Python
AI11171,Kubernetes
AI11171,Deep Learning
AI11172,Git
AI11172,PyTorch
AI11172,Computer Vision
AI11173,SQL
AI11173,Python
AI11173,Java
AI11173,R
AI11174,SQL
AI11174,PyTorch
AI11174,Hadoop
AI11175,Python
AI11175,Statistics
AI11175,Kubernetes
AI11175,Hadoop
AI11175,Linux
AI11176,Hadoop
AI11176,Python
AI11176,GCP
AI11176,TensorFlow
AI11176,Kubernetes
AI11177,R
AI11177,Kubernetes
AI11177,Scala
AI11177,GCP
AI11178,Kubernetes
AI11178,Azure
AI11178,NLP
AI11178,AWS
AI11179,PyTorch
AI11179,Azure
AI11179,Data Visualization
AI11179,Computer Vision
AI11179,TensorFlow
AI11180,SQL
AI11180,Git
AI11180,Statistics
AI11180,NLP
AI11181,Git
AI11181,R
AI11181,MLOps
AI11182,Azure
AI11182,Kubernetes
AI11182,Tableau
AI11183,Python
AI11183,MLOps
AI11183,AWS
AI11184,Git
AI11184,NLP
AI11184,Deep Learning
AI11184,Mathematics
AI11184,GCP
AI11185,Scala
AI11185,SQL
AI11185,Azure
AI11185,Python
AI11186,GCP
AI11186,Data Visualization
AI11186,Statistics
AI11186,Java
AI11186,Python
AI11187,R
AI11187,Azure
AI11187,Java
AI11187,Hadoop
AI11188,Spark
AI11188,Git
AI11188,Tableau
AI11189,Deep Learning
AI11189,SQL
AI11189,AWS
AI11189,PyTorch
AI11190,NLP
AI11190,Java
AI11190,PyTorch
AI11190,Docker
AI11191,Kubernetes
AI11191,Python
AI11191,Computer Vision
AI11191,GCP
AI11191,Deep Learning
AI11192,Scala
AI11192,Tableau
AI11192,PyTorch
AI11192,Linux
AI11193,Spark
AI11193,Java
AI11193,Git
AI11194,Hadoop
AI11194,SQL
AI11194,Java
AI11194,Spark
AI11195,Data Visualization
AI11195,Azure
AI11195,Linux
AI11195,Kubernetes
AI11195,Statistics
AI11196,Java
AI11196,Linux
AI11196,Python
AI11197,Kubernetes
AI11197,Hadoop
AI11197,Python
AI11197,Deep Learning
AI11198,Computer Vision
AI11198,Spark
AI11198,SQL
AI11198,Data Visualization
AI11199,Statistics
AI11199,AWS
AI11199,Computer Vision
AI11200,Linux
AI11200,Mathematics
AI11200,Kubernetes
AI11201,SQL
AI11201,Spark
AI11201,Tableau
AI11201,Scala
AI11201,MLOps
AI11202,SQL
AI11202,NLP
AI11202,Spark
AI11203,Linux
AI11203,TensorFlow
AI11203,Statistics
AI11203,PyTorch
AI11204,Hadoop
AI11204,R
AI11204,Python
AI11204,Kubernetes
AI11204,Scala
AI11205,Mathematics
AI11205,AWS
AI11205,Scala
AI11205,Java
AI11205,Computer Vision
AI11206,Python
AI11206,TensorFlow
AI11206,PyTorch
AI11207,SQL
AI11207,Python
AI11207,Azure
AI11207,Docker
AI11208,PyTorch
AI11208,Tableau
AI11208,NLP
AI11208,SQL
AI11209,R
AI11209,MLOps
AI11209,Data Visualization
AI11209,GCP
AI11209,Deep Learning
AI11210,R
AI11210,PyTorch
AI11210,Tableau
AI11210,Java
AI11210,NLP
AI11211,Tableau
AI11211,Linux
AI11211,AWS
AI11212,Python
AI11212,Docker
AI11212,R
AI11213,TensorFlow
AI11213,Scala
AI11213,Kubernetes
AI11213,Java
AI11213,Hadoop
AI11214,NLP
AI11214,R
AI11214,AWS
AI11214,Java
AI11215,R
AI11215,Spark
AI11215,PyTorch
AI11216,Python
AI11216,TensorFlow
AI11216,Java
AI11216,Hadoop
AI11217,Tableau
AI11217,Azure
AI11217,Scala
AI11217,MLOps
AI11218,Git
AI11218,Tableau
AI11218,Scala
AI11219,SQL
AI11219,Scala
AI11219,NLP
AI11219,Azure
AI11220,NLP
AI11220,Kubernetes
AI11220,Java
AI11220,Linux
AI11220,R
AI11221,SQL
AI11221,Azure
AI11221,Hadoop
AI11221,R
AI11221,Scala
AI11222,Python
AI11222,MLOps
AI11222,TensorFlow
AI11222,Deep Learning
AI11222,R
AI11223,R
AI11223,Git
AI11223,Scala
AI11223,Computer Vision
AI11224,Data Visualization
AI11224,Linux
AI11224,Java
AI11224,Azure
AI11225,Hadoop
AI11225,Statistics
AI11225,Tableau
AI11225,NLP
AI11225,PyTorch
AI11226,SQL
AI11226,Hadoop
AI11226,Java
AI11226,Deep Learning
AI11226,GCP
AI11227,Python
AI11227,Data Visualization
AI11227,R
AI11227,GCP
AI11227,Git
AI11228,PyTorch
AI11228,GCP
AI11228,Spark
AI11228,Computer Vision
AI11229,Python
AI11229,PyTorch
AI11229,Computer Vision
AI11229,Java
AI11229,TensorFlow
AI11230,Spark
AI11230,Data Visualization
AI11230,Python
AI11231,Mathematics
AI11231,R
AI11231,TensorFlow
AI11231,AWS
AI11232,Spark
AI11232,Python
AI11232,Kubernetes
AI11233,Docker
AI11233,Computer Vision
AI11233,Data Visualization
AI11233,Scala
AI11234,Python
AI11234,TensorFlow
AI11234,SQL
AI11235,Computer Vision
AI11235,PyTorch
AI11235,Mathematics
AI11236,Linux
AI11236,MLOps
AI11236,SQL
AI11236,Deep Learning
AI11236,TensorFlow
AI11237,AWS
AI11237,Python
AI11237,GCP
AI11238,Azure
AI11238,MLOps
AI11238,PyTorch
AI11239,PyTorch
AI11239,Kubernetes
AI11239,Computer Vision
AI11239,GCP
AI11239,TensorFlow
AI11240,Hadoop
AI11240,SQL
AI11240,MLOps
AI11240,Statistics
AI11240,Data Visualization
AI11241,Python
AI11241,Tableau
AI11241,Scala
AI11241,Deep Learning
AI11242,Deep Learning
AI11242,Git
AI11242,Docker
AI11242,Hadoop
AI11243,Tableau
AI11243,SQL
AI11243,PyTorch
AI11244,AWS
AI11244,Spark
AI11244,MLOps
AI11245,GCP
AI11245,SQL
AI11245,Scala
AI11245,Kubernetes
AI11246,SQL
AI11246,Docker
AI11246,Tableau
AI11246,Python
AI11247,NLP
AI11247,Kubernetes
AI11247,MLOps
AI11247,PyTorch
AI11247,Spark
AI11248,PyTorch
AI11248,Mathematics
AI11248,SQL
AI11248,Computer Vision
AI11249,Data Visualization
AI11249,Scala
AI11249,PyTorch
AI11250,Linux
AI11250,NLP
AI11250,Git
AI11250,GCP
AI11250,Statistics
AI11251,SQL
AI11251,Scala
AI11251,Statistics
AI11252,Python
AI11252,GCP
AI11252,Scala
AI11252,SQL
AI11253,Azure
AI11253,Computer Vision
AI11253,MLOps
AI11253,NLP
AI11253,Git
AI11254,Java
AI11254,Data Visualization
AI11254,R
AI11255,R
AI11255,SQL
AI11255,PyTorch
AI11255,TensorFlow
AI11255,Python
AI11256,Spark
AI11256,Linux
AI11256,MLOps
AI11257,Deep Learning
AI11257,Scala
AI11257,Git
AI11257,Azure
AI11257,Java
AI11258,R
AI11258,Statistics
AI11258,Git
AI11259,TensorFlow
AI11259,Deep Learning
AI11259,Kubernetes
AI11259,Computer Vision
AI11260,Computer Vision
AI11260,MLOps
AI11260,Git
AI11260,Hadoop
AI11260,Python
AI11261,Git
AI11261,PyTorch
AI11261,Data Visualization
AI11262,Spark
AI11262,SQL
AI11262,GCP
AI11263,Linux
AI11263,MLOps
AI11263,Kubernetes
AI11264,Hadoop
AI11264,SQL
AI11264,Deep Learning
AI11265,MLOps
AI11265,SQL
AI11265,Mathematics
AI11265,Scala
AI11265,Deep Learning
AI11266,MLOps
AI11266,Python
AI11266,Git
AI11267,Kubernetes
AI11267,Java
AI11267,NLP
AI11268,Azure
AI11268,Scala
AI11268,Computer Vision
AI11269,Azure
AI11269,Tableau
AI11269,Computer Vision
AI11269,Deep Learning
AI11270,Python
AI11270,Docker
AI11270,Statistics
AI11270,Mathematics
AI11270,Java
AI11271,Hadoop
AI11271,GCP
AI11271,PyTorch
AI11272,Mathematics
AI11272,Data Visualization
AI11272,Kubernetes
AI11272,NLP
AI11273,Linux
AI11273,Python
AI11273,MLOps
AI11273,Statistics
AI11274,Data Visualization
AI11274,Mathematics
AI11274,TensorFlow
AI11274,Scala
AI11275,Azure
AI11275,Kubernetes
AI11275,Mathematics
AI11276,Deep Learning
AI11276,Mathematics
AI11276,Docker
AI11277,R
AI11277,NLP
AI11277,Python
AI11277,TensorFlow
AI11277,MLOps
AI11278,Statistics
AI11278,R
AI11278,Data Visualization
AI11278,Spark
AI11279,GCP
AI11279,SQL
AI11279,Computer Vision
AI11279,Azure
AI11279,Scala
AI11280,AWS
AI11280,Azure
AI11280,PyTorch
AI11280,Spark
AI11281,Kubernetes
AI11281,Python
AI11281,GCP
AI11281,Statistics
AI11281,Deep Learning
AI11282,Scala
AI11282,Linux
AI11282,Statistics
AI11283,Linux
AI11283,Scala
AI11283,R
AI11283,Azure
AI11283,Hadoop
AI11284,AWS
AI11284,Linux
AI11284,Mathematics
AI11284,TensorFlow
AI11285,MLOps
AI11285,Python
AI11285,TensorFlow
AI11285,Docker
AI11286,Java
AI11286,Statistics
AI11286,Data Visualization
AI11286,R
AI11286,NLP
AI11287,Java
AI11287,Git
AI11287,Azure
AI11287,Mathematics
AI11288,Python
AI11288,R
AI11288,AWS
AI11288,GCP
AI11289,R
AI11289,Linux
AI11289,Computer Vision
AI11289,Kubernetes
AI11289,GCP
AI11290,Spark
AI11290,Computer Vision
AI11290,Python
AI11290,Deep Learning
AI11291,TensorFlow
AI11291,PyTorch
AI11291,Statistics
AI11291,GCP
AI11292,AWS
AI11292,Hadoop
AI11292,Git
AI11292,SQL
AI11293,Hadoop
AI11293,R
AI11293,TensorFlow
AI11294,Scala
AI11294,GCP
AI11294,Python
AI11294,MLOps
AI11294,Deep Learning
AI11295,NLP
AI11295,SQL
AI11295,Spark
AI11295,Azure
AI11295,Deep Learning
AI11296,Scala
AI11296,Python
AI11296,Kubernetes
AI11297,R
AI11297,NLP
AI11297,Deep Learning
AI11297,Tableau
AI11298,Computer Vision
AI11298,Docker
AI11298,AWS
AI11299,GCP
AI11299,Java
AI11299,Git
AI11300,Deep Learning
AI11300,GCP
AI11300,Azure
AI11300,Scala
AI11300,Mathematics
AI11301,Deep Learning
AI11301,Hadoop
AI11301,Scala
AI11302,Python
AI11302,Linux
AI11302,SQL
AI11303,TensorFlow
AI11303,MLOps
AI11303,Python
AI11303,Git
AI11304,PyTorch
AI11304,Docker
AI11304,SQL
AI11305,Spark
AI11305,Tableau
AI11305,Data Visualization
AI11306,NLP
AI11306,Linux
AI11306,Azure
AI11306,Git
AI11306,AWS
AI11307,Deep Learning
AI11307,Data Visualization
AI11307,Docker
AI11308,Scala
AI11308,PyTorch
AI11308,Computer Vision
AI11308,Mathematics
AI11309,Scala
AI11309,Linux
AI11309,MLOps
AI11309,Data Visualization
AI11310,Hadoop
AI11310,Python
AI11310,Tableau
AI11310,Mathematics
AI11311,Linux
AI11311,Python
AI11311,TensorFlow
AI11312,Java
AI11312,R
AI11312,Statistics
AI11312,SQL
AI11313,Hadoop
AI11313,Azure
AI11313,TensorFlow
AI11313,Mathematics
AI11314,R
AI11314,Python
AI11314,Kubernetes
AI11314,Tableau
AI11314,Mathematics
AI11315,Python
AI11315,AWS
AI11315,TensorFlow
AI11315,Git
AI11315,Docker
AI11316,Scala
AI11316,Data Visualization
AI11316,Azure
AI11316,TensorFlow
AI11316,Statistics
AI11317,MLOps
AI11317,Kubernetes
AI11317,Scala
AI11318,Spark
AI11318,Kubernetes
AI11318,SQL
AI11318,Data Visualization
AI11319,Docker
AI11319,Spark
AI11319,Statistics
AI11320,Scala
AI11320,Python
AI11320,Spark
AI11321,Azure
AI11321,GCP
AI11321,Java
AI11321,PyTorch
AI11322,Mathematics
AI11322,Scala
AI11322,Hadoop
AI11323,Tableau
AI11323,GCP
AI11323,Kubernetes
AI11323,Mathematics
AI11324,TensorFlow
AI11324,R
AI11324,Java
AI11325,NLP
AI11325,TensorFlow
AI11325,MLOps
AI11325,Python
AI11326,Kubernetes
AI11326,AWS
AI11326,SQL
AI11326,Docker
AI11326,Computer Vision
AI11327,Computer Vision
AI11327,SQL
AI11327,GCP
AI11327,Linux
AI11328,Python
AI11328,Docker
AI11328,Linux
AI11328,Tableau
AI11328,Statistics
AI11329,Git
AI11329,Docker
AI11329,Scala
AI11329,PyTorch
AI11330,Python
AI11330,Spark
AI11330,Data Visualization
AI11330,Scala
AI11330,Tableau
AI11331,AWS
AI11331,GCP
AI11331,Kubernetes
AI11331,SQL
AI11332,Git
AI11332,PyTorch
AI11332,MLOps
AI11333,Scala
AI11333,Spark
AI11333,Python
AI11333,Kubernetes
AI11333,GCP
AI11334,Python
AI11334,TensorFlow
AI11334,Git
AI11334,GCP
AI11334,Spark
AI11335,Python
AI11335,Kubernetes
AI11335,Tableau
AI11336,Java
AI11336,R
AI11336,GCP
AI11336,Spark
AI11337,GCP
AI11337,Mathematics
AI11337,Data Visualization
AI11337,Computer Vision
AI11338,Computer Vision
AI11338,Hadoop
AI11338,NLP
AI11338,GCP
AI11338,SQL
AI11339,Python
AI11339,MLOps
AI11339,Java
AI11339,Kubernetes
AI11339,Hadoop
AI11340,Java
AI11340,Hadoop
AI11340,Data Visualization
AI11340,Python
AI11341,NLP
AI11341,SQL
AI11341,Linux
AI11342,MLOps
AI11342,Linux
AI11342,PyTorch
AI11342,TensorFlow
AI11342,Kubernetes
AI11343,SQL
AI11343,Kubernetes
AI11343,Spark
AI11343,Scala
AI11343,AWS
AI11344,Scala
AI11344,Tableau
AI11344,PyTorch
AI11344,SQL
AI11345,Data Visualization
AI11345,Tableau
AI11345,Linux
AI11346,SQL
AI11346,MLOps
AI11346,R
AI11347,R
AI11347,Kubernetes
AI11347,Python
AI11348,Java
AI11348,Scala
AI11348,Deep Learning
AI11349,NLP
AI11349,Java
AI11349,Hadoop
AI11350,MLOps
AI11350,Java
AI11350,Azure
AI11350,AWS
AI11351,AWS
AI11351,R
AI11351,Docker
AI11351,Azure
AI11351,GCP
AI11352,SQL
AI11352,Python
AI11352,AWS
AI11352,PyTorch
AI11352,TensorFlow
AI11353,Java
AI11353,SQL
AI11353,PyTorch
AI11354,TensorFlow
AI11354,Linux
AI11354,NLP
AI11354,Docker
AI11354,Scala
AI11355,AWS
AI11355,Spark
AI11355,SQL
AI11355,Kubernetes
AI11355,Python
AI11356,Data Visualization
AI11356,Azure
AI11356,Python
AI11356,PyTorch
AI11356,Mathematics
AI11357,PyTorch
AI11357,Python
AI11357,AWS
AI11357,Computer Vision
AI11358,Docker
AI11358,Azure
AI11358,GCP
AI11358,Mathematics
AI11359,Python
AI11359,Tableau
AI11359,GCP
AI11360,Spark
AI11360,SQL
AI11360,Python
AI11361,Statistics
AI11361,Python
AI11361,TensorFlow
AI11361,Scala
AI11361,MLOps
AI11362,SQL
AI11362,Java
AI11362,AWS
AI11362,Linux
AI11362,Tableau
AI11363,Spark
AI11363,Mathematics
AI11363,Hadoop
AI11363,Git
AI11363,Computer Vision
AI11364,SQL
AI11364,PyTorch
AI11364,Statistics
AI11364,Scala
AI11365,Scala
AI11365,SQL
AI11365,MLOps
AI11365,Docker
AI11365,Azure
AI11366,Hadoop
AI11366,Scala
AI11366,Kubernetes
AI11366,Computer Vision
AI11366,MLOps
AI11367,TensorFlow
AI11367,PyTorch
AI11367,Statistics
AI11367,Linux
AI11367,AWS
AI11368,SQL
AI11368,PyTorch
AI11368,Docker
AI11368,MLOps
AI11368,Spark
AI11369,TensorFlow
AI11369,SQL
AI11369,Deep Learning
AI11369,AWS
AI11369,R
AI11370,NLP
AI11370,MLOps
AI11370,Kubernetes
AI11370,R
AI11370,Statistics
AI11371,Python
AI11371,TensorFlow
AI11371,Tableau
AI11372,Git
AI11372,PyTorch
AI11372,MLOps
AI11373,NLP
AI11373,Computer Vision
AI11373,AWS
AI11373,Data Visualization
AI11373,Statistics
AI11374,Docker
AI11374,Statistics
AI11374,Mathematics
AI11375,MLOps
AI11375,Scala
AI11375,Python
AI11375,Data Visualization
AI11376,Git
AI11376,Docker
AI11376,PyTorch
AI11376,AWS
AI11376,Kubernetes
AI11377,PyTorch
AI11377,Docker
AI11377,Spark
AI11378,Tableau
AI11378,Scala
AI11378,Statistics
AI11378,Spark
AI11378,Kubernetes
AI11379,TensorFlow
AI11379,Scala
AI11379,AWS
AI11379,SQL
AI11380,AWS
AI11380,R
AI11380,Spark
AI11380,Scala
AI11381,Deep Learning
AI11381,GCP
AI11381,Azure
AI11381,Python
AI11381,NLP
AI11382,Computer Vision
AI11382,NLP
AI11382,PyTorch
AI11382,GCP
AI11383,Spark
AI11383,SQL
AI11383,TensorFlow
AI11383,Hadoop
AI11384,Hadoop
AI11384,SQL
AI11384,Mathematics
AI11384,Linux
AI11385,SQL
AI11385,Kubernetes
AI11385,NLP
AI11386,Linux
AI11386,TensorFlow
AI11386,Statistics
AI11387,Kubernetes
AI11387,Linux
AI11387,Git
AI11388,Python
AI11388,Java
AI11388,Spark
AI11389,Kubernetes
AI11389,Hadoop
AI11389,Mathematics
AI11390,Python
AI11390,TensorFlow
AI11390,Statistics
AI11390,Mathematics
AI11390,Hadoop
AI11391,TensorFlow
AI11391,Computer Vision
AI11391,Git
AI11392,Azure
AI11392,Statistics
AI11392,Computer Vision
AI11392,Java
AI11393,Git
AI11393,Java
AI11393,Statistics
AI11393,Python
AI11394,Azure
AI11394,TensorFlow
AI11394,NLP
AI11394,Spark
AI11395,Java
AI11395,Kubernetes
AI11395,GCP
AI11396,Linux
AI11396,Computer Vision
AI11396,Scala
AI11396,NLP
AI11396,SQL
AI11397,AWS
AI11397,SQL
AI11397,GCP
AI11397,Statistics
AI11397,Linux
AI11398,MLOps
AI11398,Linux
AI11398,Python
AI11398,Spark
AI11399,TensorFlow
AI11399,Hadoop
AI11399,Scala
AI11399,Tableau
AI11399,AWS
AI11400,GCP
AI11400,AWS
AI11400,Linux
AI11400,SQL
AI11401,Python
AI11401,GCP
AI11401,Azure
AI11401,Scala
AI11401,AWS
AI11402,Git
AI11402,Python
AI11402,Data Visualization
AI11402,Java
AI11403,TensorFlow
AI11403,Python
AI11403,Mathematics
AI11404,PyTorch
AI11404,Scala
AI11404,Tableau
AI11404,TensorFlow
AI11405,Kubernetes
AI11405,Hadoop
AI11405,R
AI11406,Scala
AI11406,Java
AI11406,Kubernetes
AI11407,Tableau
AI11407,SQL
AI11407,Hadoop
AI11407,PyTorch
AI11408,Data Visualization
AI11408,Deep Learning
AI11408,Git
AI11409,Java
AI11409,NLP
AI11409,Git
AI11409,SQL
AI11409,Kubernetes
AI11410,GCP
AI11410,Docker
AI11410,Mathematics
AI11410,R
AI11410,Tableau
AI11411,Computer Vision
AI11411,Data Visualization
AI11411,MLOps
AI11411,Linux
AI11411,Tableau
AI11412,Statistics
AI11412,Computer Vision
AI11412,PyTorch
AI11413,Statistics
AI11413,Azure
AI11413,R
AI11413,Data Visualization
AI11414,TensorFlow
AI11414,SQL
AI11414,Docker
AI11415,Scala
AI11415,Azure
AI11415,Data Visualization
AI11415,Spark
AI11415,Tableau
AI11416,Java
AI11416,Hadoop
AI11416,SQL
AI11417,Git
AI11417,Kubernetes
AI11417,Data Visualization
AI11418,Computer Vision
AI11418,TensorFlow
AI11418,Python
AI11418,MLOps
AI11419,Python
AI11419,Docker
AI11419,Computer Vision
AI11419,Kubernetes
AI11420,GCP
AI11420,Kubernetes
AI11420,PyTorch
AI11420,Scala
AI11420,TensorFlow
AI11421,PyTorch
AI11421,TensorFlow
AI11421,MLOps
AI11421,AWS
AI11422,PyTorch
AI11422,Docker
AI11422,Tableau
AI11422,Git
AI11423,SQL
AI11423,TensorFlow
AI11423,NLP
AI11423,MLOps
AI11423,Git
AI11424,Computer Vision
AI11424,Linux
AI11424,Kubernetes
AI11424,NLP
AI11425,AWS
AI11425,Scala
AI11425,GCP
AI11425,PyTorch
AI11426,Tableau
AI11426,Computer Vision
AI11426,Python
AI11427,Java
AI11427,Linux
AI11427,PyTorch
AI11427,Computer Vision
AI11427,Scala
AI11428,Linux
AI11428,Mathematics
AI11428,NLP
AI11428,Python
AI11428,Computer Vision
AI11429,Linux
AI11429,Hadoop
AI11429,MLOps
AI11429,Azure
AI11429,Spark
AI11430,Kubernetes
AI11430,TensorFlow
AI11430,Git
AI11431,NLP
AI11431,Java
AI11431,Data Visualization
AI11432,Kubernetes
AI11432,Spark
AI11432,Deep Learning
AI11432,Computer Vision
AI11432,PyTorch
AI11433,Computer Vision
AI11433,MLOps
AI11433,Java
AI11433,SQL
AI11433,GCP
AI11434,Python
AI11434,Java
AI11434,Linux
AI11434,Scala
AI11435,TensorFlow
AI11435,AWS
AI11435,Mathematics
AI11435,Computer Vision
AI11436,Azure
AI11436,MLOps
AI11436,TensorFlow
AI11436,Kubernetes
AI11436,SQL
AI11437,Statistics
AI11437,TensorFlow
AI11437,GCP
AI11438,Deep Learning
AI11438,Hadoop
AI11438,TensorFlow
AI11438,SQL
AI11438,Tableau
AI11439,Linux
AI11439,Spark
AI11439,Computer Vision
AI11439,Docker
AI11440,Kubernetes
AI11440,Git
AI11440,Java
AI11440,Deep Learning
AI11440,Scala
AI11441,Python
AI11441,Spark
AI11441,MLOps
AI11441,Kubernetes
AI11441,AWS
AI11442,Java
AI11442,AWS
AI11442,GCP
AI11443,Linux
AI11443,Tableau
AI11443,SQL
AI11443,Hadoop
AI11443,Python
AI11444,Git
AI11444,Docker
AI11444,NLP
AI11444,Computer Vision
AI11444,R
AI11445,Hadoop
AI11445,Python
AI11445,NLP
AI11445,Deep Learning
AI11446,R
AI11446,Mathematics
AI11446,Linux
AI11446,NLP
AI11446,Tableau
AI11447,Computer Vision
AI11447,AWS
AI11447,SQL
AI11448,Python
AI11448,Java
AI11448,NLP
AI11448,Docker
AI11449,R
AI11449,NLP
AI11449,Linux
AI11450,Docker
AI11450,TensorFlow
AI11450,Tableau
AI11451,AWS
AI11451,PyTorch
AI11451,NLP
AI11451,Linux
AI11451,Mathematics
AI11452,Docker
AI11452,Tableau
AI11452,Python
AI11453,Tableau
AI11453,Linux
AI11453,GCP
AI11454,Java
AI11454,Hadoop
AI11454,Data Visualization
AI11454,Linux
AI11455,Spark
AI11455,NLP
AI11455,AWS
AI11456,Computer Vision
AI11456,TensorFlow
AI11456,Linux
AI11456,Scala
AI11456,Azure
AI11457,GCP
AI11457,Linux
AI11457,R
AI11458,AWS
AI11458,Scala
AI11458,TensorFlow
AI11458,Git
AI11459,Mathematics
AI11459,NLP
AI11459,Python
AI11459,R
AI11460,Kubernetes
AI11460,Data Visualization
AI11460,NLP
AI11460,MLOps
AI11460,Scala
AI11461,Python
AI11461,Scala
AI11461,TensorFlow
AI11461,PyTorch
AI11462,Java
AI11462,PyTorch
AI11462,R
AI11462,Spark
AI11462,AWS
AI11463,PyTorch
AI11463,SQL
AI11463,Kubernetes
AI11464,Python
AI11464,Data Visualization
AI11464,AWS
AI11465,PyTorch
AI11465,Kubernetes
AI11465,TensorFlow
AI11465,Python
AI11465,Scala
AI11466,Git
AI11466,SQL
AI11466,Computer Vision
AI11466,Deep Learning
AI11466,PyTorch
AI11467,Linux
AI11467,TensorFlow
AI11467,Tableau
AI11467,R
AI11468,Python
AI11468,Statistics
AI11468,AWS
AI11469,Python
AI11469,Azure
AI11469,R
AI11470,Python
AI11470,Data Visualization
AI11470,Java
AI11470,Azure
AI11471,Azure
AI11471,Docker
AI11471,Statistics
AI11471,Deep Learning
AI11471,SQL
AI11472,NLP
AI11472,Linux
AI11472,MLOps
AI11472,PyTorch
AI11472,Git
AI11473,Git
AI11473,Java
AI11473,NLP
AI11474,Deep Learning
AI11474,GCP
AI11474,R
AI11474,Hadoop
AI11474,SQL
AI11475,AWS
AI11475,SQL
AI11475,Data Visualization
AI11475,Tableau
AI11476,TensorFlow
AI11476,Data Visualization
AI11476,Spark
AI11477,Docker
AI11477,Java
AI11477,Tableau
AI11477,Scala
AI11478,Python
AI11478,TensorFlow
AI11478,Computer Vision
AI11479,Docker
AI11479,SQL
AI11479,Python
AI11479,Kubernetes
AI11480,GCP
AI11480,Linux
AI11480,AWS
AI11481,Tableau
AI11481,Computer Vision
AI11481,Data Visualization
AI11481,Python
AI11481,Linux
AI11482,Computer Vision
AI11482,Linux
AI11482,Git
AI11482,Scala
AI11482,R
AI11483,Deep Learning
AI11483,Java
AI11483,Git
AI11483,Kubernetes
AI11484,Python
AI11484,Scala
AI11484,TensorFlow
AI11484,Docker
AI11485,Python
AI11485,AWS
AI11485,Java
AI11485,Spark
AI11485,Docker
AI11486,Git
AI11486,SQL
AI11486,TensorFlow
AI11486,Kubernetes
AI11486,R
AI11487,Computer Vision
AI11487,Tableau
AI11487,Python
AI11487,MLOps
AI11487,Statistics
AI11488,Linux
AI11488,Statistics
AI11488,Spark
AI11488,R
AI11489,Hadoop
AI11489,Azure
AI11489,Python
AI11489,Linux
AI11489,TensorFlow
AI11490,Git
AI11490,R
AI11490,Docker
AI11491,Azure
AI11491,AWS
AI11491,SQL
AI11491,Hadoop
AI11492,Statistics
AI11492,Java
AI11492,Azure
AI11493,MLOps
AI11493,PyTorch
AI11493,TensorFlow
AI11493,Kubernetes
AI11493,Hadoop
AI11494,Kubernetes
AI11494,PyTorch
AI11494,Spark
AI11495,Python
AI11495,Java
AI11495,Scala
AI11495,GCP
AI11495,TensorFlow
AI11496,MLOps
AI11496,Python
AI11496,GCP
AI11497,Python
AI11497,TensorFlow
AI11497,NLP
AI11498,TensorFlow
AI11498,SQL
AI11498,Azure
AI11498,MLOps
AI11498,Python
AI11499,Python
AI11499,Scala
AI11499,Java
AI11499,NLP
AI11500,SQL
AI11500,Deep Learning
AI11500,Data Visualization
AI11501,Python
AI11501,MLOps
AI11501,AWS
AI11501,Tableau
AI11502,Git
AI11502,Docker
AI11502,Python
AI11502,Spark
AI11503,Java
AI11503,Tableau
AI11503,Scala
AI11503,Azure
AI11504,Git
AI11504,Linux
AI11504,Kubernetes
AI11504,GCP
AI11505,Kubernetes
AI11505,R
AI11505,Data Visualization
AI11505,GCP
AI11506,Linux
AI11506,SQL
AI11506,Data Visualization
AI11506,Docker
AI11506,Python
AI11507,Azure
AI11507,SQL
AI11507,Docker
AI11507,R
AI11507,Deep Learning
AI11508,Python
AI11508,Docker
AI11508,GCP
AI11508,PyTorch
AI11509,R
AI11509,Statistics
AI11509,Python
AI11510,Spark
AI11510,Mathematics
AI11510,Deep Learning
AI11510,SQL
AI11511,Data Visualization
AI11511,Kubernetes
AI11511,Python
AI11512,PyTorch
AI11512,TensorFlow
AI11512,Docker
AI11513,Scala
AI11513,AWS
AI11513,Tableau
AI11513,PyTorch
AI11513,SQL
AI11514,Data Visualization
AI11514,SQL
AI11514,Git
AI11514,Python
AI11515,MLOps
AI11515,Deep Learning
AI11515,GCP
AI11516,PyTorch
AI11516,TensorFlow
AI11516,NLP
AI11517,AWS
AI11517,Linux
AI11517,Data Visualization
AI11517,Spark
AI11518,Git
AI11518,Python
AI11518,PyTorch
AI11519,PyTorch
AI11519,Linux
AI11519,Hadoop
AI11520,Deep Learning
AI11520,SQL
AI11520,Java
AI11521,SQL
AI11521,Kubernetes
AI11521,Git
AI11521,Deep Learning
AI11521,AWS
AI11522,Docker
AI11522,Spark
AI11522,Git
AI11522,Python
AI11523,Linux
AI11523,Java
AI11523,Computer Vision
AI11523,MLOps
AI11524,SQL
AI11524,PyTorch
AI11524,Python
AI11525,NLP
AI11525,Linux
AI11525,SQL
AI11525,Docker
AI11525,R
AI11526,Python
AI11526,TensorFlow
AI11526,PyTorch
AI11527,Mathematics
AI11527,Python
AI11527,MLOps
AI11527,TensorFlow
AI11527,Azure
AI11528,PyTorch
AI11528,Statistics
AI11528,Scala
AI11528,TensorFlow
AI11529,Spark
AI11529,Git
AI11529,PyTorch
AI11529,MLOps
AI11530,Git
AI11530,Statistics
AI11530,Python
AI11530,Java
AI11531,R
AI11531,PyTorch
AI11531,SQL
AI11531,Data Visualization
AI11532,PyTorch
AI11532,Hadoop
AI11532,Mathematics
AI11533,Python
AI11533,GCP
AI11533,Linux
AI11533,TensorFlow
AI11533,Docker
AI11534,R
AI11534,SQL
AI11534,NLP
AI11535,Statistics
AI11535,R
AI11535,Python
AI11535,Mathematics
AI11536,Azure
AI11536,Git
AI11536,GCP
AI11536,Deep Learning
AI11536,NLP
AI11537,TensorFlow
AI11537,Python
AI11537,Data Visualization
AI11538,Linux
AI11538,Scala
AI11538,AWS
AI11539,Kubernetes
AI11539,Azure
AI11539,Computer Vision
AI11539,MLOps
AI11539,Hadoop
AI11540,NLP
AI11540,Kubernetes
AI11540,Python
AI11540,Azure
AI11541,PyTorch
AI11541,Python
AI11541,Linux
AI11541,Spark
AI11542,Scala
AI11542,Hadoop
AI11542,TensorFlow
AI11542,Statistics
AI11543,Spark
AI11543,PyTorch
AI11543,MLOps
AI11543,TensorFlow
AI11544,SQL
AI11544,Computer Vision
AI11544,Java
AI11544,TensorFlow
AI11545,Scala
AI11545,Spark
AI11545,Java
AI11545,TensorFlow
AI11545,Git
AI11546,Scala
AI11546,Docker
AI11546,GCP
AI11547,Linux
AI11547,Spark
AI11547,Deep Learning
AI11548,Git
AI11548,Statistics
AI11548,Data Visualization
AI11549,Python
AI11549,Git
AI11549,Scala
AI11549,Java
AI11550,Spark
AI11550,Scala
AI11550,Linux
AI11550,Python
AI11551,Spark
AI11551,Git
AI11551,Python
AI11551,TensorFlow
AI11552,NLP
AI11552,TensorFlow
AI11552,AWS
AI11552,MLOps
AI11552,SQL
AI11553,Docker
AI11553,NLP
AI11553,Scala
AI11553,Data Visualization
AI11553,MLOps
AI11554,Azure
AI11554,R
AI11554,NLP
AI11555,Azure
AI11555,AWS
AI11555,Scala
AI11555,Mathematics
AI11555,Spark
AI11556,AWS
AI11556,Computer Vision
AI11556,GCP
AI11556,Python
AI11556,TensorFlow
AI11557,Linux
AI11557,GCP
AI11557,Data Visualization
AI11558,Git
AI11558,Scala
AI11558,Spark
AI11558,PyTorch
AI11558,Docker
AI11559,MLOps
AI11559,Spark
AI11559,Python
AI11559,AWS
AI11559,Mathematics
AI11560,Tableau
AI11560,TensorFlow
AI11560,Python
AI11560,Data Visualization
AI11560,GCP
AI11561,NLP
AI11561,SQL
AI11561,AWS
AI11562,Deep Learning
AI11562,Kubernetes
AI11562,PyTorch
AI11563,Kubernetes
AI11563,Java
AI11563,SQL
AI11563,Git
AI11563,PyTorch
AI11564,GCP
AI11564,Python
AI11564,Git
AI11565,Statistics
AI11565,Deep Learning
AI11565,Java
AI11566,Computer Vision
AI11566,Spark
AI11566,Python
AI11567,Azure
AI11567,Computer Vision
AI11567,Deep Learning
AI11567,TensorFlow
AI11568,Python
AI11568,MLOps
AI11568,Tableau
AI11568,GCP
AI11568,Git
AI11569,Scala
AI11569,Python
AI11569,Docker
AI11569,MLOps
AI11570,Azure
AI11570,TensorFlow
AI11570,Git
AI11571,Kubernetes
AI11571,Azure
AI11571,AWS
AI11571,Scala
AI11571,Git
AI11572,Kubernetes
AI11572,PyTorch
AI11572,TensorFlow
AI11573,Git
AI11573,Hadoop
AI11573,NLP
AI11573,Scala
AI11574,AWS
AI11574,Python
AI11574,Computer Vision
AI11574,Linux
AI11575,GCP
AI11575,Kubernetes
AI11575,Computer Vision
AI11575,Mathematics
AI11576,Hadoop
AI11576,Mathematics
AI11576,MLOps
AI11576,Python
AI11576,TensorFlow
AI11577,Linux
AI11577,Python
AI11577,Statistics
AI11578,Java
AI11578,Scala
AI11578,GCP
AI11579,SQL
AI11579,Java
AI11579,Deep Learning
AI11580,R
AI11580,Computer Vision
AI11580,Git
AI11581,Tableau
AI11581,TensorFlow
AI11581,Docker
AI11582,Linux
AI11582,Deep Learning
AI11582,Tableau
AI11582,Computer Vision
AI11583,Docker
AI11583,GCP
AI11583,Scala
AI11583,MLOps
AI11583,R
AI11584,Statistics
AI11584,Kubernetes
AI11584,NLP
AI11584,SQL
AI11585,AWS
AI11585,SQL
AI11585,Data Visualization
AI11586,MLOps
AI11586,R
AI11586,PyTorch
AI11587,Azure
AI11587,TensorFlow
AI11587,SQL
AI11587,Statistics
AI11587,AWS
AI11588,Python
AI11588,Docker
AI11588,MLOps
AI11588,Linux
AI11588,TensorFlow
AI11589,Computer Vision
AI11589,PyTorch
AI11589,Hadoop
AI11589,SQL
AI11589,Spark
AI11590,TensorFlow
AI11590,Kubernetes
AI11590,Scala
AI11590,Computer Vision
AI11591,Azure
AI11591,PyTorch
AI11591,Data Visualization
AI11591,Hadoop
AI11591,GCP
AI11592,Python
AI11592,AWS
AI11592,TensorFlow
AI11592,Data Visualization
AI11593,SQL
AI11593,PyTorch
AI11593,Mathematics
AI11593,Azure
AI11593,Linux
AI11594,Python
AI11594,Git
AI11594,NLP
AI11594,SQL
AI11594,TensorFlow
AI11595,Hadoop
AI11595,Computer Vision
AI11595,Linux
AI11595,Deep Learning
AI11596,Hadoop
AI11596,Java
AI11596,PyTorch
AI11596,AWS
AI11597,SQL
AI11597,GCP
AI11597,Linux
AI11598,Data Visualization
AI11598,MLOps
AI11598,R
AI11598,Statistics
AI11598,TensorFlow
AI11599,Python
AI11599,TensorFlow
AI11599,Azure
AI11599,Computer Vision
AI11600,Python
AI11600,Docker
AI11600,NLP
AI11600,Computer Vision
AI11600,Hadoop
AI11601,Git
AI11601,Azure
AI11601,GCP
AI11601,Computer Vision
AI11601,Kubernetes
AI11602,SQL
AI11602,Computer Vision
AI11602,NLP
AI11603,Azure
AI11603,Scala
AI11603,Docker
AI11603,SQL
AI11604,Computer Vision
AI11604,Azure
AI11604,Deep Learning
AI11605,SQL
AI11605,Java
AI11605,Mathematics
AI11606,TensorFlow
AI11606,Spark
AI11606,Python
AI11606,Tableau
AI11607,Spark
AI11607,Data Visualization
AI11607,GCP
AI11608,Tableau
AI11608,Kubernetes
AI11608,Statistics
AI11608,Python
AI11608,Git
AI11609,PyTorch
AI11609,Spark
AI11609,R
AI11609,Mathematics
AI11609,Computer Vision
AI11610,Git
AI11610,Azure
AI11610,SQL
AI11610,Statistics
AI11610,Linux
AI11611,Data Visualization
AI11611,Linux
AI11611,SQL
AI11612,R
AI11612,Mathematics
AI11612,MLOps
AI11613,Data Visualization
AI11613,Scala
AI11613,AWS
AI11614,Statistics
AI11614,Kubernetes
AI11614,Data Visualization
AI11615,Data Visualization
AI11615,Linux
AI11615,SQL
AI11615,Python
AI11616,Git
AI11616,Hadoop
AI11616,Docker
AI11616,Data Visualization
AI11616,Java
AI11617,GCP
AI11617,NLP
AI11617,Python
AI11617,Linux
AI11617,Tableau
AI11618,NLP
AI11618,Python
AI11618,Kubernetes
AI11619,Python
AI11619,Azure
AI11619,GCP
AI11619,Kubernetes
AI11619,Java
AI11620,Python
AI11620,Azure
AI11620,Kubernetes
AI11620,Statistics
AI11620,Docker
AI11621,TensorFlow
AI11621,Azure
AI11621,Deep Learning
AI11621,AWS
AI11622,Linux
AI11622,NLP
AI11622,Hadoop
AI11622,Spark
AI11622,Git
AI11623,TensorFlow
AI11623,MLOps
AI11623,R
AI11623,Computer Vision
AI11623,NLP
AI11624,Git
AI11624,Scala
AI11624,MLOps
AI11625,Python
AI11625,Hadoop
AI11625,Computer Vision
AI11625,Deep Learning
AI11625,PyTorch
AI11626,Java
AI11626,R
AI11626,NLP
AI11627,Deep Learning
AI11627,Data Visualization
AI11627,Kubernetes
AI11628,Azure
AI11628,Spark
AI11628,Kubernetes
AI11629,Python
AI11629,R
AI11629,MLOps
AI11629,Data Visualization
AI11630,Linux
AI11630,Tableau
AI11630,R
AI11630,Computer Vision
AI11631,SQL
AI11631,Azure
AI11631,GCP
AI11632,TensorFlow
AI11632,Tableau
AI11632,Git
AI11633,Git
AI11633,MLOps
AI11633,Docker
AI11633,SQL
AI11633,GCP
AI11634,MLOps
AI11634,Scala
AI11634,Statistics
AI11635,Mathematics
AI11635,TensorFlow
AI11635,Scala
AI11635,SQL
AI11636,Spark
AI11636,Python
AI11636,Hadoop
AI11636,Tableau
AI11637,AWS
AI11637,Linux
AI11637,MLOps
AI11637,Tableau
AI11637,Statistics
AI11638,Python
AI11638,TensorFlow
AI11638,Spark
AI11639,Hadoop
AI11639,NLP
AI11639,SQL
AI11639,MLOps
AI11639,Deep Learning
AI11640,Git
AI11640,R
AI11640,Hadoop
AI11640,Tableau
AI11641,MLOps
AI11641,NLP
AI11641,Statistics
AI11641,PyTorch
AI11641,SQL
AI11642,Kubernetes
AI11642,Computer Vision
AI11642,Data Visualization
AI11642,SQL
AI11642,PyTorch
AI11643,Scala
AI11643,GCP
AI11643,Docker
AI11643,R
AI11643,Data Visualization
AI11644,Scala
AI11644,Linux
AI11644,R
AI11644,Deep Learning
AI11644,Docker
AI11645,MLOps
AI11645,Data Visualization
AI11645,SQL
AI11645,PyTorch
AI11646,Python
AI11646,TensorFlow
AI11646,Data Visualization
AI11646,GCP
AI11646,Git
AI11647,MLOps
AI11647,TensorFlow
AI11647,Docker
AI11647,Spark
AI11648,AWS
AI11648,Statistics
AI11648,PyTorch
AI11648,Scala
AI11648,Hadoop
AI11649,Azure
AI11649,Linux
AI11649,PyTorch
AI11649,NLP
AI11650,GCP
AI11650,Mathematics
AI11650,PyTorch
AI11650,Computer Vision
AI11650,Azure
AI11651,Deep Learning
AI11651,SQL
AI11651,Git
AI11652,TensorFlow
AI11652,Python
AI11652,MLOps
AI11652,NLP
AI11653,Tableau
AI11653,Java
AI11653,R
AI11653,Git
AI11654,AWS
AI11654,Python
AI11654,NLP
AI11655,Python
AI11655,Java
AI11655,Git
AI11656,Java
AI11656,R
AI11656,Git
AI11656,Spark
AI11657,PyTorch
AI11657,Git
AI11657,Statistics
AI11658,Mathematics
AI11658,R
AI11658,Python
AI11658,AWS
AI11659,Python
AI11659,Tableau
AI11659,Java
AI11659,NLP
AI11660,Kubernetes
AI11660,PyTorch
AI11660,Deep Learning
AI11660,GCP
AI11660,Scala
AI11661,Hadoop
AI11661,Linux
AI11661,TensorFlow
AI11661,Python
AI11661,AWS
AI11662,AWS
AI11662,Spark
AI11662,GCP
AI11662,Tableau
AI11662,Statistics
AI11663,Docker
AI11663,Tableau
AI11663,Java
AI11664,Scala
AI11664,Java
AI11664,AWS
AI11664,Data Visualization
AI11664,Mathematics
AI11665,Mathematics
AI11665,PyTorch
AI11665,MLOps
AI11666,Git
AI11666,SQL
AI11666,Kubernetes
AI11667,Docker
AI11667,Scala
AI11667,Statistics
AI11668,Java
AI11668,R
AI11668,Data Visualization
AI11669,Deep Learning
AI11669,Linux
AI11669,Hadoop
AI11669,Python
AI11670,NLP
AI11670,Scala
AI11670,Statistics
AI11670,Java
AI11671,Statistics
AI11671,AWS
AI11671,Deep Learning
AI11671,PyTorch
AI11671,MLOps
AI11672,Data Visualization
AI11672,Python
AI11672,Kubernetes
AI11673,Docker
AI11673,Spark
AI11673,NLP
AI11674,Azure
AI11674,Spark
AI11674,SQL
AI11674,Scala
AI11675,Python
AI11675,TensorFlow
AI11675,R
AI11675,GCP
AI11675,Java
AI11676,Scala
AI11676,Linux
AI11676,Tableau
AI11676,Data Visualization
AI11676,Hadoop
AI11677,Tableau
AI11677,Data Visualization
AI11677,PyTorch
AI11678,SQL
AI11678,Spark
AI11678,NLP
AI11678,Data Visualization
AI11679,R
AI11679,Tableau
AI11679,Kubernetes
AI11679,SQL
AI11680,Linux
AI11680,Hadoop
AI11680,Data Visualization
AI11680,Mathematics
AI11681,Tableau
AI11681,Python
AI11681,TensorFlow
AI11681,MLOps
AI11682,Azure
AI11682,Tableau
AI11682,Mathematics
AI11683,Python
AI11683,Deep Learning
AI11683,Computer Vision
AI11683,NLP
AI11683,Kubernetes
AI11684,AWS
AI11684,Python
AI11684,Computer Vision
AI11685,Python
AI11685,PyTorch
AI11685,MLOps
AI11685,Deep Learning
AI11686,Scala
AI11686,Java
AI11686,Python
AI11686,Statistics
AI11687,Python
AI11687,Computer Vision
AI11687,Tableau
AI11687,TensorFlow
AI11687,Statistics
AI11688,Statistics
AI11688,Tableau
AI11688,AWS
AI11688,Git
AI11689,R
AI11689,Linux
AI11689,Mathematics
AI11689,SQL
AI11689,Git
AI11690,Git
AI11690,Java
AI11690,Hadoop
AI11690,Scala
AI11690,GCP
AI11691,Azure
AI11691,Scala
AI11691,GCP
AI11692,Hadoop
AI11692,Kubernetes
AI11692,MLOps
AI11692,Python
AI11693,Tableau
AI11693,GCP
AI11693,Linux
AI11693,Mathematics
AI11693,Data Visualization
AI11694,Linux
AI11694,Deep Learning
AI11694,NLP
AI11694,Computer Vision
AI11694,R
AI11695,Kubernetes
AI11695,Deep Learning
AI11695,Azure
AI11695,GCP
AI11695,TensorFlow
AI11696,Computer Vision
AI11696,R
AI11696,Data Visualization
AI11697,SQL
AI11697,TensorFlow
AI11697,GCP
AI11698,Python
AI11698,Hadoop
AI11698,Java
AI11698,PyTorch
AI11699,Hadoop
AI11699,Tableau
AI11699,Scala
AI11699,Data Visualization
AI11700,R
AI11700,SQL
AI11700,Azure
AI11700,Linux
AI11700,Hadoop
AI11701,Deep Learning
AI11701,NLP
AI11701,PyTorch
AI11702,MLOps
AI11702,Spark
AI11702,Python
AI11703,AWS
AI11703,SQL
AI11703,Java
AI11704,Python
AI11704,Hadoop
AI11704,SQL
AI11704,Spark
AI11705,Docker
AI11705,Tableau
AI11705,SQL
AI11705,PyTorch
AI11705,NLP
AI11706,Spark
AI11706,AWS
AI11706,Tableau
AI11706,Data Visualization
AI11707,Scala
AI11707,TensorFlow
AI11707,Linux
AI11707,Azure
AI11707,Mathematics
AI11708,Kubernetes
AI11708,Git
AI11708,Azure
AI11709,NLP
AI11709,Deep Learning
AI11709,Computer Vision
AI11710,TensorFlow
AI11710,Kubernetes
AI11710,Computer Vision
AI11711,Git
AI11711,Kubernetes
AI11711,PyTorch
AI11712,Kubernetes
AI11712,PyTorch
AI11712,Docker
AI11712,Tableau
AI11712,TensorFlow
AI11713,Scala
AI11713,Data Visualization
AI11713,Azure
AI11713,Deep Learning
AI11714,Python
AI11714,Git
AI11714,Kubernetes
AI11714,Deep Learning
AI11715,Hadoop
AI11715,NLP
AI11715,PyTorch
AI11716,R
AI11716,Java
AI11716,GCP
AI11716,Data Visualization
AI11716,SQL
AI11717,GCP
AI11717,Scala
AI11717,Kubernetes
AI11717,Mathematics
AI11718,Python
AI11718,Docker
AI11718,MLOps
AI11718,TensorFlow
AI11719,PyTorch
AI11719,Statistics
AI11719,Python
AI11720,AWS
AI11720,PyTorch
AI11720,SQL
AI11721,Hadoop
AI11721,Git
AI11721,Kubernetes
AI11721,GCP
AI11721,Docker
AI11722,Python
AI11722,Computer Vision
AI11722,TensorFlow
AI11722,GCP
AI11722,Statistics
AI11723,MLOps
AI11723,TensorFlow
AI11723,AWS
AI11723,Mathematics
AI11723,Spark
AI11724,Kubernetes
AI11724,Spark
AI11724,AWS
AI11725,Deep Learning
AI11725,SQL
AI11725,R
AI11726,SQL
AI11726,Python
AI11726,Scala
AI11726,PyTorch
AI11727,Linux
AI11727,AWS
AI11727,Scala
AI11728,Tableau
AI11728,SQL
AI11728,Python
AI11728,Azure
AI11728,NLP
AI11729,AWS
AI11729,Azure
AI11729,Java
AI11729,Statistics
AI11730,Docker
AI11730,Deep Learning
AI11730,Linux
AI11730,Kubernetes
AI11731,Linux
AI11731,Scala
AI11731,MLOps
AI11731,Java
AI11731,Spark
AI11732,Python
AI11732,AWS
AI11732,TensorFlow
AI11732,Hadoop
AI11732,Spark
AI11733,Kubernetes
AI11733,R
AI11733,Tableau
AI11734,Git
AI11734,Scala
AI11734,TensorFlow
AI11734,Deep Learning
AI11735,Python
AI11735,Hadoop
AI11735,Mathematics
AI11736,Hadoop
AI11736,Data Visualization
AI11736,Git
AI11736,Azure
AI11737,Python
AI11737,Kubernetes
AI11737,Hadoop
AI11737,Linux
AI11738,Kubernetes
AI11738,Scala
AI11738,Spark
AI11738,Azure
AI11739,NLP
AI11739,Python
AI11739,Git
AI11739,Computer Vision
AI11739,Java
AI11740,MLOps
AI11740,Data Visualization
AI11740,Kubernetes
AI11740,PyTorch
AI11741,Deep Learning
AI11741,SQL
AI11741,GCP
AI11741,Mathematics
AI11742,Kubernetes
AI11742,Deep Learning
AI11742,Java
AI11742,Statistics
AI11742,Linux
AI11743,Python
AI11743,Kubernetes
AI11743,SQL
AI11743,TensorFlow
AI11744,Kubernetes
AI11744,Python
AI11744,SQL
AI11744,Hadoop
AI11745,Hadoop
AI11745,Git
AI11745,Tableau
AI11745,NLP
AI11746,Git
AI11746,Kubernetes
AI11746,Python
AI11746,TensorFlow
AI11747,Docker
AI11747,Kubernetes
AI11747,GCP
AI11747,Linux
AI11747,Python
AI11748,R
AI11748,Docker
AI11748,GCP
AI11749,R
AI11749,Kubernetes
AI11749,Git
AI11749,Statistics
AI11749,Data Visualization
AI11750,Git
AI11750,Data Visualization
AI11750,Hadoop
AI11751,Scala
AI11751,Mathematics
AI11751,Deep Learning
AI11751,GCP
AI11751,Docker
AI11752,Kubernetes
AI11752,Spark
AI11752,Scala
AI11753,SQL
AI11753,Statistics
AI11753,TensorFlow
AI11753,Scala
AI11753,Linux
AI11754,Python
AI11754,Spark
AI11754,Deep Learning
AI11754,Statistics
AI11754,Data Visualization
AI11755,Docker
AI11755,R
AI11755,Computer Vision
AI11756,Python
AI11756,TensorFlow
AI11756,GCP
AI11756,MLOps
AI11756,Scala
AI11757,R
AI11757,Mathematics
AI11757,Java
AI11758,Spark
AI11758,PyTorch
AI11758,Linux
AI11759,Linux
AI11759,R
AI11759,SQL
AI11760,Docker
AI11760,Python
AI11760,GCP
AI11760,MLOps
AI11761,Python
AI11761,Mathematics
AI11761,R
AI11762,Linux
AI11762,Kubernetes
AI11762,GCP
AI11762,Hadoop
AI11763,PyTorch
AI11763,Git
AI11763,Hadoop
AI11763,Tableau
AI11763,TensorFlow
AI11764,SQL
AI11764,Git
AI11764,NLP
AI11765,Linux
AI11765,Git
AI11765,Tableau
AI11765,Python
AI11766,R
AI11766,Mathematics
AI11766,Computer Vision
AI11766,Azure
AI11766,Python
AI11767,Mathematics
AI11767,Java
AI11767,PyTorch
AI11767,Git
AI11767,Docker
AI11768,Git
AI11768,Hadoop
AI11768,Linux
AI11769,PyTorch
AI11769,Docker
AI11769,AWS
AI11769,Python
AI11770,Scala
AI11770,Hadoop
AI11770,Data Visualization
AI11771,PyTorch
AI11771,NLP
AI11771,SQL
AI11772,Docker
AI11772,Python
AI11772,Computer Vision
AI11773,SQL
AI11773,PyTorch
AI11773,Java
AI11773,Spark
AI11774,Hadoop
AI11774,SQL
AI11774,Kubernetes
AI11774,GCP
AI11774,Spark
AI11775,Python
AI11775,TensorFlow
AI11775,PyTorch
AI11776,Docker
AI11776,Hadoop
AI11776,Mathematics
AI11776,Python
AI11777,Kubernetes
AI11777,SQL
AI11777,Computer Vision
AI11777,Azure
AI11777,Spark
AI11778,Tableau
AI11778,Git
AI11778,SQL
AI11779,Mathematics
AI11779,Kubernetes
AI11779,SQL
AI11780,Computer Vision
AI11780,Data Visualization
AI11780,Python
AI11780,Statistics
AI11780,GCP
AI11781,R
AI11781,Docker
AI11781,Statistics
AI11782,NLP
AI11782,Linux
AI11782,Scala
AI11783,Git
AI11783,Azure
AI11783,Python
AI11783,SQL
AI11783,Deep Learning
AI11784,Azure
AI11784,Docker
AI11784,Tableau
AI11784,GCP
AI11785,PyTorch
AI11785,Linux
AI11785,Spark
AI11786,Spark
AI11786,NLP
AI11786,SQL
AI11786,Hadoop
AI11786,Python
AI11787,SQL
AI11787,Python
AI11787,Spark
AI11787,Azure
AI11788,Scala
AI11788,Java
AI11788,SQL
AI11788,Mathematics
AI11789,Java
AI11789,GCP
AI11789,Computer Vision
AI11789,SQL
AI11790,Python
AI11790,MLOps
AI11790,TensorFlow
AI11791,Linux
AI11791,Scala
AI11791,NLP
AI11791,MLOps
AI11791,Hadoop
AI11792,AWS
AI11792,Git
AI11792,Mathematics
AI11793,SQL
AI11793,Data Visualization
AI11793,PyTorch
AI11793,GCP
AI11793,Docker
AI11794,GCP
AI11794,Data Visualization
AI11794,Hadoop
AI11794,Mathematics
AI11795,Kubernetes
AI11795,Scala
AI11795,Linux
AI11795,R
AI11796,Statistics
AI11796,Scala
AI11796,MLOps
AI11796,Mathematics
AI11797,Scala
AI11797,PyTorch
AI11797,Azure
AI11798,TensorFlow
AI11798,R
AI11798,NLP
AI11798,Data Visualization
AI11799,NLP
AI11799,Mathematics
AI11799,Data Visualization
AI11799,Azure
AI11800,Git
AI11800,Linux
AI11800,Java
AI11800,TensorFlow
AI11801,Computer Vision
AI11801,GCP
AI11801,Python
AI11801,TensorFlow
AI11802,NLP
AI11802,MLOps
AI11802,Hadoop
AI11803,Tableau
AI11803,Deep Learning
AI11803,SQL
AI11803,Git
AI11804,Kubernetes
AI11804,Python
AI11804,Tableau
AI11805,Docker
AI11805,Python
AI11805,SQL
AI11805,NLP
AI11806,Scala
AI11806,Python
AI11806,Kubernetes
AI11807,AWS
AI11807,R
AI11807,MLOps
AI11807,Mathematics
AI11808,Azure
AI11808,PyTorch
AI11808,SQL
AI11809,Mathematics
AI11809,Python
AI11809,Tableau
AI11809,SQL
AI11810,Statistics
AI11810,TensorFlow
AI11810,Kubernetes
AI11810,Azure
AI11811,NLP
AI11811,MLOps
AI11811,Deep Learning
AI11811,PyTorch
AI11812,TensorFlow
AI11812,PyTorch
AI11812,Deep Learning
AI11813,TensorFlow
AI11813,Hadoop
AI11813,Azure
AI11813,Computer Vision
AI11813,NLP
AI11814,Statistics
AI11814,Linux
AI11814,Data Visualization
AI11814,Hadoop
AI11815,Spark
AI11815,Hadoop
AI11815,Kubernetes
AI11815,PyTorch
AI11816,Statistics
AI11816,Java
AI11816,Kubernetes
AI11817,Mathematics
AI11817,AWS
AI11817,PyTorch
AI11817,Statistics
AI11817,Deep Learning
AI11818,MLOps
AI11818,Linux
AI11818,Python
AI11819,Hadoop
AI11819,TensorFlow
AI11819,Scala
AI11820,GCP
AI11820,TensorFlow
AI11820,R
AI11820,Linux
AI11821,GCP
AI11821,Python
AI11821,Git
AI11821,Azure
AI11822,SQL
AI11822,PyTorch
AI11822,Data Visualization
AI11823,Computer Vision
AI11823,GCP
AI11823,Spark
AI11824,Docker
AI11824,Deep Learning
AI11824,Python
AI11825,Java
AI11825,Mathematics
AI11825,Python
AI11825,Scala
AI11825,Linux
AI11826,PyTorch
AI11826,AWS
AI11826,TensorFlow
AI11827,Docker
AI11827,Azure
AI11827,Python
AI11827,Kubernetes
AI11828,Azure
AI11828,Linux
AI11828,Python
AI11828,Java
AI11829,Java
AI11829,Hadoop
AI11829,Mathematics
AI11830,Python
AI11830,Hadoop
AI11830,Java
AI11830,AWS
AI11831,Azure
AI11831,Python
AI11831,Data Visualization
AI11832,Computer Vision
AI11832,SQL
AI11832,PyTorch
AI11833,MLOps
AI11833,Tableau
AI11833,SQL
AI11834,R
AI11834,Hadoop
AI11834,Mathematics
AI11834,AWS
AI11834,MLOps
AI11835,Java
AI11835,Spark
AI11835,Data Visualization
AI11835,TensorFlow
AI11836,Python
AI11836,Kubernetes
AI11836,Docker
AI11837,Statistics
AI11837,R
AI11837,MLOps
AI11837,Java
AI11837,Git
AI11838,Java
AI11838,PyTorch
AI11838,TensorFlow
AI11838,Computer Vision
AI11838,Git
AI11839,SQL
AI11839,Git
AI11839,Data Visualization
AI11839,PyTorch
AI11840,Java
AI11840,Azure
AI11840,Tableau
AI11840,MLOps
AI11841,Java
AI11841,PyTorch
AI11841,Deep Learning
AI11841,Azure
AI11841,TensorFlow
AI11842,Python
AI11842,SQL
AI11842,PyTorch
AI11842,Azure
AI11842,Linux
AI11843,GCP
AI11843,Python
AI11843,Scala
AI11843,Docker
AI11844,Computer Vision
AI11844,Linux
AI11844,TensorFlow
AI11844,Java
AI11845,AWS
AI11845,Deep Learning
AI11845,Computer Vision
AI11845,Linux
AI11845,PyTorch
AI11846,Spark
AI11846,Hadoop
AI11846,Git
AI11846,Data Visualization
AI11847,Computer Vision
AI11847,Java
AI11847,Mathematics
AI11847,Linux
AI11848,GCP
AI11848,Computer Vision
AI11848,Tableau
AI11848,AWS
AI11848,Java
AI11849,SQL
AI11849,Scala
AI11849,Kubernetes
AI11850,Kubernetes
AI11850,AWS
AI11850,Computer Vision
AI11850,R
AI11850,Hadoop
AI11851,Docker
AI11851,Data Visualization
AI11851,Scala
AI11851,Deep Learning
AI11852,Linux
AI11852,Kubernetes
AI11852,SQL
AI11853,Java
AI11853,NLP
AI11853,AWS
AI11854,Python
AI11854,Computer Vision
AI11854,Data Visualization
AI11854,TensorFlow
AI11854,Kubernetes
AI11855,Python
AI11855,Data Visualization
AI11855,Mathematics
AI11855,AWS
AI11856,Hadoop
AI11856,Java
AI11856,Deep Learning
AI11857,Python
AI11857,Git
AI11857,Computer Vision
AI11857,Tableau
AI11858,Docker
AI11858,Git
AI11858,Hadoop
AI11858,MLOps
AI11859,Computer Vision
AI11859,PyTorch
AI11859,Scala
AI11860,Tableau
AI11860,MLOps
AI11860,Python
AI11860,R
AI11860,SQL
AI11861,Scala
AI11861,Linux
AI11861,MLOps
AI11861,Spark
AI11862,PyTorch
AI11862,Azure
AI11862,TensorFlow
AI11862,Java
AI11863,AWS
AI11863,Data Visualization
AI11863,Hadoop
AI11864,TensorFlow
AI11864,R
AI11864,Spark
AI11864,SQL
AI11864,Kubernetes
AI11865,GCP
AI11865,R
AI11865,NLP
AI11866,Spark
AI11866,Python
AI11866,NLP
AI11866,Deep Learning
AI11866,Computer Vision
AI11867,Linux
AI11867,Tableau
AI11867,Deep Learning
AI11867,Kubernetes
AI11868,Azure
AI11868,TensorFlow
AI11868,Deep Learning
AI11868,Data Visualization
AI11869,Java
AI11869,Kubernetes
AI11869,PyTorch
AI11869,Linux
AI11870,Scala
AI11870,NLP
AI11870,Data Visualization
AI11870,Statistics
AI11871,Kubernetes
AI11871,Git
AI11871,Hadoop
AI11871,Java
AI11871,Scala
AI11872,SQL
AI11872,Git
AI11872,R
AI11873,Hadoop
AI11873,Data Visualization
AI11873,Spark
AI11873,Computer Vision
AI11873,Linux
AI11874,Scala
AI11874,Spark
AI11874,Python
AI11874,Azure
AI11875,Scala
AI11875,AWS
AI11875,MLOps
AI11875,PyTorch
AI11875,Docker
AI11876,AWS
AI11876,Kubernetes
AI11876,Data Visualization
AI11876,Scala
AI11876,PyTorch
AI11877,NLP
AI11877,TensorFlow
AI11877,GCP
AI11877,SQL
AI11878,Azure
AI11878,Kubernetes
AI11878,GCP
AI11878,Spark
AI11879,Spark
AI11879,Python
AI11879,Data Visualization
AI11879,Java
AI11880,Python
AI11880,PyTorch
AI11880,MLOps
AI11880,Java
AI11880,R
AI11881,AWS
AI11881,Azure
AI11881,MLOps
AI11882,PyTorch
AI11882,Kubernetes
AI11882,Spark
AI11882,Linux
AI11883,Kubernetes
AI11883,Computer Vision
AI11883,Spark
AI11883,PyTorch
AI11883,AWS
AI11884,Linux
AI11884,Data Visualization
AI11884,Deep Learning
AI11884,R
AI11885,Docker
AI11885,Kubernetes
AI11885,Python
AI11886,Mathematics
AI11886,SQL
AI11886,Kubernetes
AI11886,PyTorch
AI11887,GCP
AI11887,Linux
AI11887,PyTorch
AI11887,NLP
AI11887,MLOps
AI11888,MLOps
AI11888,AWS
AI11888,TensorFlow
AI11888,Statistics
AI11889,Computer Vision
AI11889,Data Visualization
AI11889,GCP
AI11890,Java
AI11890,AWS
AI11890,MLOps
AI11890,Git
AI11891,Git
AI11891,AWS
AI11891,Kubernetes
AI11891,Data Visualization
AI11892,Spark
AI11892,Python
AI11892,Azure
AI11892,Hadoop
AI11892,SQL
AI11893,Docker
AI11893,PyTorch
AI11893,Scala
AI11893,Tableau
AI11893,Linux
AI11894,Azure
AI11894,Python
AI11894,Deep Learning
AI11894,TensorFlow
AI11894,PyTorch
AI11895,Spark
AI11895,Kubernetes
AI11895,PyTorch
AI11895,Computer Vision
AI11895,GCP
AI11896,GCP
AI11896,Scala
AI11896,Mathematics
AI11896,PyTorch
AI11896,Kubernetes
AI11897,NLP
AI11897,Python
AI11897,Scala
AI11897,Mathematics
AI11898,Git
AI11898,Linux
AI11898,SQL
AI11898,Python
AI11898,Computer Vision
AI11899,GCP
AI11899,Hadoop
AI11899,Deep Learning
AI11899,Data Visualization
AI11899,MLOps
AI11900,GCP
AI11900,Deep Learning
AI11900,Tableau
AI11900,NLP
AI11900,R
AI11901,PyTorch
AI11901,R
AI11901,Java
AI11901,Docker
AI11901,Statistics
AI11902,Kubernetes
AI11902,AWS
AI11902,Data Visualization
AI11902,Docker
AI11903,SQL
AI11903,PyTorch
AI11903,Computer Vision
AI11904,Hadoop
AI11904,Python
AI11904,Docker
AI11904,Java
AI11905,NLP
AI11905,Docker
AI11905,Kubernetes
AI11905,TensorFlow
AI11906,Linux
AI11906,Scala
AI11906,Docker
AI11907,SQL
AI11907,Git
AI11907,NLP
AI11908,R
AI11908,SQL
AI11908,Java
AI11909,Deep Learning
AI11909,Git
AI11909,R
AI11909,PyTorch
AI11910,Data Visualization
AI11910,Java
AI11910,Python
AI11910,TensorFlow
AI11911,Java
AI11911,Computer Vision
AI11911,Hadoop
AI11912,Spark
AI11912,Python
AI11912,Data Visualization
AI11912,Statistics
AI11913,Java
AI11913,PyTorch
AI11913,Kubernetes
AI11913,TensorFlow
AI11913,GCP
AI11914,TensorFlow
AI11914,Tableau
AI11914,Git
AI11915,Kubernetes
AI11915,Docker
AI11915,Deep Learning
AI11915,GCP
AI11915,Computer Vision
AI11916,Linux
AI11916,SQL
AI11916,Scala
AI11916,Statistics
AI11916,PyTorch
AI11917,Computer Vision
AI11917,Data Visualization
AI11917,Hadoop
AI11917,Java
AI11918,Java
AI11918,Hadoop
AI11918,Docker
AI11918,Kubernetes
AI11919,AWS
AI11919,Python
AI11919,Statistics
AI11920,Computer Vision
AI11920,TensorFlow
AI11920,SQL
AI11921,SQL
AI11921,Python
AI11921,Git
AI11921,Deep Learning
AI11922,Statistics
AI11922,Tableau
AI11922,Mathematics
AI11922,NLP
AI11923,Hadoop
AI11923,MLOps
AI11923,SQL
AI11923,Python
AI11924,Tableau
AI11924,Kubernetes
AI11924,TensorFlow
AI11924,Git
AI11925,Scala
AI11925,Git
AI11925,Kubernetes
AI11925,Deep Learning
AI11925,Python
AI11926,Scala
AI11926,Docker
AI11926,Deep Learning
AI11927,Git
AI11927,Azure
AI11927,Python
AI11927,Spark
AI11928,Spark
AI11928,Tableau
AI11928,PyTorch
AI11928,Azure
AI11929,PyTorch
AI11929,Hadoop
AI11929,Linux
AI11930,Mathematics
AI11930,Statistics
AI11930,Data Visualization
AI11930,Computer Vision
AI11930,GCP
AI11931,Kubernetes
AI11931,Computer Vision
AI11931,Scala
AI11932,Azure
AI11932,Python
AI11932,Deep Learning
AI11932,Computer Vision
AI11932,Statistics
AI11933,Mathematics
AI11933,SQL
AI11933,Spark
AI11933,Deep Learning
AI11933,Java
AI11934,AWS
AI11934,Tableau
AI11934,Data Visualization
AI11934,TensorFlow
AI11934,Azure
AI11935,MLOps
AI11935,Python
AI11935,Java
AI11935,Hadoop
AI11936,SQL
AI11936,TensorFlow
AI11936,Computer Vision
AI11936,Azure
AI11936,Deep Learning
AI11937,Linux
AI11937,Tableau
AI11937,Python
AI11937,TensorFlow
AI11938,Java
AI11938,GCP
AI11938,MLOps
AI11938,Scala
AI11938,Python
AI11939,Python
AI11939,Hadoop
AI11939,Deep Learning
AI11939,Kubernetes
AI11940,Java
AI11940,Kubernetes
AI11940,Azure
AI11940,Mathematics
AI11941,Azure
AI11941,Statistics
AI11941,PyTorch
AI11942,Kubernetes
AI11942,GCP
AI11942,Python
AI11943,Kubernetes
AI11943,Docker
AI11943,Hadoop
AI11943,Python
AI11943,Deep Learning
AI11944,Python
AI11944,Git
AI11944,TensorFlow
AI11944,GCP
AI11944,PyTorch
AI11945,Python
AI11945,TensorFlow
AI11945,PyTorch
AI11945,Computer Vision
AI11946,Computer Vision
AI11946,PyTorch
AI11946,Docker
AI11947,Git
AI11947,Deep Learning
AI11947,TensorFlow
AI11948,Scala
AI11948,Python
AI11948,Kubernetes
AI11949,SQL
AI11949,Kubernetes
AI11949,Azure
AI11949,PyTorch
AI11950,Scala
AI11950,Docker
AI11950,SQL
AI11950,Hadoop
AI11950,PyTorch
AI11951,Tableau
AI11951,Data Visualization
AI11951,Azure
AI11951,Spark
AI11951,GCP
AI11952,SQL
AI11952,Kubernetes
AI11952,Computer Vision
AI11953,NLP
AI11953,PyTorch
AI11953,Tableau
AI11953,R
AI11953,Linux
AI11954,Spark
AI11954,Data Visualization
AI11954,Python
AI11955,Computer Vision
AI11955,PyTorch
AI11955,Hadoop
AI11955,Azure
AI11956,Linux
AI11956,PyTorch
AI11956,R
AI11957,Git
AI11957,Hadoop
AI11957,Java
AI11957,Computer Vision
AI11958,GCP
AI11958,Kubernetes
AI11958,Git
AI11958,Hadoop
AI11958,SQL
AI11959,Linux
AI11959,Docker
AI11959,R
AI11960,Azure
AI11960,Java
AI11960,NLP
AI11961,Python
AI11961,Linux
AI11961,Data Visualization
AI11962,AWS
AI11962,Scala
AI11962,Kubernetes
AI11962,Tableau
AI11962,Computer Vision
AI11963,Tableau
AI11963,Git
AI11963,Python
AI11963,Computer Vision
AI11963,GCP
AI11964,Linux
AI11964,Deep Learning
AI11964,Git
AI11964,R
AI11964,Azure
AI11965,Git
AI11965,TensorFlow
AI11965,Tableau
AI11965,PyTorch
AI11966,Git
AI11966,NLP
AI11966,Linux
AI11967,SQL
AI11967,Python
AI11967,Mathematics
AI11967,Tableau
AI11968,SQL
AI11968,R
AI11968,Data Visualization
AI11968,Tableau
AI11969,R
AI11969,NLP
AI11969,TensorFlow
AI11970,R
AI11970,Deep Learning
AI11970,Hadoop
AI11971,Statistics
AI11971,Git
AI11971,R
AI11971,Scala
AI11972,GCP
AI11972,SQL
AI11972,Deep Learning
AI11972,Tableau
AI11973,Computer Vision
AI11973,Kubernetes
AI11973,SQL
AI11973,Deep Learning
AI11973,Data Visualization
AI11974,Git
AI11974,GCP
AI11974,Kubernetes
AI11974,Azure
AI11975,GCP
AI11975,Kubernetes
AI11975,Scala
AI11975,Java
AI11975,Statistics
AI11976,Java
AI11976,Python
AI11976,SQL
AI11977,R
AI11977,Hadoop
AI11977,AWS
AI11978,SQL
AI11978,Kubernetes
AI11978,Computer Vision
AI11978,Azure
AI11979,R
AI11979,SQL
AI11979,Spark
AI11980,Kubernetes
AI11980,MLOps
AI11980,Python
AI11980,Deep Learning
AI11980,Scala
AI11981,AWS
AI11981,SQL
AI11981,Kubernetes
AI11982,Computer Vision
AI11982,Hadoop
AI11982,R
AI11983,TensorFlow
AI11983,SQL
AI11983,Statistics
AI11984,GCP
AI11984,SQL
AI11984,Java
AI11984,Git
AI11984,Linux
AI11985,SQL
AI11985,TensorFlow
AI11985,GCP
AI11985,Docker
AI11986,Python
AI11986,Java
AI11986,Docker
AI11986,Scala
AI11986,Mathematics
AI11987,Kubernetes
AI11987,Statistics
AI11987,GCP
AI11987,Docker
AI11987,Tableau
AI11988,SQL
AI11988,Data Visualization
AI11988,Hadoop
AI11988,Python
AI11988,Scala
AI11989,Scala
AI11989,Kubernetes
AI11989,Mathematics
AI11989,Data Visualization
AI11990,Java
AI11990,R
AI11990,Spark
AI11990,Computer Vision
AI11991,Kubernetes
AI11991,Azure
AI11991,Tableau
AI11991,NLP
AI11991,Spark
AI11992,SQL
AI11992,Spark
AI11992,PyTorch
AI11993,PyTorch
AI11993,Deep Learning
AI11993,NLP
AI11994,GCP
AI11994,AWS
AI11994,Python
AI11994,TensorFlow
AI11994,Kubernetes
AI11995,SQL
AI11995,MLOps
AI11995,GCP
AI11996,Data Visualization
AI11996,Scala
AI11996,SQL
AI11996,Azure
AI11997,Python
AI11997,Kubernetes
AI11997,Data Visualization
AI11998,Java
AI11998,SQL
AI11998,MLOps
AI11998,Computer Vision
AI11999,GCP
AI11999,Git
AI11999,PyTorch
AI11999,Python
AI11999,Hadoop
AI12000,Spark
AI12000,Git
AI12000,MLOps
AI12000,Docker
AI12001,Java
AI12001,Mathematics
AI12001,Git
AI12002,SQL
AI12002,Computer Vision
AI12002,Data Visualization
AI12002,AWS
AI12002,Java
AI12003,Kubernetes
AI12003,Scala
AI12003,Mathematics
AI12004,Scala
AI12004,SQL
AI12004,PyTorch
AI12004,TensorFlow
AI12005,PyTorch
AI12005,MLOps
AI12005,Git
AI12005,Deep Learning
AI12006,Tableau
AI12006,Kubernetes
AI12006,Deep Learning
AI12006,Data Visualization
AI12007,PyTorch
AI12007,Python
AI12007,MLOps
AI12007,AWS
AI12007,NLP
AI12008,SQL
AI12008,PyTorch
AI12008,GCP
AI12009,MLOps
AI12009,Deep Learning
AI12009,Computer Vision
AI12009,Python
AI12010,Scala
AI12010,Kubernetes
AI12010,Hadoop
AI12010,Mathematics
AI12010,Deep Learning
AI12011,Statistics
AI12011,TensorFlow
AI12011,Java
AI12011,Mathematics
AI12012,TensorFlow
AI12012,Data Visualization
AI12012,SQL
AI12012,Python
AI12012,Mathematics
AI12013,Linux
AI12013,Scala
AI12013,Git
AI12013,Computer Vision
AI12013,SQL
AI12014,Tableau
AI12014,Linux
AI12014,Java
AI12014,Azure
AI12014,PyTorch
AI12015,Docker
AI12015,Kubernetes
AI12015,Git
AI12015,AWS
AI12015,Mathematics
AI12016,Python
AI12016,Hadoop
AI12016,NLP
AI12017,GCP
AI12017,SQL
AI12017,MLOps
AI12018,Python
AI12018,GCP
AI12018,SQL
AI12018,TensorFlow
AI12019,Python
AI12019,TensorFlow
AI12019,AWS
AI12019,Deep Learning
AI12020,Tableau
AI12020,GCP
AI12020,SQL
AI12020,Scala
AI12020,Computer Vision
AI12021,TensorFlow
AI12021,Kubernetes
AI12021,Docker
AI12021,R
AI12021,Java
AI12022,Git
AI12022,Tableau
AI12022,TensorFlow
AI12023,NLP
AI12023,Hadoop
AI12023,Git
AI12024,GCP
AI12024,PyTorch
AI12024,Mathematics
AI12024,Deep Learning
AI12024,MLOps
AI12025,Java
AI12025,Python
AI12025,Deep Learning
AI12025,Hadoop
AI12026,Data Visualization
AI12026,MLOps
AI12026,GCP
AI12026,PyTorch
AI12026,Azure
AI12027,NLP
AI12027,Git
AI12027,Linux
AI12027,Data Visualization
AI12028,Data Visualization
AI12028,R
AI12028,Linux
AI12028,Hadoop
AI12028,Git
AI12029,Docker
AI12029,Tableau
AI12029,AWS
AI12029,Data Visualization
AI12030,Python
AI12030,Scala
AI12030,GCP
AI12031,Java
AI12031,Statistics
AI12031,Tableau
AI12032,PyTorch
AI12032,AWS
AI12032,Computer Vision
AI12033,AWS
AI12033,Kubernetes
AI12033,Scala
AI12034,Docker
AI12034,SQL
AI12034,R
AI12034,Java
AI12034,AWS
AI12035,Kubernetes
AI12035,Python
AI12035,TensorFlow
AI12035,Data Visualization
AI12035,Linux
AI12036,MLOps
AI12036,Scala
AI12036,Java
AI12036,Python
AI12036,Spark
AI12037,R
AI12037,Python
AI12037,AWS
AI12038,SQL
AI12038,Kubernetes
AI12038,Computer Vision
AI12039,TensorFlow
AI12039,Scala
AI12039,Azure
AI12039,SQL
AI12040,TensorFlow
AI12040,Hadoop
AI12040,Kubernetes
AI12041,SQL
AI12041,Hadoop
AI12041,Deep Learning
AI12041,Computer Vision
AI12042,PyTorch
AI12042,Spark
AI12042,Linux
AI12043,Deep Learning
AI12043,Git
AI12043,TensorFlow
AI12043,Computer Vision
AI12043,Python
AI12044,Linux
AI12044,TensorFlow
AI12044,Python
AI12044,Tableau
AI12045,Mathematics
AI12045,Hadoop
AI12045,Docker
AI12046,PyTorch
AI12046,Azure
AI12046,Data Visualization
AI12046,TensorFlow
AI12047,Deep Learning
AI12047,PyTorch
AI12047,Spark
AI12048,PyTorch
AI12048,Statistics
AI12048,NLP
AI12049,Azure
AI12049,Spark
AI12049,SQL
AI12049,Python
AI12050,Linux
AI12050,PyTorch
AI12050,Hadoop
AI12050,Azure
AI12050,Java
AI12051,Kubernetes
AI12051,SQL
AI12051,Tableau
AI12051,Spark
AI12052,Linux
AI12052,Mathematics
AI12052,Git
AI12052,R
AI12053,AWS
AI12053,PyTorch
AI12053,GCP
AI12053,SQL
AI12053,Docker
AI12054,SQL
AI12054,Scala
AI12054,NLP
AI12054,Spark
AI12055,Python
AI12055,NLP
AI12055,R
AI12055,Spark
AI12056,MLOps
AI12056,Tableau
AI12056,Java
AI12057,GCP
AI12057,Scala
AI12057,PyTorch
AI12057,Python
AI12058,Kubernetes
AI12058,NLP
AI12058,TensorFlow
AI12059,Statistics
AI12059,Python
AI12059,Kubernetes
AI12060,NLP
AI12060,TensorFlow
AI12060,Deep Learning
AI12060,MLOps
AI12061,SQL
AI12061,Azure
AI12061,Mathematics
AI12061,PyTorch
AI12061,Git
AI12062,Git
AI12062,Data Visualization
AI12062,Mathematics
AI12063,Scala
AI12063,Python
AI12063,Azure
AI12064,TensorFlow
AI12064,Tableau
AI12064,Linux
AI12064,PyTorch
AI12064,Java
AI12065,NLP
AI12065,Docker
AI12065,Java
AI12065,GCP
AI12065,Tableau
AI12066,MLOps
AI12066,Mathematics
AI12066,Python
AI12066,Data Visualization
AI12067,PyTorch
AI12067,SQL
AI12067,GCP
AI12068,NLP
AI12068,TensorFlow
AI12068,Kubernetes
AI12068,SQL
AI12069,SQL
AI12069,PyTorch
AI12069,Azure
AI12069,Docker
AI12069,MLOps
AI12070,Hadoop
AI12070,Spark
AI12070,PyTorch
AI12071,Linux
AI12071,PyTorch
AI12071,NLP
AI12072,SQL
AI12072,Linux
AI12072,Deep Learning
AI12072,Tableau
AI12072,Computer Vision
AI12073,SQL
AI12073,PyTorch
AI12073,R
AI12073,Docker
AI12073,Computer Vision
AI12074,Data Visualization
AI12074,SQL
AI12074,PyTorch
AI12075,Python
AI12075,GCP
AI12075,Scala
AI12075,Linux
AI12075,Statistics
AI12076,Tableau
AI12076,PyTorch
AI12076,Statistics
AI12077,Docker
AI12077,Kubernetes
AI12077,Scala
AI12077,Hadoop
AI12078,Python
AI12078,NLP
AI12078,AWS
AI12078,GCP
AI12079,R
AI12079,SQL
AI12079,Docker
AI12079,Linux
AI12080,Git
AI12080,GCP
AI12080,Data Visualization
AI12080,Computer Vision
AI12081,Linux
AI12081,PyTorch
AI12081,Data Visualization
AI12081,Python
AI12082,SQL
AI12082,TensorFlow
AI12082,Data Visualization
AI12083,Scala
AI12083,Linux
AI12083,Java
AI12083,Computer Vision
AI12084,Scala
AI12084,MLOps
AI12084,SQL
AI12084,GCP
AI12085,Python
AI12085,Spark
AI12085,Data Visualization
AI12086,Kubernetes
AI12086,Git
AI12086,Linux
AI12087,Python
AI12087,Spark
AI12087,AWS
AI12087,TensorFlow
AI12087,Mathematics
AI12088,PyTorch
AI12088,TensorFlow
AI12088,Computer Vision
AI12089,Scala
AI12089,MLOps
AI12089,Spark
AI12090,R
AI12090,SQL
AI12090,Tableau
AI12091,SQL
AI12091,Kubernetes
AI12091,Java
AI12091,Deep Learning
AI12092,AWS
AI12092,Kubernetes
AI12092,Statistics
AI12093,TensorFlow
AI12093,Python
AI12093,SQL
AI12093,Java
AI12094,NLP
AI12094,R
AI12094,Java
AI12095,NLP
AI12095,Hadoop
AI12095,Spark
AI12095,Git
AI12096,MLOps
AI12096,Python
AI12096,Kubernetes
AI12096,Azure
AI12096,TensorFlow
AI12097,Git
AI12097,Java
AI12097,GCP
AI12098,SQL
AI12098,Linux
AI12098,Spark
AI12098,PyTorch
AI12098,Kubernetes
AI12099,Python
AI12099,Docker
AI12099,Mathematics
AI12100,Scala
AI12100,GCP
AI12100,Spark
AI12101,Statistics
AI12101,AWS
AI12101,NLP
AI12101,Python
AI12101,R
AI12102,Python
AI12102,Docker
AI12102,Spark
AI12103,Python
AI12103,Scala
AI12103,Hadoop
AI12104,Tableau
AI12104,SQL
AI12104,Java
AI12105,Kubernetes
AI12105,Deep Learning
AI12105,Mathematics
AI12105,SQL
AI12105,Azure
AI12106,AWS
AI12106,TensorFlow
AI12106,GCP
AI12107,GCP
AI12107,Python
AI12107,Azure
AI12108,AWS
AI12108,Data Visualization
AI12108,Spark
AI12108,Statistics
AI12109,Computer Vision
AI12109,PyTorch
AI12109,Git
AI12110,Git
AI12110,Linux
AI12110,Scala
AI12110,SQL
AI12110,Computer Vision
AI12111,Data Visualization
AI12111,Python
AI12111,TensorFlow
AI12111,AWS
AI12112,Python
AI12112,SQL
AI12112,Azure
AI12112,Docker
AI12112,Mathematics
AI12113,GCP
AI12113,TensorFlow
AI12113,Computer Vision
AI12114,Mathematics
AI12114,R
AI12114,NLP
AI12114,Kubernetes
AI12115,Hadoop
AI12115,MLOps
AI12115,PyTorch
AI12115,GCP
AI12116,PyTorch
AI12116,Statistics
AI12116,Docker
AI12117,Data Visualization
AI12117,NLP
AI12117,Kubernetes
AI12117,Mathematics
AI12117,PyTorch
AI12118,GCP
AI12118,Linux
AI12118,Computer Vision
AI12118,SQL
AI12119,R
AI12119,SQL
AI12119,Scala
AI12119,Deep Learning
AI12120,Azure
AI12120,Data Visualization
AI12120,TensorFlow
AI12120,Mathematics
AI12120,Python
AI12121,PyTorch
AI12121,TensorFlow
AI12121,Docker
AI12121,Java
AI12122,Linux
AI12122,Git
AI12122,Deep Learning
AI12122,Tableau
AI12123,Spark
AI12123,Python
AI12123,Linux
AI12123,SQL
AI12123,Hadoop
AI12124,Kubernetes
AI12124,Mathematics
AI12124,NLP
AI12125,Scala
AI12125,Hadoop
AI12125,Statistics
AI12125,Docker
AI12126,Data Visualization
AI12126,GCP
AI12126,Python
AI12126,Scala
AI12126,Git
AI12127,GCP
AI12127,Linux
AI12127,PyTorch
AI12127,Statistics
AI12128,PyTorch
AI12128,Kubernetes
AI12128,MLOps
AI12128,Azure
AI12129,Data Visualization
AI12129,TensorFlow
AI12129,Git
AI12130,Git
AI12130,TensorFlow
AI12130,Deep Learning
AI12130,Tableau
AI12130,Kubernetes
AI12131,Python
AI12131,Azure
AI12131,Tableau
AI12131,PyTorch
AI12131,Java
AI12132,PyTorch
AI12132,NLP
AI12132,MLOps
AI12132,Linux
AI12133,Hadoop
AI12133,Scala
AI12133,Deep Learning
AI12134,Scala
AI12134,MLOps
AI12134,GCP
AI12134,Git
AI12135,Git
AI12135,Mathematics
AI12135,MLOps
AI12135,Python
AI12135,Azure
AI12136,Data Visualization
AI12136,Java
AI12136,SQL
AI12136,Scala
AI12136,Hadoop
AI12137,Spark
AI12137,Kubernetes
AI12137,Tableau
AI12138,Docker
AI12138,SQL
AI12138,PyTorch
AI12138,Spark
AI12138,R
AI12139,Scala
AI12139,Computer Vision
AI12139,R
AI12139,Java
AI12139,PyTorch
AI12140,PyTorch
AI12140,TensorFlow
AI12140,Data Visualization
AI12140,GCP
AI12141,Java
AI12141,PyTorch
AI12141,Tableau
AI12142,R
AI12142,Azure
AI12142,Statistics
AI12142,AWS
AI12142,SQL
AI12143,MLOps
AI12143,AWS
AI12143,Python
AI12144,Python
AI12144,Computer Vision
AI12144,Hadoop
AI12145,Git
AI12145,Linux
AI12145,PyTorch
AI12145,Spark
AI12145,Kubernetes
AI12146,Statistics
AI12146,SQL
AI12146,Kubernetes
AI12146,PyTorch
AI12147,SQL
AI12147,MLOps
AI12147,Azure
AI12148,AWS
AI12148,Java
AI12148,Scala
AI12148,Python
AI12149,SQL
AI12149,PyTorch
AI12149,Deep Learning
AI12149,Scala
AI12150,PyTorch
AI12150,Data Visualization
AI12150,Scala
AI12151,Scala
AI12151,Tableau
AI12151,Kubernetes
AI12151,Deep Learning
AI12151,TensorFlow
AI12152,Git
AI12152,Deep Learning
AI12152,Computer Vision
AI12152,Docker
AI12152,Statistics
AI12153,Python
AI12153,Tableau
AI12153,R
AI12153,TensorFlow
AI12153,GCP
AI12154,SQL
AI12154,GCP
AI12154,AWS
AI12154,Tableau
AI12155,Python
AI12155,TensorFlow
AI12155,Linux
AI12155,Docker
AI12156,Computer Vision
AI12156,Kubernetes
AI12156,Statistics
AI12157,PyTorch
AI12157,Tableau
AI12157,TensorFlow
AI12158,Java
AI12158,Git
AI12158,Python
AI12159,TensorFlow
AI12159,R
AI12159,GCP
AI12160,Azure
AI12160,Linux
AI12160,Spark
AI12160,NLP
AI12161,NLP
AI12161,PyTorch
AI12161,Linux
AI12161,Mathematics
AI12162,AWS
AI12162,Kubernetes
AI12162,Git
AI12162,SQL
AI12163,AWS
AI12163,MLOps
AI12163,Spark
AI12163,Data Visualization
AI12163,Azure
AI12164,Docker
AI12164,Azure
AI12164,PyTorch
AI12164,Kubernetes
AI12164,SQL
AI12165,TensorFlow
AI12165,Statistics
AI12165,Data Visualization
AI12166,Linux
AI12166,PyTorch
AI12166,TensorFlow
AI12167,R
AI12167,Spark
AI12167,NLP
AI12168,R
AI12168,TensorFlow
AI12168,Azure
AI12169,Mathematics
AI12169,Computer Vision
AI12169,Azure
AI12169,Python
AI12169,TensorFlow
AI12170,Python
AI12170,Statistics
AI12170,TensorFlow
AI12171,Linux
AI12171,TensorFlow
AI12171,Python
AI12172,Deep Learning
AI12172,Python
AI12172,Linux
AI12173,Kubernetes
AI12173,Docker
AI12173,AWS
AI12174,Docker
AI12174,Kubernetes
AI12174,Deep Learning
AI12174,Git
AI12175,Deep Learning
AI12175,Java
AI12175,Git
AI12175,Linux
AI12176,Computer Vision
AI12176,SQL
AI12176,NLP
AI12176,Data Visualization
AI12177,PyTorch
AI12177,Azure
AI12177,Tableau
AI12177,Python
AI12178,Python
AI12178,TensorFlow
AI12178,Data Visualization
AI12178,Mathematics
AI12178,Java
AI12179,Linux
AI12179,Scala
AI12179,Python
AI12179,Docker
AI12179,R
AI12180,PyTorch
AI12180,Java
AI12180,AWS
AI12180,MLOps
AI12180,Python
AI12181,Statistics
AI12181,Java
AI12181,AWS
AI12182,Docker
AI12182,Scala
AI12182,SQL
AI12182,TensorFlow
AI12182,Kubernetes
AI12183,Azure
AI12183,Kubernetes
AI12183,NLP
AI12183,Tableau
AI12184,TensorFlow
AI12184,Statistics
AI12184,Docker
AI12184,Scala
AI12184,AWS
AI12185,SQL
AI12185,PyTorch
AI12185,Computer Vision
AI12185,Mathematics
AI12185,Data Visualization
AI12186,Scala
AI12186,SQL
AI12186,PyTorch
AI12186,Computer Vision
AI12186,AWS
AI12187,Python
AI12187,Data Visualization
AI12187,TensorFlow
AI12187,NLP
AI12187,AWS
AI12188,Mathematics
AI12188,Hadoop
AI12188,Scala
AI12188,Java
AI12189,SQL
AI12189,Scala
AI12189,Python
AI12190,Kubernetes
AI12190,Python
AI12190,GCP
AI12191,Python
AI12191,Linux
AI12191,TensorFlow
AI12191,Scala
AI12191,Git
AI12192,TensorFlow
AI12192,SQL
AI12192,Deep Learning
AI12192,R
AI12192,Mathematics
AI12193,Azure
AI12193,NLP
AI12193,Spark
AI12193,Python
AI12194,R
AI12194,Java
AI12194,GCP
AI12195,SQL
AI12195,Data Visualization
AI12195,Git
AI12196,Computer Vision
AI12196,GCP
AI12196,Linux
AI12196,SQL
AI12196,R
AI12197,SQL
AI12197,Java
AI12197,TensorFlow
AI12198,Azure
AI12198,Scala
AI12198,TensorFlow
AI12199,Linux
AI12199,Python
AI12199,TensorFlow
AI12200,Python
AI12200,Git
AI12200,NLP
AI12201,Computer Vision
AI12201,SQL
AI12201,Scala
AI12201,Kubernetes
AI12202,Python
AI12202,TensorFlow
AI12202,PyTorch
AI12203,Azure
AI12203,AWS
AI12203,Statistics
AI12203,GCP
AI12203,PyTorch
AI12204,MLOps
AI12204,Azure
AI12204,Kubernetes
AI12204,GCP
AI12204,TensorFlow
AI12205,PyTorch
AI12205,TensorFlow
AI12205,Java
AI12205,AWS
AI12205,SQL
AI12206,Hadoop
AI12206,Computer Vision
AI12206,PyTorch
AI12206,Spark
AI12206,Git
AI12207,Hadoop
AI12207,Spark
AI12207,GCP
AI12207,Azure
AI12207,Statistics
AI12208,PyTorch
AI12208,Docker
AI12208,Tableau
AI12208,TensorFlow
AI12208,Scala
AI12209,Hadoop
AI12209,Java
AI12209,NLP
AI12209,Data Visualization
AI12210,Git
AI12210,SQL
AI12210,Computer Vision
AI12211,Scala
AI12211,Python
AI12211,Azure
AI12212,Python
AI12212,SQL
AI12212,Deep Learning
AI12212,Docker
AI12212,Mathematics
AI12213,Azure
AI12213,Linux
AI12213,Data Visualization
AI12213,MLOps
AI12214,Deep Learning
AI12214,TensorFlow
AI12214,Docker
AI12214,Linux
AI12215,Java
AI12215,Tableau
AI12215,Python
AI12215,Azure
AI12216,Spark
AI12216,Linux
AI12216,Git
AI12217,TensorFlow
AI12217,SQL
AI12217,Azure
AI12217,Deep Learning
AI12218,TensorFlow
AI12218,Data Visualization
AI12218,Mathematics
AI12218,Kubernetes
AI12218,NLP
AI12219,Hadoop
AI12219,AWS
AI12219,NLP
AI12219,Python
AI12219,Azure
AI12220,Mathematics
AI12220,Deep Learning
AI12220,AWS
AI12220,Azure
AI12221,Kubernetes
AI12221,Data Visualization
AI12221,Azure
AI12222,Kubernetes
AI12222,R
AI12222,Computer Vision
AI12222,SQL
AI12222,Java
AI12223,Linux
AI12223,Kubernetes
AI12223,Mathematics
AI12224,Scala
AI12224,Hadoop
AI12224,Tableau
AI12224,Python
AI12225,PyTorch
AI12225,Tableau
AI12225,Linux
AI12225,Data Visualization
AI12226,Statistics
AI12226,Tableau
AI12226,Azure
AI12226,Scala
AI12227,Git
AI12227,Kubernetes
AI12227,Python
AI12228,Scala
AI12228,PyTorch
AI12228,Data Visualization
AI12228,Java
AI12229,Docker
AI12229,Data Visualization
AI12229,Deep Learning
AI12229,GCP
AI12229,Git
AI12230,R
AI12230,Tableau
AI12230,MLOps
AI12230,SQL
AI12231,Python
AI12231,Tableau
AI12231,Git
AI12231,AWS
AI12232,Spark
AI12232,Java
AI12232,R
AI12232,Statistics
AI12233,Git
AI12233,Azure
AI12233,Data Visualization
AI12233,Java
AI12234,Python
AI12234,TensorFlow
AI12234,Linux
AI12234,Docker
AI12235,Java
AI12235,Scala
AI12235,TensorFlow
AI12235,Deep Learning
AI12236,Tableau
AI12236,Linux
AI12236,Python
AI12236,TensorFlow
AI12236,Git
AI12237,Docker
AI12237,AWS
AI12237,Kubernetes
AI12237,Computer Vision
AI12237,Deep Learning
AI12238,Tableau
AI12238,GCP
AI12238,Python
AI12238,Mathematics
AI12238,Deep Learning
AI12239,Deep Learning
AI12239,Git
AI12239,Linux
AI12239,TensorFlow
AI12240,SQL
AI12240,Python
AI12240,Tableau
AI12241,Python
AI12241,Kubernetes
AI12241,Hadoop
AI12241,TensorFlow
AI12242,SQL
AI12242,TensorFlow
AI12242,MLOps
AI12243,Linux
AI12243,Spark
AI12243,Python
AI12243,Data Visualization
AI12243,Deep Learning
AI12244,NLP
AI12244,TensorFlow
AI12244,Java
AI12245,Azure
AI12245,Tableau
AI12245,Statistics
AI12245,Scala
AI12246,R
AI12246,GCP
AI12246,Linux
AI12246,Deep Learning
AI12247,PyTorch
AI12247,SQL
AI12247,Java
AI12247,Git
AI12248,R
AI12248,Linux
AI12248,SQL
AI12248,Statistics
AI12249,Spark
AI12249,Java
AI12249,Git
AI12250,Kubernetes
AI12250,Spark
AI12250,Tableau
AI12250,SQL
AI12250,GCP
AI12251,Python
AI12251,SQL
AI12251,Mathematics
AI12251,Azure
AI12252,Git
AI12252,Computer Vision
AI12252,AWS
AI12253,SQL
AI12253,MLOps
AI12253,TensorFlow
AI12253,Azure
AI12254,Deep Learning
AI12254,Scala
AI12254,NLP
AI12255,Java
AI12255,TensorFlow
AI12255,Statistics
AI12256,Mathematics
AI12256,Deep Learning
AI12256,R
AI12256,Azure
AI12256,Linux
AI12257,PyTorch
AI12257,SQL
AI12257,TensorFlow
AI12258,SQL
AI12258,Data Visualization
AI12258,Python
AI12259,MLOps
AI12259,Git
AI12259,TensorFlow
AI12259,Linux
AI12260,GCP
AI12260,Hadoop
AI12260,Scala
AI12260,Python
AI12261,Spark
AI12261,Hadoop
AI12261,Data Visualization
AI12262,Docker
AI12262,PyTorch
AI12262,MLOps
AI12262,GCP
AI12262,Git
AI12263,Python
AI12263,Scala
AI12263,GCP
AI12263,Statistics
AI12263,Mathematics
AI12264,Azure
AI12264,AWS
AI12264,MLOps
AI12264,Data Visualization
AI12265,NLP
AI12265,Git
AI12265,PyTorch
AI12265,Scala
AI12266,NLP
AI12266,Java
AI12266,TensorFlow
AI12266,Git
AI12267,Computer Vision
AI12267,Mathematics
AI12267,Git
AI12268,Tableau
AI12268,Scala
AI12268,Linux
AI12268,Data Visualization
AI12269,Linux
AI12269,Python
AI12269,TensorFlow
AI12269,SQL
AI12270,Computer Vision
AI12270,Azure
AI12270,Tableau
AI12271,Git
AI12271,Azure
AI12271,SQL
AI12272,Computer Vision
AI12272,Java
AI12272,Git
AI12272,NLP
AI12272,Statistics
AI12273,PyTorch
AI12273,R
AI12273,Hadoop
AI12273,AWS
AI12273,TensorFlow
AI12274,Computer Vision
AI12274,Hadoop
AI12274,Python
AI12274,TensorFlow
AI12275,Tableau
AI12275,PyTorch
AI12275,R
AI12275,TensorFlow
AI12276,AWS
AI12276,TensorFlow
AI12276,Deep Learning
AI12276,GCP
AI12276,Data Visualization
AI12277,Kubernetes
AI12277,Scala
AI12277,Mathematics
AI12277,GCP
AI12278,Python
AI12278,TensorFlow
AI12278,AWS
AI12278,Tableau
AI12278,Docker
AI12279,Python
AI12279,Scala
AI12279,Hadoop
AI12279,Deep Learning
AI12279,Data Visualization
AI12280,NLP
AI12280,Hadoop
AI12280,SQL
AI12280,Deep Learning
AI12281,R
AI12281,Deep Learning
AI12281,PyTorch
AI12282,Docker
AI12282,SQL
AI12282,GCP
AI12283,Computer Vision
AI12283,Spark
AI12283,NLP
AI12283,Mathematics
AI12283,Java
AI12284,SQL
AI12284,Hadoop
AI12284,Python
AI12285,Deep Learning
AI12285,R
AI12285,Python
AI12285,Java
AI12285,TensorFlow
AI12286,Git
AI12286,Python
AI12286,TensorFlow
AI12287,Computer Vision
AI12287,Docker
AI12287,MLOps
AI12288,Kubernetes
AI12288,Azure
AI12288,Docker
AI12288,Mathematics
AI12288,Data Visualization
AI12289,Linux
AI12289,Git
AI12289,Tableau
AI12290,SQL
AI12290,MLOps
AI12290,Python
AI12290,NLP
AI12291,Scala
AI12291,GCP
AI12291,R
AI12292,NLP
AI12292,MLOps
AI12292,Scala
AI12293,Computer Vision
AI12293,Data Visualization
AI12293,Tableau
AI12293,Linux
AI12293,MLOps
AI12294,Statistics
AI12294,Deep Learning
AI12294,Scala
AI12294,Hadoop
AI12295,Hadoop
AI12295,PyTorch
AI12295,Spark
AI12296,AWS
AI12296,MLOps
AI12296,Computer Vision
AI12296,TensorFlow
AI12296,Linux
AI12297,Computer Vision
AI12297,Java
AI12297,Python
AI12297,Spark
AI12298,Statistics
AI12298,Docker
AI12298,Python
AI12299,Python
AI12299,TensorFlow
AI12299,Java
AI12299,Mathematics
AI12300,Kubernetes
AI12300,Deep Learning
AI12300,Scala
AI12300,MLOps
AI12300,Git
AI12301,R
AI12301,Scala
AI12301,Tableau
AI12302,SQL
AI12302,Data Visualization
AI12302,Azure
AI12302,Tableau
AI12303,PyTorch
AI12303,TensorFlow
AI12303,Spark
AI12303,Deep Learning
AI12304,AWS
AI12304,Scala
AI12304,Deep Learning
AI12304,Java
AI12305,Git
AI12305,Scala
AI12305,Mathematics
AI12305,Kubernetes
AI12306,TensorFlow
AI12306,Git
AI12306,Data Visualization
AI12306,Hadoop
AI12307,R
AI12307,SQL
AI12307,MLOps
AI12308,TensorFlow
AI12308,Tableau
AI12308,Kubernetes
AI12308,Hadoop
AI12308,Azure
AI12309,SQL
AI12309,PyTorch
AI12309,R
AI12310,AWS
AI12310,Data Visualization
AI12310,Python
AI12311,TensorFlow
AI12311,Python
AI12311,NLP
AI12312,Java
AI12312,GCP
AI12312,Linux
AI12313,Spark
AI12313,Git
AI12313,Deep Learning
AI12313,MLOps
AI12314,Tableau
AI12314,Java
AI12314,Statistics
AI12314,AWS
AI12315,AWS
AI12315,Java
AI12315,NLP
AI12316,Linux
AI12316,Hadoop
AI12316,Deep Learning
AI12317,MLOps
AI12317,Linux
AI12317,Python
AI12318,SQL
AI12318,Java
AI12318,Computer Vision
AI12318,NLP
AI12319,Python
AI12319,GCP
AI12319,NLP
AI12319,Linux
AI12319,Docker
AI12320,Kubernetes
AI12320,MLOps
AI12320,Linux
AI12321,Git
AI12321,Tableau
AI12321,Spark
AI12322,Scala
AI12322,Azure
AI12322,Mathematics
AI12322,Git
AI12323,Kubernetes
AI12323,Python
AI12323,Computer Vision
AI12323,Spark
AI12323,Data Visualization
AI12324,AWS
AI12324,TensorFlow
AI12324,Deep Learning
AI12325,TensorFlow
AI12325,NLP
AI12325,Statistics
AI12325,AWS
AI12325,Python
AI12326,Spark
AI12326,MLOps
AI12326,Kubernetes
AI12326,Hadoop
AI12327,Computer Vision
AI12327,Azure
AI12327,Python
AI12328,Java
AI12328,Python
AI12328,AWS
AI12329,Hadoop
AI12329,Statistics
AI12329,Java
AI12329,Spark
AI12329,Scala
AI12330,PyTorch
AI12330,Git
AI12330,MLOps
AI12331,Tableau
AI12331,Kubernetes
AI12331,R
AI12331,PyTorch
AI12332,Scala
AI12332,Hadoop
AI12332,MLOps
AI12333,Python
AI12333,Deep Learning
AI12333,MLOps
AI12333,Azure
AI12334,MLOps
AI12334,Python
AI12334,Tableau
AI12334,TensorFlow
AI12335,Scala
AI12335,PyTorch
AI12335,Hadoop
AI12335,Python
AI12336,Statistics
AI12336,Java
AI12336,Deep Learning
AI12336,TensorFlow
AI12336,Python
AI12337,Deep Learning
AI12337,Computer Vision
AI12337,Data Visualization
AI12337,Python
AI12338,Git
AI12338,Statistics
AI12338,R
AI12338,SQL
AI12339,PyTorch
AI12339,Mathematics
AI12339,GCP
AI12339,Git
AI12339,Statistics
AI12340,Hadoop
AI12340,Kubernetes
AI12340,R
AI12340,Git
AI12341,R
AI12341,PyTorch
AI12341,GCP
AI12341,SQL
AI12341,TensorFlow
AI12342,Scala
AI12342,NLP
AI12342,Tableau
AI12343,Scala
AI12343,PyTorch
AI12343,Deep Learning
AI12344,Spark
AI12344,PyTorch
AI12344,Python
AI12345,Azure
AI12345,Git
AI12345,AWS
AI12345,TensorFlow
AI12345,Computer Vision
AI12346,SQL
AI12346,Python
AI12346,Hadoop
AI12347,Scala
AI12347,NLP
AI12347,MLOps
AI12347,Linux
AI12347,Spark
AI12348,Statistics
AI12348,Git
AI12348,Scala
AI12349,Git
AI12349,Scala
AI12349,Kubernetes
AI12349,Tableau
AI12349,Mathematics
AI12350,Docker
AI12350,NLP
AI12350,Kubernetes
AI12350,MLOps
AI12351,SQL
AI12351,Tableau
AI12351,Git
AI12351,Deep Learning
AI12352,Python
AI12352,NLP
AI12352,GCP
AI12352,TensorFlow
AI12352,Statistics
AI12353,R
AI12353,Spark
AI12353,Data Visualization
AI12353,Scala
AI12353,Git
AI12354,GCP
AI12354,Tableau
AI12354,Mathematics
AI12354,Git
AI12354,PyTorch
AI12355,Python
AI12355,Linux
AI12355,Statistics
AI12355,Tableau
AI12356,NLP
AI12356,Azure
AI12356,Spark
AI12356,SQL
AI12357,Hadoop
AI12357,Python
AI12357,Statistics
AI12357,Spark
AI12357,SQL
AI12358,Deep Learning
AI12358,TensorFlow
AI12358,Computer Vision
AI12359,Spark
AI12359,NLP
AI12359,TensorFlow
AI12359,SQL
AI12359,Git
AI12360,Spark
AI12360,SQL
AI12360,MLOps
AI12360,Azure
AI12361,Data Visualization
AI12361,Scala
AI12361,GCP
AI12361,Azure
AI12362,Docker
AI12362,Statistics
AI12362,Hadoop
AI12362,Tableau
AI12362,SQL
AI12363,AWS
AI12363,Docker
AI12363,Computer Vision
AI12363,Linux
AI12364,R
AI12364,Kubernetes
AI12364,Data Visualization
AI12365,Docker
AI12365,GCP
AI12365,Tableau
AI12366,Tableau
AI12366,Docker
AI12366,Data Visualization
AI12366,SQL
AI12366,Azure
AI12367,GCP
AI12367,PyTorch
AI12367,Computer Vision
AI12367,Scala
AI12367,AWS
AI12368,Data Visualization
AI12368,Computer Vision
AI12368,SQL
AI12369,Scala
AI12369,TensorFlow
AI12369,Data Visualization
AI12369,R
AI12370,TensorFlow
AI12370,Deep Learning
AI12370,Scala
AI12371,PyTorch
AI12371,Kubernetes
AI12371,Python
AI12371,Docker
AI12372,Python
AI12372,R
AI12372,Azure
AI12373,Python
AI12373,Linux
AI12373,Kubernetes
AI12374,Scala
AI12374,Kubernetes
AI12374,Deep Learning
AI12374,Linux
AI12375,Kubernetes
AI12375,Azure
AI12375,GCP
AI12375,Data Visualization
AI12375,Tableau
AI12376,Spark
AI12376,Hadoop
AI12376,Tableau
AI12376,AWS
AI12377,Linux
AI12377,Hadoop
AI12377,NLP
AI12378,MLOps
AI12378,PyTorch
AI12378,Scala
AI12378,Git
AI12378,Statistics
AI12379,PyTorch
AI12379,Spark
AI12379,Scala
AI12379,TensorFlow
AI12379,Mathematics
AI12380,TensorFlow
AI12380,SQL
AI12380,Scala
AI12380,Hadoop
AI12380,Linux
AI12381,SQL
AI12381,TensorFlow
AI12381,Java
AI12381,Linux
AI12382,SQL
AI12382,Docker
AI12382,NLP
AI12382,Spark
AI12383,Scala
AI12383,Python
AI12383,Deep Learning
AI12383,Azure
AI12384,Hadoop
AI12384,MLOps
AI12384,Data Visualization
AI12384,Docker
AI12385,Statistics
AI12385,Scala
AI12385,Azure
AI12385,Kubernetes
AI12386,R
AI12386,MLOps
AI12386,Docker
AI12386,Java
AI12386,SQL
AI12387,Python
AI12387,GCP
AI12387,AWS
AI12388,Linux
AI12388,Computer Vision
AI12388,Mathematics
AI12389,R
AI12389,Kubernetes
AI12389,Tableau
AI12390,Python
AI12390,AWS
AI12390,Deep Learning
AI12391,MLOps
AI12391,Git
AI12391,Deep Learning
AI12391,NLP
AI12392,Computer Vision
AI12392,Spark
AI12392,Git
AI12392,AWS
AI12392,Java
AI12393,Data Visualization
AI12393,Linux
AI12393,PyTorch
AI12393,Docker
AI12394,Statistics
AI12394,Spark
AI12394,Linux
AI12394,SQL
AI12395,Spark
AI12395,Tableau
AI12395,R
AI12395,Kubernetes
AI12395,Scala
AI12396,Java
AI12396,Python
AI12396,Linux
AI12396,TensorFlow
AI12397,Hadoop
AI12397,NLP
AI12397,Java
AI12397,Kubernetes
AI12398,GCP
AI12398,Deep Learning
AI12398,Scala
AI12399,Kubernetes
AI12399,Mathematics
AI12399,Scala
AI12400,SQL
AI12400,R
AI12400,GCP
AI12400,Data Visualization
AI12400,Tableau
AI12401,Kubernetes
AI12401,Java
AI12401,Git
AI12401,NLP
AI12401,Data Visualization
AI12402,Tableau
AI12402,Kubernetes
AI12402,Linux
AI12403,Python
AI12403,R
AI12403,Spark
AI12403,SQL
AI12404,Hadoop
AI12404,Deep Learning
AI12404,Computer Vision
AI12404,Kubernetes
AI12405,Python
AI12405,TensorFlow
AI12405,Hadoop
AI12405,Java
AI12405,PyTorch
AI12406,Computer Vision
AI12406,Azure
AI12406,Hadoop
AI12406,Mathematics
AI12406,SQL
AI12407,MLOps
AI12407,Python
AI12407,Statistics
AI12407,PyTorch
AI12408,Computer Vision
AI12408,SQL
AI12408,Linux
AI12408,Deep Learning
AI12409,Linux
AI12409,AWS
AI12409,Deep Learning
AI12409,Computer Vision
AI12409,Kubernetes
AI12410,Java
AI12410,AWS
AI12410,TensorFlow
AI12410,Data Visualization
AI12410,NLP
AI12411,Linux
AI12411,Tableau
AI12411,Kubernetes
AI12411,Mathematics
AI12412,Statistics
AI12412,Data Visualization
AI12412,Kubernetes
AI12412,PyTorch
AI12413,Statistics
AI12413,TensorFlow
AI12413,PyTorch
AI12413,Linux
AI12413,Spark
AI12414,Java
AI12414,R
AI12414,Python
AI12415,Kubernetes
AI12415,R
AI12415,NLP
AI12415,GCP
AI12415,Statistics
AI12416,PyTorch
AI12416,NLP
AI12416,Docker
AI12416,TensorFlow
AI12417,Tableau
AI12417,Hadoop
AI12417,Git
AI12418,Data Visualization
AI12418,Computer Vision
AI12418,Mathematics
AI12419,Hadoop
AI12419,Linux
AI12419,R
AI12420,Data Visualization
AI12420,GCP
AI12420,Tableau
AI12420,Git
AI12420,Computer Vision
AI12421,Spark
AI12421,Python
AI12421,Kubernetes
AI12421,GCP
AI12421,Azure
AI12422,SQL
AI12422,Scala
AI12422,Data Visualization
AI12422,Deep Learning
AI12423,Python
AI12423,SQL
AI12423,Statistics
AI12424,PyTorch
AI12424,AWS
AI12424,Statistics
AI12424,Mathematics
AI12424,Docker
AI12425,Python
AI12425,AWS
AI12425,TensorFlow
AI12426,Azure
AI12426,Python
AI12426,NLP
AI12426,Mathematics
AI12427,Kubernetes
AI12427,SQL
AI12427,Linux
AI12427,Computer Vision
AI12428,Spark
AI12428,Kubernetes
AI12428,SQL
AI12429,Linux
AI12429,Python
AI12429,Data Visualization
AI12429,GCP
AI12430,Linux
AI12430,Python
AI12430,Computer Vision
AI12431,NLP
AI12431,Spark
AI12431,Tableau
AI12431,Data Visualization
AI12432,Python
AI12432,TensorFlow
AI12432,Statistics
AI12432,Mathematics
AI12432,PyTorch
AI12433,NLP
AI12433,Spark
AI12433,Computer Vision
AI12433,SQL
AI12433,Statistics
AI12434,Java
AI12434,Hadoop
AI12434,Python
AI12435,Spark
AI12435,Azure
AI12435,Computer Vision
AI12435,Python
AI12436,Linux
AI12436,Mathematics
AI12436,Git
AI12437,Computer Vision
AI12437,Python
AI12437,Linux
AI12437,TensorFlow
AI12437,Spark
AI12438,Python
AI12438,GCP
AI12438,Statistics
AI12438,TensorFlow
AI12438,Git
AI12439,Deep Learning
AI12439,Data Visualization
AI12439,Spark
AI12439,PyTorch
AI12439,Java
AI12440,Git
AI12440,GCP
AI12440,NLP
AI12441,Python
AI12441,Docker
AI12441,TensorFlow
AI12442,GCP
AI12442,Linux
AI12442,Scala
AI12442,AWS
AI12442,Kubernetes
AI12443,Scala
AI12443,SQL
AI12443,Mathematics
AI12443,PyTorch
AI12444,Spark
AI12444,Java
AI12444,TensorFlow
AI12444,GCP
AI12444,R
AI12445,R
AI12445,MLOps
AI12445,Hadoop
AI12445,Java
AI12445,Deep Learning
AI12446,Git
AI12446,Azure
AI12446,PyTorch
AI12447,Deep Learning
AI12447,Azure
AI12447,GCP
AI12447,Data Visualization
AI12447,Docker
AI12448,GCP
AI12448,R
AI12448,Mathematics
AI12449,NLP
AI12449,Scala
AI12449,Linux
AI12449,Statistics
AI12450,AWS
AI12450,R
AI12450,Statistics
AI12450,Scala
AI12450,Deep Learning
AI12451,Python
AI12451,Mathematics
AI12451,Linux
AI12451,Deep Learning
AI12451,TensorFlow
AI12452,Git
AI12452,Computer Vision
AI12452,AWS
AI12452,Docker
AI12452,Kubernetes
AI12453,R
AI12453,PyTorch
AI12453,SQL
AI12453,Kubernetes
AI12453,TensorFlow
AI12454,GCP
AI12454,R
AI12454,MLOps
AI12454,Deep Learning
AI12455,SQL
AI12455,Azure
AI12455,Spark
AI12456,NLP
AI12456,Git
AI12456,AWS
AI12456,Hadoop
AI12457,Deep Learning
AI12457,Computer Vision
AI12457,MLOps
AI12458,Java
AI12458,Computer Vision
AI12458,PyTorch
AI12459,Computer Vision
AI12459,PyTorch
AI12459,TensorFlow
AI12460,MLOps
AI12460,PyTorch
AI12460,Computer Vision
AI12460,Tableau
AI12461,Tableau
AI12461,Azure
AI12461,Git
AI12462,PyTorch
AI12462,R
AI12462,Python
AI12462,Scala
AI12463,Spark
AI12463,Data Visualization
AI12463,Git
AI12464,Java
AI12464,Git
AI12464,SQL
AI12464,Data Visualization
AI12464,Computer Vision
AI12465,Data Visualization
AI12465,Docker
AI12465,Linux
AI12466,Scala
AI12466,Linux
AI12466,MLOps
AI12466,NLP
AI12466,Statistics
AI12467,SQL
AI12467,Python
AI12467,Hadoop
AI12468,Hadoop
AI12468,R
AI12468,AWS
AI12468,Mathematics
AI12468,GCP
AI12469,Python
AI12469,TensorFlow
AI12469,R
AI12469,Statistics
AI12470,Computer Vision
AI12470,Scala
AI12470,Docker
AI12471,Data Visualization
AI12471,PyTorch
AI12471,R
AI12472,Linux
AI12472,Kubernetes
AI12472,Deep Learning
AI12472,Java
AI12472,MLOps
AI12473,Python
AI12473,TensorFlow
AI12473,Tableau
AI12473,Scala
AI12474,Linux
AI12474,SQL
AI12474,Mathematics
AI12474,Kubernetes
AI12475,TensorFlow
AI12475,PyTorch
AI12475,Data Visualization
AI12476,R
AI12476,Mathematics
AI12476,Java
AI12477,MLOps
AI12477,AWS
AI12477,NLP
AI12477,Python
AI12478,Hadoop
AI12478,AWS
AI12478,MLOps
AI12478,Linux
AI12479,Java
AI12479,Scala
AI12479,Linux
AI12479,GCP
AI12480,GCP
AI12480,Java
AI12480,Tableau
AI12480,NLP
AI12480,Computer Vision
AI12481,Tableau
AI12481,Azure
AI12481,AWS
AI12482,NLP
AI12482,PyTorch
AI12482,Azure
AI12483,Deep Learning
AI12483,Computer Vision
AI12483,Python
AI12484,Python
AI12484,TensorFlow
AI12484,Git
AI12484,NLP
AI12485,Git
AI12485,Data Visualization
AI12485,Statistics
AI12485,Deep Learning
AI12486,Python
AI12486,SQL
AI12486,MLOps
AI12486,PyTorch
AI12486,Linux
AI12487,Tableau
AI12487,Statistics
AI12487,Computer Vision
AI12487,Scala
AI12487,Deep Learning
AI12488,Spark
AI12488,Python
AI12488,Computer Vision
AI12488,Deep Learning
AI12488,Linux
AI12489,TensorFlow
AI12489,SQL
AI12489,MLOps
AI12490,Mathematics
AI12490,Scala
AI12490,NLP
AI12490,Docker
AI12491,Python
AI12491,Azure
AI12491,NLP
AI12491,SQL
AI12492,Computer Vision
AI12492,Mathematics
AI12492,MLOps
AI12492,Java
AI12493,AWS
AI12493,Kubernetes
AI12493,Hadoop
AI12494,Python
AI12494,Deep Learning
AI12494,GCP
AI12495,Docker
AI12495,NLP
AI12495,Python
AI12496,Spark
AI12496,MLOps
AI12496,PyTorch
AI12497,Hadoop
AI12497,SQL
AI12497,Scala
AI12498,Spark
AI12498,Kubernetes
AI12498,Python
AI12498,Java
AI12498,SQL
AI12499,Git
AI12499,SQL
AI12499,Docker
AI12499,MLOps
AI12500,Scala
AI12500,PyTorch
AI12500,Spark
AI12500,Docker
AI12500,Git
AI12501,Git
AI12501,PyTorch
AI12501,Statistics
AI12501,Tableau
AI12502,Scala
AI12502,GCP
AI12502,Deep Learning
AI12502,Azure
AI12502,Java
AI12503,NLP
AI12503,AWS
AI12503,R
AI12503,Computer Vision
AI12504,Spark
AI12504,Mathematics
AI12504,Tableau
AI12504,Git
AI12504,Computer Vision
AI12505,Git
AI12505,Computer Vision
AI12505,Kubernetes
AI12505,Scala
AI12506,Python
AI12506,TensorFlow
AI12506,Spark
AI12506,NLP
AI12507,Computer Vision
AI12507,Linux
AI12507,PyTorch
AI12508,Computer Vision
AI12508,Data Visualization
AI12508,Kubernetes
AI12509,Python
AI12509,SQL
AI12509,Linux
AI12509,Deep Learning
AI12510,Python
AI12510,Linux
AI12510,TensorFlow
AI12510,Azure
AI12511,Docker
AI12511,AWS
AI12511,Data Visualization
AI12511,Java
AI12512,PyTorch
AI12512,Java
AI12512,Statistics
AI12512,Azure
AI12513,Kubernetes
AI12513,Linux
AI12513,Deep Learning
AI12513,Python
AI12514,Linux
AI12514,AWS
AI12514,Computer Vision
AI12515,MLOps
AI12515,NLP
AI12515,Kubernetes
AI12515,SQL
AI12515,Java
AI12516,Scala
AI12516,Git
AI12516,TensorFlow
AI12517,Hadoop
AI12517,PyTorch
AI12517,Git
AI12517,Computer Vision
AI12517,TensorFlow
AI12518,NLP
AI12518,SQL
AI12518,Azure
AI12518,Scala
AI12519,Docker
AI12519,Spark
AI12519,Linux
AI12520,Kubernetes
AI12520,Python
AI12520,Linux
AI12520,TensorFlow
AI12521,Scala
AI12521,PyTorch
AI12521,Tableau
AI12521,Docker
AI12522,NLP
AI12522,Java
AI12522,Docker
AI12523,Azure
AI12523,R
AI12523,GCP
AI12523,Python
AI12524,Scala
AI12524,Git
AI12524,AWS
AI12525,Computer Vision
AI12525,Scala
AI12525,Python
AI12525,MLOps
AI12526,Spark
AI12526,Scala
AI12526,Deep Learning
AI12526,Mathematics
AI12527,Deep Learning
AI12527,PyTorch
AI12527,Tableau
AI12527,SQL
AI12527,Java
AI12528,SQL
AI12528,Kubernetes
AI12528,Azure
AI12528,Tableau
AI12529,Tableau
AI12529,PyTorch
AI12529,Hadoop
AI12530,Kubernetes
AI12530,Linux
AI12530,Computer Vision
AI12531,Python
AI12531,Data Visualization
AI12531,Kubernetes
AI12532,Statistics
AI12532,Linux
AI12532,Docker
AI12532,Mathematics
AI12532,Scala
AI12533,PyTorch
AI12533,SQL
AI12533,Data Visualization
AI12533,Azure
AI12533,Mathematics
AI12534,Computer Vision
AI12534,Scala
AI12534,Linux
AI12534,GCP
AI12535,Python
AI12535,NLP
AI12535,AWS
AI12535,GCP
AI12535,PyTorch
AI12536,MLOps
AI12536,Java
AI12536,Data Visualization
AI12537,Scala
AI12537,Deep Learning
AI12537,Azure
AI12537,Kubernetes
AI12537,Hadoop
AI12538,Linux
AI12538,Python
AI12538,Tableau
AI12538,Scala
AI12539,Mathematics
AI12539,TensorFlow
AI12539,MLOps
AI12539,Hadoop
AI12539,Linux
AI12540,R
AI12540,TensorFlow
AI12540,Tableau
AI12540,Python
AI12541,Hadoop
AI12541,Scala
AI12541,Spark
AI12542,Java
AI12542,Mathematics
AI12542,Hadoop
AI12542,Kubernetes
AI12542,MLOps
AI12543,Data Visualization
AI12543,R
AI12543,Python
AI12544,Scala
AI12544,Java
AI12544,Tableau
AI12545,Scala
AI12545,R
AI12545,Spark
AI12545,Azure
AI12546,SQL
AI12546,GCP
AI12546,Mathematics
AI12547,Deep Learning
AI12547,NLP
AI12547,Data Visualization
AI12547,SQL
AI12548,Git
AI12548,Tableau
AI12548,Statistics
AI12549,GCP
AI12549,Scala
AI12549,Statistics
AI12550,Python
AI12550,GCP
AI12550,MLOps
AI12550,Hadoop
AI12550,Computer Vision
AI12551,Scala
AI12551,Kubernetes
AI12551,Data Visualization
AI12552,Mathematics
AI12552,Python
AI12552,Tableau
AI12552,NLP
AI12552,TensorFlow
AI12553,Scala
AI12553,Data Visualization
AI12553,Kubernetes
AI12554,Git
AI12554,Hadoop
AI12554,AWS
AI12554,Scala
AI12554,Python
AI12555,R
AI12555,Python
AI12555,SQL
AI12555,PyTorch
AI12555,Kubernetes
AI12556,SQL
AI12556,PyTorch
AI12556,Docker
AI12556,R
AI12557,Linux
AI12557,Scala
AI12557,Computer Vision
AI12557,Tableau
AI12558,Scala
AI12558,Kubernetes
AI12558,Computer Vision
AI12558,AWS
AI12558,Python
AI12559,Spark
AI12559,AWS
AI12559,SQL
AI12559,NLP
AI12559,Docker
AI12560,Tableau
AI12560,Azure
AI12560,Scala
AI12560,GCP
AI12560,Python
AI12561,Kubernetes
AI12561,R
AI12561,SQL
AI12562,Spark
AI12562,Python
AI12562,Git
AI12562,Deep Learning
AI12563,MLOps
AI12563,Spark
AI12563,Python
AI12563,TensorFlow
AI12563,Java
AI12564,Hadoop
AI12564,SQL
AI12564,Python
AI12564,Java
AI12564,TensorFlow
AI12565,Kubernetes
AI12565,Linux
AI12565,GCP
AI12566,Kubernetes
AI12566,Tableau
AI12566,MLOps
AI12566,SQL
AI12566,Linux
AI12567,Scala
AI12567,MLOps
AI12567,Statistics
AI12567,Deep Learning
AI12568,SQL
AI12568,Git
AI12568,AWS
AI12569,Git
AI12569,SQL
AI12569,TensorFlow
AI12570,Azure
AI12570,PyTorch
AI12570,SQL
AI12570,Computer Vision
AI12570,Git
AI12571,Hadoop
AI12571,Tableau
AI12571,GCP
AI12571,Deep Learning
AI12572,Azure
AI12572,Java
AI12572,Hadoop
AI12572,PyTorch
AI12573,Python
AI12573,Tableau
AI12573,SQL
AI12574,Docker
AI12574,GCP
AI12574,Computer Vision
AI12574,Mathematics
AI12575,Scala
AI12575,Java
AI12575,Docker
AI12575,R
AI12576,GCP
AI12576,Spark
AI12576,Python
AI12577,Tableau
AI12577,Python
AI12577,TensorFlow
AI12577,Computer Vision
AI12577,Statistics
AI12578,GCP
AI12578,Tableau
AI12578,Azure
AI12578,MLOps
AI12579,GCP
AI12579,TensorFlow
AI12579,Data Visualization
AI12580,AWS
AI12580,Linux
AI12580,Tableau
AI12581,TensorFlow
AI12581,AWS
AI12581,PyTorch
AI12582,Scala
AI12582,Python
AI12582,Spark
AI12583,Hadoop
AI12583,Data Visualization
AI12583,Python
AI12583,MLOps
AI12584,Python
AI12584,TensorFlow
AI12584,Data Visualization
AI12584,Kubernetes
AI12584,Statistics
AI12585,AWS
AI12585,SQL
AI12585,NLP
AI12585,Data Visualization
AI12586,R
AI12586,AWS
AI12586,SQL
AI12586,Data Visualization
AI12586,TensorFlow
AI12587,Mathematics
AI12587,R
AI12587,Scala
AI12587,Statistics
AI12588,SQL
AI12588,Scala
AI12588,PyTorch
AI12588,Kubernetes
AI12588,Linux
AI12589,Linux
AI12589,Computer Vision
AI12589,Data Visualization
AI12590,AWS
AI12590,Docker
AI12590,R
AI12590,SQL
AI12590,Java
AI12591,R
AI12591,MLOps
AI12591,Python
AI12591,Deep Learning
AI12591,Data Visualization
AI12592,GCP
AI12592,Tableau
AI12592,Data Visualization
AI12593,Mathematics
AI12593,GCP
AI12593,Docker
AI12593,Statistics
AI12594,Computer Vision
AI12594,Python
AI12594,MLOps
AI12595,Azure
AI12595,Git
AI12595,TensorFlow
AI12595,Python
AI12595,Data Visualization
AI12596,Kubernetes
AI12596,SQL
AI12596,Docker
AI12596,AWS
AI12597,Kubernetes
AI12597,R
AI12597,Statistics
AI12598,Scala
AI12598,GCP
AI12598,Deep Learning
AI12599,AWS
AI12599,Python
AI12599,Azure
AI12599,Computer Vision
AI12599,TensorFlow
AI12600,Python
AI12600,TensorFlow
AI12600,Docker
AI12600,MLOps
AI12600,Hadoop
AI12601,NLP
AI12601,Python
AI12601,R
AI12602,Git
AI12602,Python
AI12602,Hadoop
AI12603,Kubernetes
AI12603,SQL
AI12603,Hadoop
AI12604,Tableau
AI12604,Docker
AI12604,Computer Vision
AI12604,Python
AI12605,AWS
AI12605,Docker
AI12605,Mathematics
AI12605,Kubernetes
AI12606,Git
AI12606,Data Visualization
AI12606,Statistics
AI12607,Python
AI12607,GCP
AI12607,TensorFlow
AI12607,Computer Vision
AI12607,Tableau
AI12608,Mathematics
AI12608,Scala
AI12608,TensorFlow
AI12609,Spark
AI12609,Java
AI12609,Docker
AI12610,Python
AI12610,Mathematics
AI12610,Git
AI12610,Data Visualization
AI12611,Hadoop
AI12611,Python
AI12611,Tableau
AI12611,Scala
AI12612,PyTorch
AI12612,TensorFlow
AI12612,R
AI12612,Git
AI12612,Hadoop
AI12613,Azure
AI12613,Python
AI12613,TensorFlow
AI12614,GCP
AI12614,Git
AI12614,Kubernetes
AI12614,PyTorch
AI12614,Azure
AI12615,Python
AI12615,Git
AI12615,Data Visualization
AI12616,TensorFlow
AI12616,Statistics
AI12616,NLP
AI12616,AWS
AI12616,Mathematics
AI12617,Tableau
AI12617,Spark
AI12617,Linux
AI12617,MLOps
AI12618,Python
AI12618,Linux
AI12618,NLP
AI12619,Python
AI12619,Java
AI12619,Statistics
AI12619,NLP
AI12619,Linux
AI12620,Java
AI12620,Scala
AI12620,Kubernetes
AI12621,Tableau
AI12621,TensorFlow
AI12621,GCP
AI12621,Kubernetes
AI12621,Linux
AI12622,Scala
AI12622,Deep Learning
AI12622,Azure
AI12622,Python
AI12623,NLP
AI12623,Scala
AI12623,R
AI12623,Azure
AI12623,Computer Vision
AI12624,Mathematics
AI12624,Spark
AI12624,Python
AI12625,NLP
AI12625,TensorFlow
AI12625,MLOps
AI12625,Python
AI12626,Mathematics
AI12626,GCP
AI12626,Deep Learning
AI12627,Data Visualization
AI12627,Deep Learning
AI12627,Kubernetes
AI12628,GCP
AI12628,AWS
AI12628,SQL
AI12628,Mathematics
AI12629,NLP
AI12629,TensorFlow
AI12629,Java
AI12629,Mathematics
AI12629,Python
AI12630,GCP
AI12630,NLP
AI12630,Data Visualization
AI12630,Spark
AI12630,Statistics
AI12631,Python
AI12631,Scala
AI12631,Java
AI12631,GCP
AI12631,AWS
AI12632,Linux
AI12632,Python
AI12632,NLP
AI12632,Java
AI12633,Git
AI12633,Scala
AI12633,NLP
AI12633,Computer Vision
AI12634,AWS
AI12634,SQL
AI12634,Scala
AI12634,Git
AI12635,AWS
AI12635,R
AI12635,Linux
AI12635,Azure
AI12635,SQL
AI12636,Scala
AI12636,AWS
AI12636,Java
AI12636,Data Visualization
AI12636,Computer Vision
AI12637,Tableau
AI12637,MLOps
AI12637,Java
AI12637,Deep Learning
AI12638,Kubernetes
AI12638,AWS
AI12638,Computer Vision
AI12638,Linux
AI12638,Hadoop
AI12639,Azure
AI12639,Docker
AI12639,Python
AI12640,Docker
AI12640,GCP
AI12640,MLOps
AI12640,Python
AI12640,AWS
AI12641,Mathematics
AI12641,Scala
AI12641,Java
AI12642,GCP
AI12642,SQL
AI12642,NLP
AI12642,Tableau
AI12643,Docker
AI12643,Kubernetes
AI12643,MLOps
AI12643,Deep Learning
AI12643,GCP
AI12644,Linux
AI12644,Hadoop
AI12644,NLP
AI12644,R
AI12645,SQL
AI12645,PyTorch
AI12645,NLP
AI12645,Deep Learning
AI12646,Scala
AI12646,Kubernetes
AI12646,Linux
AI12647,Tableau
AI12647,Hadoop
AI12647,Java
AI12647,Linux
AI12648,Scala
AI12648,Tableau
AI12648,Spark
AI12648,Data Visualization
AI12649,Linux
AI12649,Statistics
AI12649,PyTorch
AI12650,Hadoop
AI12650,NLP
AI12650,SQL
AI12651,R
AI12651,TensorFlow
AI12651,GCP
AI12651,Spark
AI12651,Linux
AI12652,NLP
AI12652,Spark
AI12652,Data Visualization
AI12652,MLOps
AI12652,Linux
AI12653,Git
AI12653,TensorFlow
AI12653,R
AI12653,GCP
AI12654,TensorFlow
AI12654,Kubernetes
AI12654,AWS
AI12654,Spark
AI12655,GCP
AI12655,Git
AI12655,Tableau
AI12655,NLP
AI12656,Spark
AI12656,Java
AI12656,NLP
AI12657,Mathematics
AI12657,Scala
AI12657,Git
AI12657,Tableau
AI12658,Python
AI12658,TensorFlow
AI12658,Statistics
AI12659,TensorFlow
AI12659,Python
AI12659,Data Visualization
AI12659,NLP
AI12659,Linux
AI12660,Linux
AI12660,Statistics
AI12660,Spark
AI12660,MLOps
AI12660,SQL
AI12661,PyTorch
AI12661,Scala
AI12661,AWS
AI12661,TensorFlow
AI12662,Docker
AI12662,Hadoop
AI12662,Java
AI12663,Kubernetes
AI12663,GCP
AI12663,Git
AI12663,Azure
AI12664,Scala
AI12664,PyTorch
AI12664,Git
AI12665,Kubernetes
AI12665,Statistics
AI12665,R
AI12665,Hadoop
AI12666,Hadoop
AI12666,Python
AI12666,MLOps
AI12666,SQL
AI12667,SQL
AI12667,Scala
AI12667,Java
AI12667,Azure
AI12668,Docker
AI12668,Azure
AI12668,Hadoop
AI12669,PyTorch
AI12669,TensorFlow
AI12669,Mathematics
AI12670,SQL
AI12670,Spark
AI12670,Hadoop
AI12671,NLP
AI12671,Hadoop
AI12671,MLOps
AI12671,PyTorch
AI12671,Computer Vision
AI12672,Linux
AI12672,PyTorch
AI12672,Scala
AI12672,Computer Vision
AI12672,GCP
AI12673,Scala
AI12673,PyTorch
AI12673,Tableau
AI12673,Data Visualization
AI12673,Deep Learning
AI12674,Tableau
AI12674,Docker
AI12674,Spark
AI12675,Kubernetes
AI12675,Linux
AI12675,Data Visualization
AI12676,PyTorch
AI12676,Docker
AI12676,Computer Vision
AI12677,Kubernetes
AI12677,Java
AI12677,Mathematics
AI12677,AWS
AI12677,Git
AI12678,Python
AI12678,Spark
AI12678,Linux
AI12678,Tableau
AI12678,TensorFlow
AI12679,TensorFlow
AI12679,Docker
AI12679,NLP
AI12680,Linux
AI12680,MLOps
AI12680,Kubernetes
AI12680,R
AI12680,Deep Learning
AI12681,Tableau
AI12681,Kubernetes
AI12681,MLOps
AI12682,Python
AI12682,Azure
AI12682,Linux
AI12682,Deep Learning
AI12682,Data Visualization
AI12683,GCP
AI12683,Data Visualization
AI12683,TensorFlow
AI12684,GCP
AI12684,MLOps
AI12684,Spark
AI12685,Java
AI12685,Scala
AI12685,Linux
AI12685,Data Visualization
AI12685,Tableau
AI12686,R
AI12686,SQL
AI12686,Statistics
AI12686,Deep Learning
AI12686,Spark
AI12687,Tableau
AI12687,PyTorch
AI12687,Git
AI12687,Linux
AI12688,Python
AI12688,Hadoop
AI12688,Kubernetes
AI12688,Docker
AI12689,Kubernetes
AI12689,Hadoop
AI12689,MLOps
AI12689,Scala
AI12690,TensorFlow
AI12690,PyTorch
AI12690,R
AI12690,Tableau
AI12691,TensorFlow
AI12691,Mathematics
AI12691,AWS
AI12691,Spark
AI12692,Java
AI12692,R
AI12692,Python
AI12692,TensorFlow
AI12692,Computer Vision
AI12693,Computer Vision
AI12693,Git
AI12693,Python
AI12693,Kubernetes
AI12693,NLP
AI12694,NLP
AI12694,Java
AI12694,Azure
AI12695,PyTorch
AI12695,Git
AI12695,MLOps
AI12695,Java
AI12696,Python
AI12696,Deep Learning
AI12696,TensorFlow
AI12697,AWS
AI12697,Docker
AI12697,R
AI12697,MLOps
AI12697,PyTorch
AI12698,Python
AI12698,Data Visualization
AI12698,SQL
AI12699,PyTorch
AI12699,Kubernetes
AI12699,Linux
AI12699,Data Visualization
AI12700,Hadoop
AI12700,Scala
AI12700,Kubernetes
AI12701,Scala
AI12701,Data Visualization
AI12701,Linux
AI12701,Hadoop
AI12701,NLP
AI12702,Python
AI12702,Hadoop
AI12702,MLOps
AI12703,PyTorch
AI12703,TensorFlow
AI12703,Java
AI12703,SQL
AI12703,Data Visualization
AI12704,SQL
AI12704,Python
AI12704,Hadoop
AI12705,Hadoop
AI12705,Python
AI12705,TensorFlow
AI12706,Java
AI12706,MLOps
AI12706,Docker
AI12706,Spark
AI12707,Kubernetes
AI12707,Python
AI12707,Computer Vision
AI12707,Git
AI12708,Tableau
AI12708,Linux
AI12708,Hadoop
AI12709,TensorFlow
AI12709,Linux
AI12709,Python
AI12709,SQL
AI12709,Java
AI12710,Linux
AI12710,AWS
AI12710,R
AI12711,Java
AI12711,PyTorch
AI12711,Git
AI12711,Python
AI12711,Linux
AI12712,Mathematics
AI12712,TensorFlow
AI12712,Tableau
AI12712,SQL
AI12713,Spark
AI12713,PyTorch
AI12713,Mathematics
AI12713,TensorFlow
AI12714,Python
AI12714,Hadoop
AI12714,AWS
AI12714,NLP
AI12714,Mathematics
AI12715,Docker
AI12715,Kubernetes
AI12715,Spark
AI12715,Java
AI12716,Python
AI12716,MLOps
AI12716,Tableau
AI12717,Computer Vision
AI12717,PyTorch
AI12717,Mathematics
AI12717,R
AI12717,Data Visualization
AI12718,MLOps
AI12718,Python
AI12718,Statistics
AI12718,Mathematics
AI12718,Linux
AI12719,NLP
AI12719,Deep Learning
AI12719,Computer Vision
AI12719,Git
AI12719,PyTorch
AI12720,Scala
AI12720,Azure
AI12720,GCP
AI12721,SQL
AI12721,PyTorch
AI12721,Linux
AI12721,GCP
AI12721,Azure
AI12722,GCP
AI12722,Data Visualization
AI12722,R
AI12722,Deep Learning
AI12722,Scala
AI12723,Spark
AI12723,Linux
AI12723,Docker
AI12723,PyTorch
AI12723,Computer Vision
AI12724,Tableau
AI12724,TensorFlow
AI12724,Linux
AI12725,Java
AI12725,Linux
AI12725,Spark
AI12725,Statistics
AI12726,PyTorch
AI12726,TensorFlow
AI12726,Deep Learning
AI12726,Linux
AI12727,Git
AI12727,TensorFlow
AI12727,Azure
AI12727,Statistics
AI12728,Computer Vision
AI12728,R
AI12728,SQL
AI12728,Linux
AI12728,Azure
AI12729,TensorFlow
AI12729,Kubernetes
AI12729,Azure
AI12729,GCP
AI12730,R
AI12730,Deep Learning
AI12730,Mathematics
AI12730,Statistics
AI12731,NLP
AI12731,SQL
AI12731,MLOps
AI12732,SQL
AI12732,Java
AI12732,Python
AI12732,Deep Learning
AI12732,Statistics
AI12733,R
AI12733,SQL
AI12733,Java
AI12733,Python
AI12733,Data Visualization
AI12734,SQL
AI12734,Python
AI12734,TensorFlow
AI12734,Java
AI12734,Git
AI12735,Java
AI12735,Hadoop
AI12735,Data Visualization
AI12736,Python
AI12736,PyTorch
AI12736,Tableau
AI12736,GCP
AI12737,Mathematics
AI12737,Java
AI12737,Hadoop
AI12738,PyTorch
AI12738,R
AI12738,SQL
AI12738,Scala
AI12739,Spark
AI12739,Kubernetes
AI12739,Data Visualization
AI12740,Kubernetes
AI12740,Tableau
AI12740,Azure
AI12740,TensorFlow
AI12740,Statistics
AI12741,Docker
AI12741,Kubernetes
AI12741,AWS
AI12741,Statistics
AI12741,R
AI12742,GCP
AI12742,Kubernetes
AI12742,AWS
AI12742,R
AI12742,Tableau
AI12743,Python
AI12743,Scala
AI12743,Computer Vision
AI12743,Git
AI12744,Scala
AI12744,R
AI12744,PyTorch
AI12745,Docker
AI12745,Java
AI12745,TensorFlow
AI12745,AWS
AI12746,R
AI12746,Linux
AI12746,Deep Learning
AI12746,PyTorch
AI12747,Scala
AI12747,Spark
AI12747,Data Visualization
AI12748,PyTorch
AI12748,TensorFlow
AI12748,Scala
AI12748,Computer Vision
AI12748,Spark
AI12749,Linux
AI12749,Data Visualization
AI12749,PyTorch
AI12749,MLOps
AI12749,Scala
AI12750,Scala
AI12750,Python
AI12750,GCP
AI12750,Data Visualization
AI12751,Spark
AI12751,R
AI12751,Git
AI12751,Java
AI12751,Hadoop
AI12752,Spark
AI12752,R
AI12752,Deep Learning
AI12752,Python
AI12753,Git
AI12753,Python
AI12753,Mathematics
AI12753,NLP
AI12753,GCP
AI12754,Docker
AI12754,NLP
AI12754,Azure
AI12754,GCP
AI12754,Data Visualization
AI12755,SQL
AI12755,MLOps
AI12755,R
AI12755,Git
AI12755,Java
AI12756,Azure
AI12756,MLOps
AI12756,Scala
AI12756,PyTorch
AI12756,Mathematics
AI12757,Python
AI12757,Linux
AI12757,Git
AI12757,Spark
AI12758,Statistics
AI12758,Git
AI12758,Scala
AI12758,Java
AI12758,Kubernetes
AI12759,Mathematics
AI12759,Spark
AI12759,Linux
AI12759,R
AI12759,GCP
AI12760,R
AI12760,Docker
AI12760,Kubernetes
AI12761,NLP
AI12761,Python
AI12761,Kubernetes
AI12762,Data Visualization
AI12762,SQL
AI12762,Tableau
AI12762,Statistics
AI12763,Deep Learning
AI12763,SQL
AI12763,PyTorch
AI12763,Tableau
AI12764,Mathematics
AI12764,Python
AI12764,Azure
AI12765,Hadoop
AI12765,Docker
AI12765,Computer Vision
AI12766,Java
AI12766,Hadoop
AI12766,Docker
AI12766,Linux
AI12766,Data Visualization
AI12767,Spark
AI12767,Git
AI12767,PyTorch
AI12767,Statistics
AI12768,Python
AI12768,MLOps
AI12768,Azure
AI12768,Deep Learning
AI12769,Statistics
AI12769,SQL
AI12769,Mathematics
AI12770,Java
AI12770,Scala
AI12770,Kubernetes
AI12770,Deep Learning
AI12770,TensorFlow
AI12771,Tableau
AI12771,TensorFlow
AI12771,GCP
AI12772,Kubernetes
AI12772,Hadoop
AI12772,Deep Learning
AI12772,TensorFlow
AI12772,Azure
AI12773,AWS
AI12773,Kubernetes
AI12773,NLP
AI12773,SQL
AI12773,Mathematics
AI12774,Kubernetes
AI12774,Computer Vision
AI12774,Linux
AI12775,PyTorch
AI12775,Python
AI12775,Data Visualization
AI12775,Mathematics
AI12775,Statistics
AI12776,Hadoop
AI12776,GCP
AI12776,Data Visualization
AI12776,SQL
AI12777,Statistics
AI12777,Kubernetes
AI12777,NLP
AI12777,Python
AI12778,MLOps
AI12778,Hadoop
AI12778,Spark
AI12778,NLP
AI12779,Python
AI12779,Data Visualization
AI12779,MLOps
AI12779,Azure
AI12780,Scala
AI12780,R
AI12780,Deep Learning
AI12781,PyTorch
AI12781,GCP
AI12781,Data Visualization
AI12782,TensorFlow
AI12782,Spark
AI12782,PyTorch
AI12782,Azure
AI12782,Git
AI12783,SQL
AI12783,Docker
AI12783,MLOps
AI12783,Data Visualization
AI12784,SQL
AI12784,Java
AI12784,AWS
AI12784,Docker
AI12784,GCP
AI12785,Kubernetes
AI12785,Python
AI12785,PyTorch
AI12786,Kubernetes
AI12786,Scala
AI12786,Docker
AI12787,Tableau
AI12787,Docker
AI12787,SQL
AI12787,Statistics
AI12788,Git
AI12788,Linux
AI12788,Python
AI12788,Azure
AI12788,Deep Learning
AI12789,TensorFlow
AI12789,MLOps
AI12789,Mathematics
AI12789,Python
AI12790,TensorFlow
AI12790,GCP
AI12790,Azure
AI12790,Tableau
AI12791,Kubernetes
AI12791,Azure
AI12791,GCP
AI12791,R
AI12791,Computer Vision
AI12792,Data Visualization
AI12792,Kubernetes
AI12792,AWS
AI12792,Tableau
AI12792,MLOps
AI12793,Kubernetes
AI12793,Data Visualization
AI12793,SQL
AI12793,GCP
AI12794,NLP
AI12794,Git
AI12794,Hadoop
AI12795,PyTorch
AI12795,GCP
AI12795,Scala
AI12795,Docker
AI12795,TensorFlow
AI12796,R
AI12796,Git
AI12796,Hadoop
AI12796,Statistics
AI12797,Kubernetes
AI12797,R
AI12797,Tableau
AI12798,SQL
AI12798,Kubernetes
AI12798,Mathematics
AI12799,MLOps
AI12799,Git
AI12799,R
AI12799,Computer Vision
AI12800,AWS
AI12800,R
AI12800,Tableau
AI12800,Deep Learning
AI12801,PyTorch
AI12801,Python
AI12801,MLOps
AI12802,GCP
AI12802,Linux
AI12802,Azure
AI12802,Tableau
AI12802,AWS
AI12803,TensorFlow
AI12803,Python
AI12803,Hadoop
AI12803,Docker
AI12804,Java
AI12804,SQL
AI12804,PyTorch
AI12804,Statistics
AI12804,TensorFlow
AI12805,Scala
AI12805,Data Visualization
AI12805,Tableau
AI12806,SQL
AI12806,PyTorch
AI12806,GCP
AI12806,Spark
AI12807,Java
AI12807,Azure
AI12807,Docker
AI12808,Azure
AI12808,Hadoop
AI12808,Kubernetes
AI12808,MLOps
AI12808,Python
AI12809,Python
AI12809,TensorFlow
AI12809,Deep Learning
AI12810,GCP
AI12810,SQL
AI12810,Git
AI12811,Python
AI12811,Java
AI12811,GCP
AI12811,Data Visualization
AI12812,SQL
AI12812,Hadoop
AI12812,PyTorch
AI12813,Spark
AI12813,PyTorch
AI12813,Data Visualization
AI12814,Data Visualization
AI12814,TensorFlow
AI12814,Mathematics
AI12814,Python
AI12815,PyTorch
AI12815,Git
AI12815,TensorFlow
AI12816,Kubernetes
AI12816,AWS
AI12816,Java
AI12816,NLP
AI12816,Tableau
AI12817,Kubernetes
AI12817,SQL
AI12817,Deep Learning
AI12818,Hadoop
AI12818,Statistics
AI12818,GCP
AI12818,Deep Learning
AI12818,R
AI12819,Spark
AI12819,MLOps
AI12819,Docker
AI12820,Python
AI12820,GCP
AI12820,Data Visualization
AI12820,Computer Vision
AI12820,Spark
AI12821,Spark
AI12821,GCP
AI12821,NLP
AI12821,PyTorch
AI12821,Linux
AI12822,Kubernetes
AI12822,Tableau
AI12822,Python
AI12822,Computer Vision
AI12822,Java
AI12823,MLOps
AI12823,SQL
AI12823,Data Visualization
AI12823,Computer Vision
AI12824,Kubernetes
AI12824,Tableau
AI12824,Java
AI12824,Linux
AI12825,Python
AI12825,GCP
AI12825,Data Visualization
AI12825,Scala
AI12825,Docker
AI12826,Linux
AI12826,Git
AI12826,Computer Vision
AI12826,NLP
AI12827,Statistics
AI12827,SQL
AI12827,Deep Learning
AI12828,GCP
AI12828,Scala
AI12828,Hadoop
AI12828,Computer Vision
AI12828,Azure
AI12829,Java
AI12829,R
AI12829,SQL
AI12830,Git
AI12830,Java
AI12830,Mathematics
AI12831,Computer Vision
AI12831,GCP
AI12831,Docker
AI12832,Spark
AI12832,Java
AI12832,R
AI12832,Statistics
AI12832,Linux
AI12833,Hadoop
AI12833,AWS
AI12833,TensorFlow
AI12833,Deep Learning
AI12834,SQL
AI12834,Spark
AI12834,MLOps
AI12834,Docker
AI12835,Kubernetes
AI12835,Scala
AI12835,GCP
AI12835,Computer Vision
AI12836,Linux
AI12836,NLP
AI12836,Azure
AI12836,Python
AI12836,Scala
AI12837,Spark
AI12837,Python
AI12837,NLP
AI12837,Java
AI12837,Kubernetes
AI12838,TensorFlow
AI12838,Scala
AI12838,Deep Learning
AI12839,Python
AI12839,Tableau
AI12839,Docker
AI12839,MLOps
AI12840,Data Visualization
AI12840,Scala
AI12840,Docker
AI12841,GCP
AI12841,Hadoop
AI12841,Git
AI12841,R
AI12841,PyTorch
AI12842,Linux
AI12842,Statistics
AI12842,Deep Learning
AI12842,AWS
AI12843,Kubernetes
AI12843,Git
AI12843,Mathematics
AI12844,Java
AI12844,PyTorch
AI12844,Azure
AI12844,Mathematics
AI12845,Hadoop
AI12845,NLP
AI12845,Python
AI12845,TensorFlow
AI12845,Spark
AI12846,Java
AI12846,Hadoop
AI12846,Linux
AI12846,NLP
AI12846,Statistics
AI12847,SQL
AI12847,Kubernetes
AI12847,R
AI12847,Mathematics
AI12848,Kubernetes
AI12848,Scala
AI12848,AWS
AI12848,Azure
AI12848,Docker
AI12849,Azure
AI12849,MLOps
AI12849,Git
AI12849,NLP
AI12850,Linux
AI12850,Docker
AI12850,TensorFlow
AI12850,PyTorch
AI12851,TensorFlow
AI12851,Python
AI12851,SQL
AI12852,R
AI12852,Scala
AI12852,Computer Vision
AI12852,Deep Learning
AI12853,NLP
AI12853,Data Visualization
AI12853,R
AI12853,Spark
AI12853,SQL
AI12854,Linux
AI12854,MLOps
AI12854,Deep Learning
AI12855,Azure
AI12855,Spark
AI12855,Python
AI12855,GCP
AI12855,Kubernetes
AI12856,Docker
AI12856,Python
AI12856,TensorFlow
AI12856,MLOps
AI12856,Deep Learning
AI12857,Java
AI12857,Scala
AI12857,Tableau
AI12857,Spark
AI12857,AWS
AI12858,Computer Vision
AI12858,Git
AI12858,Java
AI12859,TensorFlow
AI12859,Git
AI12859,Python
AI12859,Azure
AI12860,AWS
AI12860,NLP
AI12860,Java
AI12860,Computer Vision
AI12860,Azure
AI12861,Azure
AI12861,SQL
AI12861,Data Visualization
AI12861,R
AI12862,Python
AI12862,Computer Vision
AI12862,TensorFlow
AI12862,PyTorch
AI12862,SQL
AI12863,SQL
AI12863,NLP
AI12863,TensorFlow
AI12863,Computer Vision
AI12863,GCP
AI12864,Tableau
AI12864,TensorFlow
AI12864,SQL
AI12865,SQL
AI12865,R
AI12865,Data Visualization
AI12865,Git
AI12865,MLOps
AI12866,Kubernetes
AI12866,R
AI12866,Mathematics
AI12867,Computer Vision
AI12867,Kubernetes
AI12867,Python
AI12868,Scala
AI12868,Docker
AI12868,Data Visualization
AI12868,TensorFlow
AI12868,Mathematics
AI12869,SQL
AI12869,NLP
AI12869,TensorFlow
AI12870,TensorFlow
AI12870,Spark
AI12870,Tableau
AI12870,Hadoop
AI12870,NLP
AI12871,Git
AI12871,Python
AI12871,Data Visualization
AI12871,Java
AI12871,Computer Vision
AI12872,R
AI12872,SQL
AI12872,Scala
AI12872,Tableau
AI12872,Java
AI12873,Tableau
AI12873,TensorFlow
AI12873,Java
AI12873,Linux
AI12874,Hadoop
AI12874,SQL
AI12874,Data Visualization
AI12874,PyTorch
AI12875,Data Visualization
AI12875,GCP
AI12875,Git
AI12875,Docker
AI12876,GCP
AI12876,Statistics
AI12876,Deep Learning
AI12877,NLP
AI12877,Java
AI12877,Linux
AI12877,GCP
AI12877,Computer Vision
AI12878,Docker
AI12878,Deep Learning
AI12878,Git
AI12879,Spark
AI12879,Python
AI12879,R
AI12879,Tableau
AI12880,Deep Learning
AI12880,Scala
AI12880,Java
AI12880,TensorFlow
AI12880,Git
AI12881,TensorFlow
AI12881,Hadoop
AI12881,Git
AI12881,Python
AI12882,Python
AI12882,R
AI12882,TensorFlow
AI12882,NLP
AI12882,Spark
AI12883,Spark
AI12883,Docker
AI12883,Hadoop
AI12884,TensorFlow
AI12884,R
AI12884,Java
AI12884,Python
AI12884,Deep Learning
AI12885,PyTorch
AI12885,Scala
AI12885,NLP
AI12886,Linux
AI12886,Java
AI12886,Scala
AI12886,GCP
AI12886,R
AI12887,GCP
AI12887,Kubernetes
AI12887,Tableau
AI12888,Java
AI12888,Hadoop
AI12888,TensorFlow
AI12889,Kubernetes
AI12889,NLP
AI12889,Spark
AI12889,Python
AI12890,NLP
AI12890,Kubernetes
AI12890,Spark
AI12890,Computer Vision
AI12891,Hadoop
AI12891,Tableau
AI12891,Spark
AI12891,MLOps
AI12891,SQL
AI12892,Python
AI12892,TensorFlow
AI12892,Computer Vision
AI12893,Java
AI12893,Tableau
AI12893,Statistics
AI12894,MLOps
AI12894,PyTorch
AI12894,Linux
AI12895,Hadoop
AI12895,Python
AI12895,Docker
AI12896,Git
AI12896,Kubernetes
AI12896,SQL
AI12897,SQL
AI12897,PyTorch
AI12897,Docker
AI12898,SQL
AI12898,AWS
AI12898,Python
AI12898,TensorFlow
AI12899,MLOps
AI12899,Python
AI12899,Linux
AI12900,Scala
AI12900,Tableau
AI12900,Kubernetes
AI12901,Python
AI12901,R
AI12901,GCP
AI12901,Azure
AI12902,Python
AI12902,Hadoop
AI12902,Computer Vision
AI12903,Spark
AI12903,Scala
AI12903,SQL
AI12903,Mathematics
AI12903,Hadoop
AI12904,Java
AI12904,GCP
AI12904,Kubernetes
AI12904,Python
AI12904,TensorFlow
AI12905,SQL
AI12905,NLP
AI12905,Git
AI12905,Mathematics
AI12906,Linux
AI12906,SQL
AI12906,Kubernetes
AI12907,SQL
AI12907,Python
AI12907,Linux
AI12907,Deep Learning
AI12908,Linux
AI12908,Azure
AI12908,Tableau
AI12909,TensorFlow
AI12909,Scala
AI12909,Mathematics
AI12909,PyTorch
AI12910,TensorFlow
AI12910,Computer Vision
AI12910,Data Visualization
AI12910,Python
AI12911,AWS
AI12911,NLP
AI12911,PyTorch
AI12911,MLOps
AI12912,SQL
AI12912,Java
AI12912,MLOps
AI12912,AWS
AI12913,R
AI12913,Scala
AI12913,Mathematics
AI12913,Computer Vision
AI12913,Java
AI12914,Data Visualization
AI12914,Java
AI12914,Scala
AI12914,AWS
AI12914,Docker
AI12915,Tableau
AI12915,Data Visualization
AI12915,Python
AI12915,Mathematics
AI12915,Scala
AI12916,MLOps
AI12916,Hadoop
AI12916,Python
AI12916,Statistics
AI12917,Deep Learning
AI12917,Computer Vision
AI12917,Azure
AI12917,SQL
AI12918,PyTorch
AI12918,Java
AI12918,GCP
AI12919,Hadoop
AI12919,Java
AI12919,GCP
AI12919,Mathematics
AI12919,Python
AI12920,Kubernetes
AI12920,Python
AI12920,Scala
AI12920,GCP
AI12921,PyTorch
AI12921,Git
AI12921,Tableau
AI12921,Linux
AI12921,Python
AI12922,PyTorch
AI12922,NLP
AI12922,GCP
AI12922,TensorFlow
AI12923,Java
AI12923,Deep Learning
AI12923,TensorFlow
AI12923,AWS
AI12923,Python
AI12924,Python
AI12924,Kubernetes
AI12924,Azure
AI12925,TensorFlow
AI12925,SQL
AI12925,Computer Vision
AI12925,Azure
AI12926,Computer Vision
AI12926,Docker
AI12926,SQL
AI12926,AWS
AI12927,R
AI12927,Azure
AI12927,Java
AI12927,Statistics
AI12927,Docker
AI12928,AWS
AI12928,R
AI12928,Data Visualization
AI12928,Computer Vision
AI12928,Statistics
AI12929,TensorFlow
AI12929,Linux
AI12929,Python
AI12929,Azure
AI12929,MLOps
AI12930,Docker
AI12930,Java
AI12930,Scala
AI12930,GCP
AI12931,Statistics
AI12931,Azure
AI12931,Mathematics
AI12931,Python
AI12932,Spark
AI12932,Statistics
AI12932,PyTorch
AI12932,GCP
AI12932,Deep Learning
AI12933,Mathematics
AI12933,Data Visualization
AI12933,Spark
AI12933,SQL
AI12933,PyTorch
AI12934,Docker
AI12934,Java
AI12934,Kubernetes
AI12935,Spark
AI12935,Hadoop
AI12935,GCP
AI12936,Spark
AI12936,R
AI12936,Computer Vision
AI12936,Deep Learning
AI12936,Python
AI12937,Hadoop
AI12937,GCP
AI12937,MLOps
AI12937,Computer Vision
AI12938,Mathematics
AI12938,SQL
AI12938,MLOps
AI12938,GCP
AI12938,Statistics
AI12939,Data Visualization
AI12939,SQL
AI12939,Spark
AI12940,Tableau
AI12940,Computer Vision
AI12940,Mathematics
AI12940,AWS
AI12941,Linux
AI12941,Scala
AI12941,Mathematics
AI12941,Azure
AI12942,MLOps
AI12942,AWS
AI12942,GCP
AI12942,Java
AI12942,Scala
AI12943,Spark
AI12943,Python
AI12943,Azure
AI12943,TensorFlow
AI12943,Java
AI12944,Git
AI12944,MLOps
AI12944,Tableau
AI12945,Statistics
AI12945,Python
AI12945,Mathematics
AI12945,TensorFlow
AI12945,Computer Vision
AI12946,AWS
AI12946,Git
AI12946,NLP
AI12947,Kubernetes
AI12947,Hadoop
AI12947,NLP
AI12947,Linux
AI12948,GCP
AI12948,SQL
AI12948,Python
AI12948,Computer Vision
AI12948,Kubernetes
AI12949,Python
AI12949,Spark
AI12949,Azure
AI12950,Deep Learning
AI12950,R
AI12950,TensorFlow
AI12951,Statistics
AI12951,PyTorch
AI12951,Linux
AI12952,Statistics
AI12952,Spark
AI12952,Data Visualization
AI12953,Deep Learning
AI12953,Kubernetes
AI12953,Python
AI12953,Hadoop
AI12954,SQL
AI12954,Linux
AI12954,Scala
AI12954,Statistics
AI12954,Python
AI12955,Tableau
AI12955,Python
AI12955,TensorFlow
AI12955,Mathematics
AI12956,AWS
AI12956,Scala
AI12956,Hadoop
AI12956,Mathematics
AI12956,Statistics
AI12957,Linux
AI12957,SQL
AI12957,Python
AI12957,Hadoop
AI12958,TensorFlow
AI12958,Git
AI12958,Computer Vision
AI12958,SQL
AI12958,AWS
AI12959,PyTorch
AI12959,Computer Vision
AI12959,Statistics
AI12959,MLOps
AI12959,SQL
AI12960,Kubernetes
AI12960,SQL
AI12960,Hadoop
AI12960,GCP
AI12961,AWS
AI12961,Docker
AI12961,NLP
AI12961,Azure
AI12962,Data Visualization
AI12962,Azure
AI12962,Docker
AI12962,Deep Learning
AI12962,GCP
AI12963,Linux
AI12963,Tableau
AI12963,Kubernetes
AI12964,SQL
AI12964,Docker
AI12964,Computer Vision
AI12964,GCP
AI12965,Data Visualization
AI12965,Git
AI12965,Computer Vision
AI12965,Java
AI12965,Python
AI12966,Azure
AI12966,Git
AI12966,R
AI12966,Linux
AI12967,AWS
AI12967,Computer Vision
AI12967,Azure
AI12967,MLOps
AI12968,Java
AI12968,NLP
AI12968,Kubernetes
AI12969,GCP
AI12969,Deep Learning
AI12969,Linux
AI12970,Statistics
AI12970,Git
AI12970,AWS
AI12971,MLOps
AI12971,Git
AI12971,Deep Learning
AI12972,Hadoop
AI12972,Spark
AI12972,R
AI12972,SQL
AI12972,GCP
AI12973,Kubernetes
AI12973,Java
AI12973,Deep Learning
AI12973,NLP
AI12974,Git
AI12974,Spark
AI12974,Scala
AI12975,Kubernetes
AI12975,Scala
AI12975,Statistics
AI12975,Linux
AI12975,SQL
AI12976,Java
AI12976,Hadoop
AI12976,Mathematics
AI12976,Computer Vision
AI12976,Python
AI12977,Azure
AI12977,Scala
AI12977,Linux
AI12977,Computer Vision
AI12977,SQL
AI12978,SQL
AI12978,Git
AI12978,Mathematics
AI12978,Data Visualization
AI12978,Hadoop
AI12979,Java
AI12979,Tableau
AI12979,R
AI12980,Git
AI12980,Mathematics
AI12980,Deep Learning
AI12980,PyTorch
AI12981,Kubernetes
AI12981,GCP
AI12981,Scala
AI12981,Docker
AI12981,AWS
AI12982,PyTorch
AI12982,Python
AI12982,MLOps
AI12982,NLP
AI12983,Tableau
AI12983,Docker
AI12983,Hadoop
AI12984,Data Visualization
AI12984,NLP
AI12984,Scala
AI12985,Linux
AI12985,Java
AI12985,Computer Vision
AI12985,R
AI12985,Spark
AI12986,Deep Learning
AI12986,Hadoop
AI12986,Java
AI12986,GCP
AI12987,Spark
AI12987,Deep Learning
AI12987,NLP
AI12987,PyTorch
AI12988,Mathematics
AI12988,TensorFlow
AI12988,Tableau
AI12989,Azure
AI12989,R
AI12989,Tableau
AI12989,Python
AI12989,Java
AI12990,Kubernetes
AI12990,GCP
AI12990,Python
AI12990,Docker
AI12990,TensorFlow
AI12991,Git
AI12991,Azure
AI12991,Data Visualization
AI12991,PyTorch
AI12991,Python
AI12992,Linux
AI12992,R
AI12992,AWS
AI12992,SQL
AI12993,Python
AI12993,Git
AI12993,Mathematics
AI12993,Statistics
AI12994,Scala
AI12994,AWS
AI12994,Spark
AI12995,Docker
AI12995,Hadoop
AI12995,MLOps
AI12995,Scala
AI12995,Mathematics
AI12996,Git
AI12996,SQL
AI12996,PyTorch
AI12996,Scala
AI12997,Statistics
AI12997,Tableau
AI12997,Hadoop
AI12997,Git
AI12997,Linux
AI12998,R
AI12998,TensorFlow
AI12998,Deep Learning
AI12998,Docker
AI12999,Python
AI12999,TensorFlow
AI12999,Mathematics
AI12999,Computer Vision
AI13000,Scala
AI13000,Mathematics
AI13000,Computer Vision
AI13000,Tableau
AI13000,Docker
AI13001,Mathematics
AI13001,Linux
AI13001,Deep Learning
AI13002,Kubernetes
AI13002,Python
AI13002,GCP
AI13003,Azure
AI13003,R
AI13003,Python
AI13003,Docker
AI13004,Scala
AI13004,Hadoop
AI13004,R
AI13004,Kubernetes
AI13005,Git
AI13005,Python
AI13005,Computer Vision
AI13005,Statistics
AI13006,Java
AI13006,Hadoop
AI13006,Mathematics
AI13006,Kubernetes
AI13007,Mathematics
AI13007,Python
AI13007,Linux
AI13008,Statistics
AI13008,Tableau
AI13008,Scala
AI13009,Azure
AI13009,Tableau
AI13009,Deep Learning
AI13010,Tableau
AI13010,Hadoop
AI13010,Linux
AI13010,Java
AI13010,Scala
AI13011,Data Visualization
AI13011,R
AI13011,Java
AI13011,Hadoop
AI13012,Java
AI13012,Deep Learning
AI13012,GCP
AI13012,Spark
AI13013,AWS
AI13013,PyTorch
AI13013,Spark
AI13013,Azure
AI13013,TensorFlow
AI13014,R
AI13014,AWS
AI13014,Azure
AI13014,Statistics
AI13014,SQL
AI13015,MLOps
AI13015,Spark
AI13015,TensorFlow
AI13015,Azure
AI13016,Data Visualization
AI13016,Scala
AI13016,Hadoop
AI13016,Docker
AI13016,Computer Vision
AI13017,Spark
AI13017,Linux
AI13017,Java
AI13018,Kubernetes
AI13018,Computer Vision
AI13018,Linux
AI13019,SQL
AI13019,AWS
AI13019,Tableau
AI13019,Python
AI13020,Python
AI13020,Deep Learning
AI13020,Tableau
AI13021,Mathematics
AI13021,Computer Vision
AI13021,Java
AI13021,Git
AI13021,AWS
AI13022,Python
AI13022,Deep Learning
AI13022,Tableau
AI13022,Linux
AI13023,Python
AI13023,Kubernetes
AI13023,Deep Learning
AI13023,Hadoop
AI13023,Mathematics
AI13024,PyTorch
AI13024,Spark
AI13024,Python
AI13024,SQL
AI13024,Tableau
AI13025,Java
AI13025,PyTorch
AI13025,TensorFlow
AI13026,Java
AI13026,Deep Learning
AI13026,MLOps
AI13026,Data Visualization
AI13027,R
AI13027,Docker
AI13027,Data Visualization
AI13027,Mathematics
AI13028,Docker
AI13028,NLP
AI13028,Python
AI13028,Azure
AI13028,AWS
AI13029,Deep Learning
AI13029,Linux
AI13029,Scala
AI13029,R
AI13030,Docker
AI13030,PyTorch
AI13030,MLOps
AI13031,NLP
AI13031,Hadoop
AI13031,Linux
AI13032,R
AI13032,PyTorch
AI13032,NLP
AI13033,Linux
AI13033,Spark
AI13033,Python
AI13034,R
AI13034,Mathematics
AI13034,SQL
AI13035,Data Visualization
AI13035,Python
AI13035,GCP
AI13035,Computer Vision
AI13035,Azure
AI13036,AWS
AI13036,Scala
AI13036,Data Visualization
AI13036,Tableau
AI13037,GCP
AI13037,Kubernetes
AI13037,Data Visualization
AI13037,AWS
AI13038,Data Visualization
AI13038,GCP
AI13038,SQL
AI13038,MLOps
AI13038,Linux
AI13039,Python
AI13039,AWS
AI13039,SQL
AI13040,Computer Vision
AI13040,Tableau
AI13040,GCP
AI13040,NLP
AI13040,PyTorch
AI13041,SQL
AI13041,Tableau
AI13041,PyTorch
AI13042,Mathematics
AI13042,Hadoop
AI13042,Deep Learning
AI13042,Azure
AI13043,R
AI13043,MLOps
AI13043,Scala
AI13043,Spark
AI13043,Azure
AI13044,TensorFlow
AI13044,SQL
AI13044,Deep Learning
AI13044,NLP
AI13045,Kubernetes
AI13045,PyTorch
AI13045,NLP
AI13045,Computer Vision
AI13046,Linux
AI13046,Statistics
AI13046,Scala
AI13046,Mathematics
AI13047,Kubernetes
AI13047,PyTorch
AI13047,NLP
AI13048,Python
AI13048,R
AI13048,Scala
AI13048,Java
AI13048,Kubernetes
AI13049,GCP
AI13049,TensorFlow
AI13049,Tableau
AI13049,Kubernetes
AI13049,Data Visualization
AI13050,Deep Learning
AI13050,Azure
AI13050,Hadoop
AI13050,NLP
AI13050,Computer Vision
AI13051,Python
AI13051,Git
AI13051,Data Visualization
AI13051,Java
AI13051,Statistics
AI13052,Linux
AI13052,NLP
AI13052,Git
AI13053,Java
AI13053,NLP
AI13053,Kubernetes
AI13053,R
AI13053,Spark
AI13054,PyTorch
AI13054,R
AI13054,MLOps
AI13054,Tableau
AI13055,PyTorch
AI13055,Kubernetes
AI13055,Python
AI13055,GCP
AI13056,Azure
AI13056,SQL
AI13056,Linux
AI13056,PyTorch
AI13057,AWS
AI13057,Data Visualization
AI13057,Azure
AI13057,NLP
AI13058,Hadoop
AI13058,Python
AI13058,Kubernetes
AI13058,Computer Vision
AI13059,Java
AI13059,SQL
AI13059,R
AI13059,Deep Learning
AI13060,TensorFlow
AI13060,GCP
AI13060,Scala
AI13061,Linux
AI13061,R
AI13061,Deep Learning
AI13062,Kubernetes
AI13062,Git
AI13062,NLP
AI13062,Deep Learning
AI13063,AWS
AI13063,Python
AI13063,NLP
AI13063,Git
AI13064,Kubernetes
AI13064,Azure
AI13064,SQL
AI13065,Python
AI13065,Spark
AI13065,MLOps
AI13065,AWS
AI13066,MLOps
AI13066,Python
AI13066,Mathematics
AI13066,Azure
AI13067,Hadoop
AI13067,Tableau
AI13067,PyTorch
AI13067,Azure
AI13067,Deep Learning
AI13068,MLOps
AI13068,Java
AI13068,PyTorch
AI13069,Git
AI13069,Java
AI13069,R
AI13069,Computer Vision
AI13070,PyTorch
AI13070,TensorFlow
AI13070,Computer Vision
AI13070,Git
AI13070,Kubernetes
AI13071,Git
AI13071,Scala
AI13071,Tableau
AI13071,Python
AI13072,NLP
AI13072,R
AI13072,MLOps
AI13073,Java
AI13073,Kubernetes
AI13073,Deep Learning
AI13074,Data Visualization
AI13074,Spark
AI13074,Python
AI13075,Python
AI13075,NLP
AI13075,TensorFlow
AI13076,GCP
AI13076,Spark
AI13076,Linux
AI13076,Python
AI13076,Scala
AI13077,Java
AI13077,Mathematics
AI13077,Spark
AI13077,Linux
AI13078,R
AI13078,Git
AI13078,Python
AI13079,R
AI13079,Git
AI13079,Mathematics
AI13080,Scala
AI13080,Python
AI13080,Computer Vision
AI13081,Kubernetes
AI13081,Scala
AI13081,Azure
AI13081,Data Visualization
AI13081,Deep Learning
AI13082,GCP
AI13082,Scala
AI13082,Java
AI13082,R
AI13083,SQL
AI13083,Scala
AI13083,TensorFlow
AI13083,GCP
AI13083,Computer Vision
AI13084,PyTorch
AI13084,Deep Learning
AI13084,Kubernetes
AI13084,GCP
AI13084,Computer Vision
AI13085,Scala
AI13085,Java
AI13085,Linux
AI13085,Azure
AI13086,Tableau
AI13086,GCP
AI13086,Docker
AI13086,Azure
AI13086,Git
AI13087,Java
AI13087,SQL
AI13087,Scala
AI13088,Git
AI13088,Scala
AI13088,Data Visualization
AI13088,SQL
AI13088,TensorFlow
AI13089,Deep Learning
AI13089,Python
AI13089,Statistics
AI13090,AWS
AI13090,NLP
AI13090,R
AI13090,Scala
AI13090,PyTorch
AI13091,Azure
AI13091,Python
AI13091,TensorFlow
AI13091,Git
AI13091,Java
AI13092,Statistics
AI13092,TensorFlow
AI13092,Azure
AI13092,Python
AI13093,Spark
AI13093,Java
AI13093,AWS
AI13094,Spark
AI13094,Hadoop
AI13094,MLOps
AI13095,Git
AI13095,Linux
AI13095,Docker
AI13095,Hadoop
AI13096,Hadoop
AI13096,Python
AI13096,TensorFlow
AI13096,Computer Vision
AI13097,GCP
AI13097,AWS
AI13097,Python
AI13097,TensorFlow
AI13098,Scala
AI13098,Hadoop
AI13098,R
AI13099,Linux
AI13099,Spark
AI13099,GCP
AI13099,Mathematics
AI13100,Python
AI13100,TensorFlow
AI13100,Deep Learning
AI13100,Git
AI13101,Docker
AI13101,GCP
AI13101,Python
AI13101,Mathematics
AI13102,R
AI13102,GCP
AI13102,SQL
AI13102,Computer Vision
AI13102,Git
AI13103,Scala
AI13103,Mathematics
AI13103,Java
AI13104,Python
AI13104,SQL
AI13104,NLP
AI13105,Java
AI13105,Tableau
AI13105,Python
AI13105,Azure
AI13106,Kubernetes
AI13106,Java
AI13106,Mathematics
AI13106,Computer Vision
AI13106,Statistics
AI13107,Azure
AI13107,PyTorch
AI13107,TensorFlow
AI13107,Python
AI13107,Data Visualization
AI13108,Spark
AI13108,Hadoop
AI13108,Kubernetes
AI13109,SQL
AI13109,PyTorch
AI13109,Java
AI13109,TensorFlow
AI13110,Hadoop
AI13110,Tableau
AI13110,R
AI13110,Spark
AI13110,Java
AI13111,Hadoop
AI13111,GCP
AI13111,Mathematics
AI13111,TensorFlow
AI13112,NLP
AI13112,SQL
AI13112,MLOps
AI13112,AWS
AI13112,Linux
AI13113,Git
AI13113,Computer Vision
AI13113,Scala
AI13113,Python
AI13114,SQL
AI13114,Docker
AI13114,NLP
AI13115,PyTorch
AI13115,TensorFlow
AI13115,MLOps
AI13115,Statistics
AI13115,Scala
AI13116,GCP
AI13116,Spark
AI13116,Java
AI13117,Hadoop
AI13117,Python
AI13117,Tableau
AI13117,Mathematics
AI13117,Linux
AI13118,Java
AI13118,Azure
AI13118,MLOps
AI13119,AWS
AI13119,Data Visualization
AI13119,Python
AI13119,Mathematics
AI13119,GCP
AI13120,Git
AI13120,Python
AI13120,TensorFlow
AI13121,Data Visualization
AI13121,Linux
AI13121,Tableau
AI13122,Mathematics
AI13122,TensorFlow
AI13122,PyTorch
AI13123,Scala
AI13123,PyTorch
AI13123,MLOps
AI13123,Git
AI13124,Linux
AI13124,TensorFlow
AI13124,SQL
AI13125,Python
AI13125,TensorFlow
AI13125,NLP
AI13126,Kubernetes
AI13126,Spark
AI13126,PyTorch
AI13126,Computer Vision
AI13126,Scala
AI13127,Python
AI13127,NLP
AI13127,Tableau
AI13128,Git
AI13128,Java
AI13128,Hadoop
AI13129,Scala
AI13129,R
AI13129,Kubernetes
AI13129,GCP
AI13129,Java
AI13130,Linux
AI13130,Kubernetes
AI13130,TensorFlow
AI13131,Python
AI13131,TensorFlow
AI13131,PyTorch
AI13132,Data Visualization
AI13132,Hadoop
AI13132,R
AI13132,Python
AI13133,GCP
AI13133,Kubernetes
AI13133,Docker
AI13133,Computer Vision
AI13133,SQL
AI13134,Scala
AI13134,NLP
AI13134,Git
AI13134,Docker
AI13134,Computer Vision
AI13135,Hadoop
AI13135,NLP
AI13135,PyTorch
AI13136,Python
AI13136,Kubernetes
AI13136,MLOps
AI13137,Java
AI13137,NLP
AI13137,Git
AI13138,PyTorch
AI13138,Git
AI13138,TensorFlow
AI13139,GCP
AI13139,Python
AI13139,AWS
AI13140,Java
AI13140,Tableau
AI13140,SQL
AI13140,PyTorch
AI13141,Spark
AI13141,Statistics
AI13141,Python
AI13142,GCP
AI13142,NLP
AI13142,Linux
AI13143,Mathematics
AI13143,Scala
AI13143,Azure
AI13143,Linux
AI13143,GCP
AI13144,SQL
AI13144,R
AI13144,Computer Vision
AI13145,NLP
AI13145,Computer Vision
AI13145,R
AI13145,Hadoop
AI13145,Python
AI13146,R
AI13146,Java
AI13146,Mathematics
AI13146,Deep Learning
AI13146,TensorFlow
AI13147,Linux
AI13147,Git
AI13147,NLP
AI13147,Tableau
AI13147,Spark
AI13148,AWS
AI13148,SQL
AI13148,Tableau
AI13148,NLP
AI13149,GCP
AI13149,Java
AI13149,PyTorch
AI13149,Mathematics
AI13150,Tableau
AI13150,R
AI13150,TensorFlow
AI13150,MLOps
AI13151,Linux
AI13151,Python
AI13151,NLP
AI13151,Scala
AI13151,Computer Vision
AI13152,TensorFlow
AI13152,Data Visualization
AI13152,NLP
AI13153,Deep Learning
AI13153,Hadoop
AI13153,Computer Vision
AI13154,Deep Learning
AI13154,Python
AI13154,MLOps
AI13154,Hadoop
AI13154,Azure
AI13155,NLP
AI13155,TensorFlow
AI13155,Python
AI13156,Python
AI13156,MLOps
AI13156,Data Visualization
AI13156,SQL
AI13156,Mathematics
AI13157,Deep Learning
AI13157,Git
AI13157,Java
AI13157,R
AI13157,Docker
AI13158,Computer Vision
AI13158,Kubernetes
AI13158,Python
AI13158,TensorFlow
AI13159,Kubernetes
AI13159,Computer Vision
AI13159,Scala
AI13160,Azure
AI13160,Python
AI13160,Scala
AI13160,Computer Vision
AI13161,TensorFlow
AI13161,Azure
AI13161,NLP
AI13161,Computer Vision
AI13162,Git
AI13162,R
AI13162,Deep Learning
AI13163,PyTorch
AI13163,SQL
AI13163,Mathematics
AI13163,TensorFlow
AI13163,MLOps
AI13164,Linux
AI13164,Spark
AI13164,GCP
AI13164,Azure
AI13164,Tableau
AI13165,Docker
AI13165,Git
AI13165,Data Visualization
AI13165,Linux
AI13165,Python
AI13166,PyTorch
AI13166,Computer Vision
AI13166,Azure
AI13166,GCP
AI13166,MLOps
AI13167,Statistics
AI13167,Computer Vision
AI13167,Kubernetes
AI13167,Java
AI13168,Linux
AI13168,Statistics
AI13168,Python
AI13168,Git
AI13168,TensorFlow
AI13169,Spark
AI13169,GCP
AI13169,Azure
AI13169,Deep Learning
AI13170,Azure
AI13170,Statistics
AI13170,Mathematics
AI13171,SQL
AI13171,Linux
AI13171,Tableau
AI13171,Python
AI13171,GCP
AI13172,Scala
AI13172,PyTorch
AI13172,Hadoop
AI13172,GCP
AI13172,Azure
AI13173,Mathematics
AI13173,Spark
AI13173,Deep Learning
AI13173,Git
AI13173,Scala
AI13174,TensorFlow
AI13174,NLP
AI13174,SQL
AI13174,Data Visualization
AI13174,Java
AI13175,SQL
AI13175,Data Visualization
AI13175,Java
AI13176,Deep Learning
AI13176,Linux
AI13176,GCP
AI13176,Kubernetes
AI13177,Python
AI13177,GCP
AI13177,Kubernetes
AI13177,Linux
AI13178,Python
AI13178,MLOps
AI13178,Statistics
AI13179,GCP
AI13179,R
AI13179,Kubernetes
AI13179,Azure
AI13180,Statistics
AI13180,MLOps
AI13180,Data Visualization
AI13181,Java
AI13181,AWS
AI13181,R
AI13181,SQL
AI13182,NLP
AI13182,Java
AI13182,PyTorch
AI13183,Hadoop
AI13183,Scala
AI13183,Tableau
AI13183,Computer Vision
AI13183,TensorFlow
AI13184,Hadoop
AI13184,Docker
AI13184,Deep Learning
AI13184,NLP
AI13185,TensorFlow
AI13185,PyTorch
AI13185,Java
AI13186,Python
AI13186,MLOps
AI13186,Hadoop
AI13186,TensorFlow
AI13187,Tableau
AI13187,R
AI13187,Data Visualization
AI13188,SQL
AI13188,Spark
AI13188,Tableau
AI13188,Data Visualization
AI13188,Azure
AI13189,Azure
AI13189,PyTorch
AI13189,Mathematics
AI13189,Kubernetes
AI13189,Spark
AI13190,Hadoop
AI13190,Python
AI13190,GCP
AI13190,Tableau
AI13191,MLOps
AI13191,PyTorch
AI13191,TensorFlow
AI13191,Python
AI13192,Git
AI13192,Python
AI13192,GCP
AI13192,R
AI13192,Java
AI13193,GCP
AI13193,Git
AI13193,Deep Learning
AI13194,Python
AI13194,Spark
AI13194,Mathematics
AI13195,Data Visualization
AI13195,AWS
AI13195,Tableau
AI13196,Linux
AI13196,Git
AI13196,Data Visualization
AI13197,Git
AI13197,Docker
AI13197,Tableau
AI13197,Data Visualization
AI13198,PyTorch
AI13198,TensorFlow
AI13198,Data Visualization
AI13198,Azure
AI13199,Java
AI13199,Scala
AI13199,Mathematics
AI13200,Git
AI13200,Kubernetes
AI13200,PyTorch
AI13201,Hadoop
AI13201,Python
AI13201,Tableau
AI13202,Tableau
AI13202,Scala
AI13202,Hadoop
AI13202,PyTorch
AI13203,Python
AI13203,Scala
AI13203,NLP
AI13203,Spark
AI13203,Deep Learning
AI13204,Python
AI13204,SQL
AI13204,NLP
AI13205,Spark
AI13205,Scala
AI13205,SQL
AI13205,Statistics
AI13205,MLOps
AI13206,Spark
AI13206,Java
AI13206,Computer Vision
AI13207,AWS
AI13207,Scala
AI13207,TensorFlow
AI13207,Python
AI13207,Hadoop
AI13208,PyTorch
AI13208,Scala
AI13208,Git
AI13208,MLOps
AI13208,Azure
AI13209,GCP
AI13209,Docker
AI13209,MLOps
AI13209,Data Visualization
AI13210,Python
AI13210,Statistics
AI13210,AWS
AI13210,Linux
AI13211,Scala
AI13211,AWS
AI13211,TensorFlow
AI13212,SQL
AI13212,GCP
AI13212,Spark
AI13212,Git
AI13212,PyTorch
AI13213,NLP
AI13213,PyTorch
AI13213,Java
AI13213,Tableau
AI13214,Python
AI13214,Scala
AI13214,Docker
AI13214,PyTorch
AI13215,SQL
AI13215,MLOps
AI13215,Azure
AI13215,Tableau
AI13216,Kubernetes
AI13216,Python
AI13216,Tableau
AI13216,MLOps
AI13217,Python
AI13217,Hadoop
AI13217,Tableau
AI13217,Linux
AI13218,Mathematics
AI13218,TensorFlow
AI13218,Kubernetes
AI13219,MLOps
AI13219,AWS
AI13219,Kubernetes
AI13219,Computer Vision
AI13220,Linux
AI13220,Python
AI13220,Data Visualization
AI13221,TensorFlow
AI13221,Python
AI13221,SQL
AI13222,Git
AI13222,Spark
AI13222,Computer Vision
AI13222,Mathematics
AI13223,Python
AI13223,Hadoop
AI13223,Data Visualization
AI13224,Deep Learning
AI13224,Computer Vision
AI13224,Python
AI13224,GCP
AI13225,Python
AI13225,TensorFlow
AI13225,PyTorch
AI13226,Mathematics
AI13226,Hadoop
AI13226,Git
AI13226,Java
AI13227,Data Visualization
AI13227,Python
AI13227,Docker
AI13228,Git
AI13228,Hadoop
AI13228,Deep Learning
AI13228,GCP
AI13229,Data Visualization
AI13229,Kubernetes
AI13229,Mathematics
AI13230,Spark
AI13230,NLP
AI13230,MLOps
AI13231,Computer Vision
AI13231,Kubernetes
AI13231,R
AI13231,SQL
AI13231,AWS
AI13232,Java
AI13232,SQL
AI13232,GCP
AI13232,PyTorch
AI13232,AWS
AI13233,NLP
AI13233,Azure
AI13233,Docker
AI13233,GCP
AI13233,Git
AI13234,Hadoop
AI13234,Scala
AI13234,AWS
AI13235,Hadoop
AI13235,Data Visualization
AI13235,Git
AI13235,Kubernetes
AI13236,Kubernetes
AI13236,Hadoop
AI13236,TensorFlow
AI13237,Scala
AI13237,R
AI13237,AWS
AI13238,Tableau
AI13238,MLOps
AI13238,Spark
AI13238,Azure
AI13239,Statistics
AI13239,NLP
AI13239,SQL
AI13239,PyTorch
AI13240,R
AI13240,Scala
AI13240,Docker
AI13240,Data Visualization
AI13241,AWS
AI13241,SQL
AI13241,Spark
AI13242,NLP
AI13242,Python
AI13242,SQL
AI13242,TensorFlow
AI13243,Data Visualization
AI13243,TensorFlow
AI13243,Spark
AI13244,Python
AI13244,Git
AI13244,Java
AI13245,Tableau
AI13245,NLP
AI13245,Computer Vision
AI13245,Data Visualization
AI13246,Scala
AI13246,Computer Vision
AI13246,TensorFlow
AI13246,Deep Learning
AI13246,Linux
AI13247,Hadoop
AI13247,Java
AI13247,Python
AI13247,NLP
AI13247,TensorFlow
AI13248,Spark
AI13248,TensorFlow
AI13248,Scala
AI13248,Deep Learning
AI13249,Python
AI13249,SQL
AI13249,Data Visualization
AI13249,R
AI13249,Kubernetes
AI13250,SQL
AI13250,Computer Vision
AI13250,Spark
AI13250,NLP
AI13251,Hadoop
AI13251,PyTorch
AI13251,Azure
AI13251,Linux
AI13251,Computer Vision
AI13252,NLP
AI13252,TensorFlow
AI13252,PyTorch
AI13253,Scala
AI13253,Java
AI13253,GCP
AI13253,Git
AI13254,NLP
AI13254,Kubernetes
AI13254,PyTorch
AI13254,SQL
AI13254,Linux
AI13255,TensorFlow
AI13255,Docker
AI13255,Hadoop
AI13255,R
AI13255,Spark
AI13256,Python
AI13256,Computer Vision
AI13256,Kubernetes
AI13257,Deep Learning
AI13257,Scala
AI13257,Azure
AI13257,Git
AI13258,Kubernetes
AI13258,TensorFlow
AI13258,GCP
AI13258,Deep Learning
AI13258,Azure
AI13259,Python
AI13259,TensorFlow
AI13259,R
AI13259,Statistics
AI13259,Hadoop
AI13260,Python
AI13260,TensorFlow
AI13260,Computer Vision
AI13260,Deep Learning
AI13260,AWS
AI13261,Hadoop
AI13261,Data Visualization
AI13261,MLOps
AI13261,PyTorch
AI13261,Kubernetes
AI13262,Java
AI13262,Linux
AI13262,Data Visualization
AI13262,NLP
AI13262,Azure
AI13263,Java
AI13263,Computer Vision
AI13263,Python
AI13263,Kubernetes
AI13264,Git
AI13264,PyTorch
AI13264,AWS
AI13264,Data Visualization
AI13264,Hadoop
AI13265,Deep Learning
AI13265,PyTorch
AI13265,Hadoop
AI13265,R
AI13266,Hadoop
AI13266,TensorFlow
AI13266,Kubernetes
AI13266,GCP
AI13267,AWS
AI13267,Scala
AI13267,Computer Vision
AI13267,Mathematics
AI13268,Git
AI13268,Java
AI13268,Hadoop
AI13268,TensorFlow
AI13269,TensorFlow
AI13269,AWS
AI13269,Data Visualization
AI13269,Azure
AI13269,Docker
AI13270,MLOps
AI13270,Mathematics
AI13270,Spark
AI13270,NLP
AI13270,Azure
AI13271,NLP
AI13271,R
AI13271,Linux
AI13272,NLP
AI13272,Git
AI13272,Tableau
AI13273,Docker
AI13273,Azure
AI13273,NLP
AI13273,GCP
AI13273,Kubernetes
AI13274,Deep Learning
AI13274,Spark
AI13274,Python
AI13274,Git
AI13274,Mathematics
AI13275,Hadoop
AI13275,PyTorch
AI13275,SQL
AI13275,Spark
AI13276,Mathematics
AI13276,Python
AI13276,Git
AI13276,GCP
AI13276,NLP
AI13277,Spark
AI13277,Kubernetes
AI13277,Python
AI13277,Azure
AI13277,MLOps
AI13278,Python
AI13278,Kubernetes
AI13278,TensorFlow
AI13278,Docker
AI13278,NLP
AI13279,PyTorch
AI13279,Tableau
AI13279,TensorFlow
AI13279,Deep Learning
AI13279,Git
AI13280,PyTorch
AI13280,Hadoop
AI13280,SQL
AI13280,Computer Vision
AI13281,TensorFlow
AI13281,AWS
AI13281,Statistics
AI13281,Kubernetes
AI13281,SQL
AI13282,Python
AI13282,Mathematics
AI13282,TensorFlow
AI13282,GCP
AI13282,Tableau
AI13283,R
AI13283,Hadoop
AI13283,NLP
AI13283,Python
AI13283,Tableau
AI13284,NLP
AI13284,Python
AI13284,Linux
AI13285,Git
AI13285,Computer Vision
AI13285,AWS
AI13286,Spark
AI13286,NLP
AI13286,Azure
AI13286,Linux
AI13286,Computer Vision
AI13287,Git
AI13287,Python
AI13287,R
AI13287,Spark
AI13287,GCP
AI13288,TensorFlow
AI13288,Scala
AI13288,Azure
AI13288,Git
AI13289,Computer Vision
AI13289,Hadoop
AI13289,Tableau
AI13290,GCP
AI13290,TensorFlow
AI13290,Tableau
AI13291,Spark
AI13291,R
AI13291,Data Visualization
AI13291,Git
AI13291,SQL
AI13292,AWS
AI13292,Java
AI13292,Data Visualization
AI13292,Python
AI13292,MLOps
AI13293,SQL
AI13293,PyTorch
AI13293,Computer Vision
AI13293,Spark
AI13294,Azure
AI13294,SQL
AI13294,Tableau
AI13294,PyTorch
AI13294,Hadoop
AI13295,MLOps
AI13295,Kubernetes
AI13295,SQL
AI13296,SQL
AI13296,Scala
AI13296,GCP
AI13296,Kubernetes
AI13296,Statistics
AI13297,Docker
AI13297,Tableau
AI13297,PyTorch
AI13297,Hadoop
AI13298,Scala
AI13298,Data Visualization
AI13298,Deep Learning
AI13299,SQL
AI13299,Spark
AI13299,Java
AI13299,R
AI13300,R
AI13300,Spark
AI13300,Git
AI13300,Python
AI13300,Java
AI13301,Hadoop
AI13301,Kubernetes
AI13301,Spark
AI13301,Python
AI13301,Computer Vision
AI13302,Java
AI13302,GCP
AI13302,NLP
AI13302,Computer Vision
AI13302,Scala
AI13303,GCP
AI13303,Linux
AI13303,Mathematics
AI13304,Java
AI13304,Deep Learning
AI13304,R
AI13304,Scala
AI13305,Deep Learning
AI13305,AWS
AI13305,Data Visualization
AI13306,PyTorch
AI13306,Linux
AI13306,NLP
AI13306,GCP
AI13306,Spark
AI13307,Mathematics
AI13307,Data Visualization
AI13307,Java
AI13308,Deep Learning
AI13308,Data Visualization
AI13308,Spark
AI13309,MLOps
AI13309,NLP
AI13309,Python
AI13310,Azure
AI13310,R
AI13310,Java
AI13310,SQL
AI13311,NLP
AI13311,SQL
AI13311,TensorFlow
AI13312,Data Visualization
AI13312,Python
AI13312,Computer Vision
AI13313,Spark
AI13313,NLP
AI13313,SQL
AI13313,Azure
AI13314,Kubernetes
AI13314,Spark
AI13314,Tableau
AI13314,Python
AI13315,GCP
AI13315,Scala
AI13315,NLP
AI13315,Tableau
AI13315,SQL
AI13316,Git
AI13316,SQL
AI13316,PyTorch
AI13316,Docker
AI13317,Scala
AI13317,Git
AI13317,Spark
AI13318,Linux
AI13318,Tableau
AI13318,MLOps
AI13318,Docker
AI13319,Scala
AI13319,AWS
AI13319,MLOps
AI13319,Computer Vision
AI13319,Python
AI13320,Linux
AI13320,R
AI13320,Data Visualization
AI13320,Spark
AI13321,Tableau
AI13321,TensorFlow
AI13321,Git
AI13321,Docker
AI13321,R
AI13322,GCP
AI13322,SQL
AI13322,Spark
AI13322,R
AI13323,Tableau
AI13323,Java
AI13323,TensorFlow
AI13323,Git
AI13324,Python
AI13324,TensorFlow
AI13324,Hadoop
AI13324,Deep Learning
AI13324,Statistics
AI13325,Mathematics
AI13325,Linux
AI13325,Tableau
AI13325,MLOps
AI13326,Spark
AI13326,PyTorch
AI13326,Java
AI13326,TensorFlow
AI13327,AWS
AI13327,SQL
AI13327,Azure
AI13327,Git
AI13328,MLOps
AI13328,NLP
AI13328,GCP
AI13328,Hadoop
AI13328,Tableau
AI13329,GCP
AI13329,Deep Learning
AI13329,Python
AI13329,Mathematics
AI13330,Linux
AI13330,Kubernetes
AI13330,Python
AI13330,TensorFlow
AI13330,PyTorch
AI13331,Linux
AI13331,Python
AI13331,Mathematics
AI13332,Computer Vision
AI13332,PyTorch
AI13332,R
AI13332,Azure
AI13333,Kubernetes
AI13333,Linux
AI13333,Mathematics
AI13333,R
AI13333,Tableau
AI13334,Hadoop
AI13334,Docker
AI13334,Kubernetes
AI13334,Scala
AI13334,Linux
AI13335,Python
AI13335,Tableau
AI13335,Mathematics
AI13335,Spark
AI13336,Python
AI13336,TensorFlow
AI13336,AWS
AI13336,SQL
AI13336,Mathematics
AI13337,Java
AI13337,Linux
AI13337,R
AI13338,Git
AI13338,GCP
AI13338,Kubernetes
AI13339,Scala
AI13339,Kubernetes
AI13339,Python
AI13340,Python
AI13340,TensorFlow
AI13340,Docker
AI13340,Linux
AI13341,TensorFlow
AI13341,Docker
AI13341,Scala
AI13341,Azure
AI13342,Python
AI13342,Data Visualization
AI13342,Docker
AI13342,TensorFlow
AI13342,Kubernetes
AI13343,Hadoop
AI13343,Python
AI13343,AWS
AI13344,Computer Vision
AI13344,SQL
AI13344,Python
AI13345,R
AI13345,Docker
AI13345,Tableau
AI13345,Hadoop
AI13345,Kubernetes
AI13346,Computer Vision
AI13346,Scala
AI13346,Tableau
AI13346,SQL
AI13346,PyTorch
AI13347,Statistics
AI13347,Mathematics
AI13347,Kubernetes
AI13347,Linux
AI13348,TensorFlow
AI13348,Scala
AI13348,Kubernetes
AI13348,Mathematics
AI13348,SQL
AI13349,Statistics
AI13349,Linux
AI13349,MLOps
AI13349,Scala
AI13350,Git
AI13350,Deep Learning
AI13350,Tableau
AI13350,Docker
AI13351,Git
AI13351,Azure
AI13351,Scala
AI13351,Mathematics
AI13352,Kubernetes
AI13352,Azure
AI13352,SQL
AI13352,Linux
AI13353,Tableau
AI13353,TensorFlow
AI13353,Spark
AI13353,GCP
AI13353,NLP
AI13354,Java
AI13354,R
AI13354,Mathematics
AI13355,Computer Vision
AI13355,AWS
AI13355,Java
AI13355,R
AI13355,Mathematics
AI13356,PyTorch
AI13356,Docker
AI13356,Deep Learning
AI13356,Scala
AI13356,Git
AI13357,Kubernetes
AI13357,SQL
AI13357,NLP
AI13357,Java
AI13357,TensorFlow
AI13358,Azure
AI13358,Docker
AI13358,Hadoop
AI13358,Computer Vision
AI13359,Mathematics
AI13359,Linux
AI13359,Deep Learning
AI13359,SQL
AI13359,R
AI13360,Scala
AI13360,SQL
AI13360,R
AI13360,Java
AI13361,GCP
AI13361,MLOps
AI13361,Scala
AI13361,Deep Learning
AI13361,Git
AI13362,Mathematics
AI13362,Scala
AI13362,Java
AI13363,Git
AI13363,Scala
AI13363,Data Visualization
AI13364,TensorFlow
AI13364,Java
AI13364,Computer Vision
AI13365,Azure
AI13365,Scala
AI13365,AWS
AI13366,SQL
AI13366,Scala
AI13366,Spark
AI13367,Docker
AI13367,Spark
AI13367,Hadoop
AI13367,Git
AI13368,Java
AI13368,Tableau
AI13368,SQL
AI13369,Python
AI13369,Kubernetes
AI13369,Git
AI13369,Scala
AI13370,Hadoop
AI13370,Deep Learning
AI13370,GCP
AI13371,Scala
AI13371,Python
AI13371,Statistics
AI13371,Deep Learning
AI13371,AWS
AI13372,Python
AI13372,TensorFlow
AI13372,R
AI13373,Mathematics
AI13373,Docker
AI13373,Tableau
AI13373,Statistics
AI13373,R
AI13374,Kubernetes
AI13374,Java
AI13374,AWS
AI13374,Docker
AI13375,Docker
AI13375,R
AI13375,MLOps
AI13375,NLP
AI13376,R
AI13376,NLP
AI13376,Mathematics
AI13376,Computer Vision
AI13377,Tableau
AI13377,Hadoop
AI13377,Kubernetes
AI13377,Linux
AI13377,Spark
AI13378,Spark
AI13378,SQL
AI13378,Data Visualization
AI13378,GCP
AI13378,Python
AI13379,TensorFlow
AI13379,Hadoop
AI13379,Python
AI13379,Docker
AI13379,Java
AI13380,Data Visualization
AI13380,R
AI13380,Tableau
AI13380,SQL
AI13380,PyTorch
AI13381,R
AI13381,Scala
AI13381,Mathematics
AI13381,Python
AI13381,SQL
AI13382,Mathematics
AI13382,Git
AI13382,Python
AI13383,Scala
AI13383,Java
AI13383,MLOps
AI13384,Linux
AI13384,Data Visualization
AI13384,Python
AI13384,Git
AI13384,R
AI13385,Spark
AI13385,Python
AI13385,Statistics
AI13386,SQL
AI13386,Docker
AI13386,PyTorch
AI13386,Kubernetes
AI13387,Kubernetes
AI13387,Hadoop
AI13387,Data Visualization
AI13388,Azure
AI13388,Python
AI13388,Git
AI13388,Spark
AI13389,TensorFlow
AI13389,Java
AI13389,NLP
AI13390,Kubernetes
AI13390,Data Visualization
AI13390,Azure
AI13391,Hadoop
AI13391,Computer Vision
AI13391,MLOps
AI13391,Linux
AI13392,Python
AI13392,Azure
AI13392,MLOps
AI13393,SQL
AI13393,Azure
AI13393,Hadoop
AI13393,GCP
AI13393,Git
AI13394,Deep Learning
AI13394,Python
AI13394,Java
AI13395,Computer Vision
AI13395,Python
AI13395,Scala
AI13395,Azure
AI13396,R
AI13396,Statistics
AI13396,Mathematics
AI13396,Deep Learning
AI13397,Python
AI13397,Linux
AI13397,AWS
AI13398,Spark
AI13398,GCP
AI13398,Python
AI13399,R
AI13399,Kubernetes
AI13399,Docker
AI13399,Azure
AI13399,AWS
AI13400,Python
AI13400,Mathematics
AI13400,Deep Learning
AI13401,Python
AI13401,TensorFlow
AI13401,PyTorch
AI13401,Tableau
AI13402,Mathematics
AI13402,AWS
AI13402,Hadoop
AI13403,TensorFlow
AI13403,Azure
AI13403,Kubernetes
AI13404,SQL
AI13404,Spark
AI13404,Git
AI13405,MLOps
AI13405,TensorFlow
AI13405,PyTorch
AI13406,PyTorch
AI13406,Java
AI13406,Docker
AI13407,GCP
AI13407,Python
AI13407,SQL
AI13407,Azure
AI13408,PyTorch
AI13408,Scala
AI13408,MLOps
AI13409,Scala
AI13409,Git
AI13409,Deep Learning
AI13410,Data Visualization
AI13410,NLP
AI13410,Git
AI13410,PyTorch
AI13410,Python
AI13411,R
AI13411,Deep Learning
AI13411,Linux
AI13411,Hadoop
AI13412,Kubernetes
AI13412,Scala
AI13412,SQL
AI13412,Linux
AI13413,Scala
AI13413,TensorFlow
AI13413,Tableau
AI13413,Data Visualization
AI13414,Python
AI13414,Statistics
AI13414,SQL
AI13415,Git
AI13415,R
AI13415,Statistics
AI13416,SQL
AI13416,Computer Vision
AI13416,Java
AI13416,Deep Learning
AI13416,GCP
AI13417,Git
AI13417,Scala
AI13417,Computer Vision
AI13417,Data Visualization
AI13417,R
AI13418,SQL
AI13418,R
AI13418,PyTorch
AI13418,GCP
AI13419,PyTorch
AI13419,Java
AI13419,Python
AI13419,Tableau
AI13419,TensorFlow
AI13420,SQL
AI13420,R
AI13420,Java
AI13421,Computer Vision
AI13421,Data Visualization
AI13421,PyTorch
AI13421,Kubernetes
AI13421,TensorFlow
AI13422,Kubernetes
AI13422,PyTorch
AI13422,TensorFlow
AI13422,Computer Vision
AI13423,Java
AI13423,TensorFlow
AI13423,Data Visualization
AI13423,Spark
AI13423,MLOps
AI13424,Spark
AI13424,Kubernetes
AI13424,NLP
AI13424,R
AI13424,Data Visualization
AI13425,Scala
AI13425,Azure
AI13425,GCP
AI13426,TensorFlow
AI13426,Kubernetes
AI13426,Linux
AI13426,MLOps
AI13427,Azure
AI13427,GCP
AI13427,NLP
AI13427,MLOps
AI13428,MLOps
AI13428,SQL
AI13428,Tableau
AI13428,Data Visualization
AI13428,PyTorch
AI13429,Data Visualization
AI13429,Kubernetes
AI13429,SQL
AI13429,Azure
AI13430,Azure
AI13430,Computer Vision
AI13430,Linux
AI13430,Git
AI13430,Scala
AI13431,Azure
AI13431,Python
AI13431,TensorFlow
AI13431,AWS
AI13431,MLOps
AI13432,Statistics
AI13432,MLOps
AI13432,Linux
AI13432,Scala
AI13432,PyTorch
AI13433,R
AI13433,Computer Vision
AI13433,Data Visualization
AI13433,AWS
AI13434,Python
AI13434,Mathematics
AI13434,TensorFlow
AI13435,Deep Learning
AI13435,SQL
AI13435,R
AI13436,Spark
AI13436,Docker
AI13436,SQL
AI13436,Mathematics
AI13437,Linux
AI13437,Git
AI13437,PyTorch
AI13438,NLP
AI13438,GCP
AI13438,Python
AI13439,Tableau
AI13439,R
AI13439,PyTorch
AI13439,AWS
AI13439,Java
AI13440,TensorFlow
AI13440,Docker
AI13440,Hadoop
AI13441,Tableau
AI13441,NLP
AI13441,Kubernetes
AI13441,GCP
AI13441,Java
AI13442,MLOps
AI13442,SQL
AI13442,Kubernetes
AI13442,NLP
AI13443,Python
AI13443,Docker
AI13443,GCP
AI13443,AWS
AI13444,Mathematics
AI13444,SQL
AI13444,Java
AI13444,PyTorch
AI13445,TensorFlow
AI13445,AWS
AI13445,Java
AI13445,Hadoop
AI13445,Deep Learning
AI13446,Git
AI13446,Azure
AI13446,Data Visualization
AI13447,Mathematics
AI13447,R
AI13447,Deep Learning
AI13448,Scala
AI13448,R
AI13448,MLOps
AI13448,Mathematics
AI13449,Python
AI13449,Azure
AI13449,GCP
AI13450,Kubernetes
AI13450,Statistics
AI13450,NLP
AI13451,Statistics
AI13451,Tableau
AI13451,Python
AI13452,Python
AI13452,TensorFlow
AI13452,PyTorch
AI13452,Java
AI13453,AWS
AI13453,Computer Vision
AI13453,PyTorch
AI13454,PyTorch
AI13454,Git
AI13454,Tableau
AI13455,Deep Learning
AI13455,Python
AI13455,PyTorch
AI13455,GCP
AI13455,Git
AI13456,NLP
AI13456,Scala
AI13456,Kubernetes
AI13456,GCP
AI13457,MLOps
AI13457,Git
AI13457,AWS
AI13457,SQL
AI13458,Tableau
AI13458,Scala
AI13458,Hadoop
AI13458,Docker
AI13459,R
AI13459,Java
AI13459,Python
AI13460,Kubernetes
AI13460,GCP
AI13460,Linux
AI13461,PyTorch
AI13461,R
AI13461,Tableau
AI13461,Git
AI13462,NLP
AI13462,Mathematics
AI13462,Data Visualization
AI13463,SQL
AI13463,Hadoop
AI13463,Java
AI13463,Statistics
AI13464,Docker
AI13464,Scala
AI13464,Data Visualization
AI13464,TensorFlow
AI13464,Mathematics
AI13465,Python
AI13465,Java
AI13465,SQL
AI13465,Git
AI13465,TensorFlow
AI13466,Kubernetes
AI13466,Linux
AI13466,NLP
AI13466,AWS
AI13466,R
AI13467,R
AI13467,MLOps
AI13467,Mathematics
AI13467,PyTorch
AI13468,Deep Learning
AI13468,Kubernetes
AI13468,Data Visualization
AI13468,Git
AI13468,Computer Vision
AI13469,Kubernetes
AI13469,TensorFlow
AI13469,Statistics
AI13469,PyTorch
AI13469,AWS
AI13470,Azure
AI13470,Kubernetes
AI13470,Java
AI13470,Git
AI13471,TensorFlow
AI13471,Computer Vision
AI13471,Python
AI13471,Azure
AI13472,Azure
AI13472,NLP
AI13472,Hadoop
AI13472,Data Visualization
AI13472,Deep Learning
AI13473,Docker
AI13473,Hadoop
AI13473,Mathematics
AI13473,SQL
AI13473,Spark
AI13474,NLP
AI13474,Scala
AI13474,Git
AI13474,PyTorch
AI13474,Linux
AI13475,Docker
AI13475,Hadoop
AI13475,Azure
AI13475,Statistics
AI13476,PyTorch
AI13476,Hadoop
AI13476,Tableau
AI13477,Scala
AI13477,Computer Vision
AI13477,PyTorch
AI13477,Mathematics
AI13478,Tableau
AI13478,TensorFlow
AI13478,Java
AI13478,Linux
AI13479,AWS
AI13479,Docker
AI13479,Kubernetes
AI13480,Kubernetes
AI13480,Docker
AI13480,Python
AI13481,Hadoop
AI13481,SQL
AI13481,Data Visualization
AI13482,Kubernetes
AI13482,Git
AI13482,Spark
AI13482,Linux
AI13482,Tableau
AI13483,Spark
AI13483,PyTorch
AI13483,Tableau
AI13484,Java
AI13484,SQL
AI13484,Git
AI13485,Data Visualization
AI13485,Hadoop
AI13485,Deep Learning
AI13486,GCP
AI13486,Kubernetes
AI13486,Hadoop
AI13486,Tableau
AI13487,SQL
AI13487,NLP
AI13487,AWS
AI13488,NLP
AI13488,Linux
AI13488,Computer Vision
AI13488,Scala
AI13488,Java
AI13489,Deep Learning
AI13489,Hadoop
AI13489,MLOps
AI13489,Mathematics
AI13489,AWS
AI13490,Deep Learning
AI13490,Hadoop
AI13490,TensorFlow
AI13490,Tableau
AI13490,AWS
AI13491,Python
AI13491,MLOps
AI13491,Data Visualization
AI13492,Scala
AI13492,Git
AI13492,Java
AI13493,AWS
AI13493,SQL
AI13493,Docker
AI13493,PyTorch
AI13494,Deep Learning
AI13494,NLP
AI13494,Docker
AI13495,Docker
AI13495,Linux
AI13495,Deep Learning
AI13495,Java
AI13495,R
AI13496,Git
AI13496,Docker
AI13496,Spark
AI13497,Statistics
AI13497,SQL
AI13497,R
AI13498,Spark
AI13498,Scala
AI13498,MLOps
AI13499,MLOps
AI13499,R
AI13499,Scala
AI13500,Spark
AI13500,R
AI13500,Statistics
AI13500,Deep Learning
AI13500,Python
AI13501,AWS
AI13501,Spark
AI13501,TensorFlow
AI13502,R
AI13502,Computer Vision
AI13502,Python
AI13502,Data Visualization
AI13503,Tableau
AI13503,SQL
AI13503,PyTorch
AI13503,GCP
AI13504,PyTorch
AI13504,R
AI13504,GCP
AI13504,NLP
AI13505,Linux
AI13505,SQL
AI13505,Tableau
AI13505,AWS
AI13506,Scala
AI13506,Python
AI13506,Computer Vision
AI13506,Mathematics
AI13506,MLOps
AI13507,MLOps
AI13507,Mathematics
AI13507,Computer Vision
AI13507,Hadoop
AI13508,R
AI13508,AWS
AI13508,Mathematics
AI13508,Kubernetes
AI13509,PyTorch
AI13509,SQL
AI13509,Azure
AI13509,Tableau
AI13510,Deep Learning
AI13510,Scala
AI13510,MLOps
AI13510,Tableau
AI13510,Linux
AI13511,Python
AI13511,TensorFlow
AI13511,Data Visualization
AI13511,PyTorch
AI13511,Tableau
AI13512,Kubernetes
AI13512,Docker
AI13512,PyTorch
AI13512,SQL
AI13513,Git
AI13513,Hadoop
AI13513,NLP
AI13513,Deep Learning
AI13514,Git
AI13514,NLP
AI13514,Scala
AI13514,Kubernetes
AI13514,Statistics
AI13515,Azure
AI13515,NLP
AI13515,Data Visualization
AI13515,SQL
AI13515,MLOps
AI13516,Data Visualization
AI13516,Hadoop
AI13516,Python
AI13516,TensorFlow
AI13517,NLP
AI13517,Python
AI13517,SQL
AI13518,SQL
AI13518,Mathematics
AI13518,PyTorch
AI13518,Spark
AI13518,MLOps
AI13519,Java
AI13519,R
AI13519,Azure
AI13519,NLP
AI13520,GCP
AI13520,Tableau
AI13520,Scala
AI13520,MLOps
AI13520,Kubernetes
AI13521,SQL
AI13521,Hadoop
AI13521,Statistics
AI13521,Git
AI13521,Mathematics
AI13522,Linux
AI13522,Git
AI13522,Tableau
AI13522,Kubernetes
AI13523,Git
AI13523,Computer Vision
AI13523,Python
AI13523,Spark
AI13523,Java
AI13524,Tableau
AI13524,Scala
AI13524,Python
AI13525,Computer Vision
AI13525,Python
AI13525,MLOps
AI13525,GCP
AI13525,NLP
AI13526,SQL
AI13526,Python
AI13526,Deep Learning
AI13526,R
AI13526,Spark
AI13527,Computer Vision
AI13527,GCP
AI13527,Hadoop
AI13527,PyTorch
AI13527,Spark
AI13528,Spark
AI13528,Python
AI13528,Data Visualization
AI13528,MLOps
AI13529,SQL
AI13529,TensorFlow
AI13529,Tableau
AI13529,Data Visualization
AI13530,Kubernetes
AI13530,MLOps
AI13530,PyTorch
AI13530,SQL
AI13531,GCP
AI13531,Docker
AI13531,Linux
AI13531,R
AI13531,Mathematics
AI13532,Computer Vision
AI13532,Linux
AI13532,NLP
AI13533,Docker
AI13533,PyTorch
AI13533,MLOps
AI13534,AWS
AI13534,Spark
AI13534,PyTorch
AI13535,GCP
AI13535,TensorFlow
AI13535,Data Visualization
AI13536,R
AI13536,Python
AI13536,GCP
AI13536,Kubernetes
AI13537,Scala
AI13537,Data Visualization
AI13537,Azure
AI13537,MLOps
AI13538,R
AI13538,SQL
AI13538,Mathematics
AI13539,Git
AI13539,Python
AI13539,Hadoop
AI13539,Mathematics
AI13539,Computer Vision
AI13540,MLOps
AI13540,SQL
AI13540,Data Visualization
AI13540,GCP
AI13541,PyTorch
AI13541,Scala
AI13541,MLOps
AI13541,TensorFlow
AI13541,Python
AI13542,Data Visualization
AI13542,Docker
AI13542,Linux
AI13543,Hadoop
AI13543,TensorFlow
AI13543,Computer Vision
AI13543,Azure
AI13544,TensorFlow
AI13544,Docker
AI13544,R
AI13544,PyTorch
AI13545,Tableau
AI13545,Linux
AI13545,Spark
AI13545,MLOps
AI13546,R
AI13546,Tableau
AI13546,MLOps
AI13546,Hadoop
AI13546,GCP
AI13547,Tableau
AI13547,Hadoop
AI13547,MLOps
AI13547,Scala
AI13547,GCP
AI13548,Python
AI13548,Azure
AI13548,Kubernetes
AI13548,Java
AI13548,Scala
AI13549,MLOps
AI13549,SQL
AI13549,Java
AI13549,Scala
AI13549,Statistics
AI13550,Computer Vision
AI13550,SQL
AI13550,Tableau
AI13551,SQL
AI13551,NLP
AI13551,PyTorch
AI13551,Azure
AI13551,Statistics
AI13552,Linux
AI13552,Kubernetes
AI13552,NLP
AI13553,TensorFlow
AI13553,Java
AI13553,NLP
AI13553,Scala
AI13554,PyTorch
AI13554,Tableau
AI13554,MLOps
AI13555,NLP
AI13555,Scala
AI13555,Kubernetes
AI13556,SQL
AI13556,NLP
AI13556,R
AI13556,Linux
AI13557,Python
AI13557,AWS
AI13557,SQL
AI13558,Docker
AI13558,Python
AI13558,Data Visualization
AI13558,Mathematics
AI13558,Scala
AI13559,SQL
AI13559,Git
AI13559,Java
AI13559,Deep Learning
AI13559,GCP
AI13560,PyTorch
AI13560,Kubernetes
AI13560,Data Visualization
AI13561,GCP
AI13561,R
AI13561,Mathematics
AI13561,Spark
AI13562,TensorFlow
AI13562,SQL
AI13562,Computer Vision
AI13563,Statistics
AI13563,TensorFlow
AI13563,PyTorch
AI13563,Kubernetes
AI13564,Deep Learning
AI13564,GCP
AI13564,R
AI13564,Scala
AI13565,Python
AI13565,Git
AI13565,MLOps
AI13565,GCP
AI13565,SQL
AI13566,Kubernetes
AI13566,Computer Vision
AI13566,Python
AI13566,Data Visualization
AI13567,Deep Learning
AI13567,Docker
AI13567,Hadoop
AI13568,Linux
AI13568,SQL
AI13568,Tableau
AI13568,NLP
AI13568,Hadoop
AI13569,TensorFlow
AI13569,Scala
AI13569,Python
AI13569,NLP
AI13570,PyTorch
AI13570,Git
AI13570,SQL
AI13570,GCP
AI13570,Tableau
AI13571,SQL
AI13571,TensorFlow
AI13571,Tableau
AI13571,NLP
AI13572,Python
AI13572,Statistics
AI13572,TensorFlow
AI13573,Java
AI13573,PyTorch
AI13573,Scala
AI13573,TensorFlow
AI13573,R
AI13574,Linux
AI13574,Java
AI13574,Data Visualization
AI13574,Deep Learning
AI13575,R
AI13575,Statistics
AI13575,PyTorch
AI13576,Computer Vision
AI13576,Docker
AI13576,NLP
AI13576,Deep Learning
AI13577,Python
AI13577,Kubernetes
AI13577,TensorFlow
AI13577,Linux
AI13578,Mathematics
AI13578,Kubernetes
AI13578,Linux
AI13579,NLP
AI13579,PyTorch
AI13579,MLOps
AI13580,Hadoop
AI13580,GCP
AI13580,Java
AI13581,Python
AI13581,TensorFlow
AI13581,Java
AI13581,PyTorch
AI13582,PyTorch
AI13582,TensorFlow
AI13582,Mathematics
AI13583,Scala
AI13583,R
AI13583,GCP
AI13583,Statistics
AI13583,Kubernetes
AI13584,Scala
AI13584,MLOps
AI13584,Data Visualization
AI13585,MLOps
AI13585,Hadoop
AI13585,Python
AI13585,TensorFlow
AI13585,PyTorch
AI13586,Java
AI13586,Azure
AI13586,Computer Vision
AI13587,Spark
AI13587,Kubernetes
AI13587,Data Visualization
AI13587,PyTorch
AI13587,GCP
AI13588,Docker
AI13588,Java
AI13588,NLP
AI13589,Computer Vision
AI13589,Spark
AI13589,Python
AI13589,PyTorch
AI13589,R
AI13590,MLOps
AI13590,Kubernetes
AI13590,Statistics
AI13591,Spark
AI13591,Mathematics
AI13591,NLP
AI13591,SQL
AI13591,Linux
AI13592,Git
AI13592,Tableau
AI13592,Azure
AI13592,Scala
AI13592,AWS
AI13593,Java
AI13593,R
AI13593,Git
AI13593,GCP
AI13594,Docker
AI13594,Kubernetes
AI13594,Data Visualization
AI13594,NLP
AI13595,Java
AI13595,TensorFlow
AI13595,NLP
AI13595,Kubernetes
AI13595,Computer Vision
AI13596,Scala
AI13596,PyTorch
AI13596,Tableau
AI13596,Spark
AI13596,Azure
AI13597,Data Visualization
AI13597,PyTorch
AI13597,Deep Learning
AI13597,SQL
AI13598,Scala
AI13598,Linux
AI13598,Statistics
AI13599,Python
AI13599,TensorFlow
AI13599,Kubernetes
AI13599,Java
AI13599,Spark
AI13600,SQL
AI13600,PyTorch
AI13600,Statistics
AI13600,Kubernetes
AI13601,GCP
AI13601,Tableau
AI13601,MLOps
AI13601,Java
AI13602,Computer Vision
AI13602,Deep Learning
AI13602,Tableau
AI13602,Azure
AI13602,Java
AI13603,Linux
AI13603,Scala
AI13603,SQL
AI13603,Hadoop
AI13603,TensorFlow
AI13604,MLOps
AI13604,Hadoop
AI13604,SQL
AI13605,R
AI13605,Tableau
AI13605,SQL
AI13606,AWS
AI13606,Linux
AI13606,Scala
AI13606,Docker
AI13607,AWS
AI13607,TensorFlow
AI13607,GCP
AI13607,Python
AI13607,Hadoop
AI13608,TensorFlow
AI13608,Mathematics
AI13608,PyTorch
AI13609,SQL
AI13609,GCP
AI13609,Spark
AI13609,NLP
AI13610,Git
AI13610,Mathematics
AI13610,Spark
AI13611,AWS
AI13611,TensorFlow
AI13611,Data Visualization
AI13612,Java
AI13612,Git
AI13612,SQL
AI13612,AWS
AI13612,Linux
AI13613,Java
AI13613,Kubernetes
AI13613,TensorFlow
AI13614,Git
AI13614,Statistics
AI13614,R
AI13614,Linux
AI13614,Azure
AI13615,Spark
AI13615,GCP
AI13615,Deep Learning
AI13616,Linux
AI13616,R
AI13616,MLOps
AI13616,Data Visualization
AI13616,PyTorch
AI13617,GCP
AI13617,Hadoop
AI13617,Git
AI13617,Kubernetes
AI13617,PyTorch
AI13618,TensorFlow
AI13618,SQL
AI13618,Python
AI13619,SQL
AI13619,Python
AI13619,Docker
AI13619,Computer Vision
AI13619,R
AI13620,Data Visualization
AI13620,Spark
AI13620,Tableau
AI13621,Linux
AI13621,R
AI13621,PyTorch
AI13621,Statistics
AI13621,Deep Learning
AI13622,Scala
AI13622,NLP
AI13622,PyTorch
AI13622,MLOps
AI13623,Linux
AI13623,Docker
AI13623,GCP
AI13623,Tableau
AI13623,Java
AI13624,SQL
AI13624,PyTorch
AI13624,Computer Vision
AI13624,Azure
AI13625,Deep Learning
AI13625,Linux
AI13625,PyTorch
AI13625,GCP
AI13626,NLP
AI13626,SQL
AI13626,Java
AI13626,Kubernetes
AI13626,Tableau
AI13627,Tableau
AI13627,Data Visualization
AI13627,SQL
AI13627,Hadoop
AI13627,Deep Learning
AI13628,Tableau
AI13628,PyTorch
AI13628,Java
AI13628,SQL
AI13629,Scala
AI13629,Kubernetes
AI13629,Deep Learning
AI13629,Docker
AI13629,AWS
AI13630,TensorFlow
AI13630,Data Visualization
AI13630,AWS
AI13631,R
AI13631,Linux
AI13631,PyTorch
AI13631,Deep Learning
AI13631,Kubernetes
AI13632,PyTorch
AI13632,AWS
AI13632,NLP
AI13632,Computer Vision
AI13633,Tableau
AI13633,Data Visualization
AI13633,Hadoop
AI13633,Deep Learning
AI13633,MLOps
AI13634,Python
AI13634,TensorFlow
AI13634,Azure
AI13635,Statistics
AI13635,SQL
AI13635,Mathematics
AI13636,Scala
AI13636,Hadoop
AI13636,Deep Learning
AI13636,GCP
AI13636,Computer Vision
AI13637,Java
AI13637,AWS
AI13637,R
AI13637,Data Visualization
AI13638,Data Visualization
AI13638,Linux
AI13638,SQL
AI13638,Scala
AI13639,Python
AI13639,Azure
AI13639,Deep Learning
AI13639,Mathematics
AI13640,Python
AI13640,SQL
AI13640,Linux
AI13640,TensorFlow
AI13640,Kubernetes
AI13641,Spark
AI13641,Java
AI13641,Data Visualization
AI13641,Kubernetes
AI13641,Git
AI13642,MLOps
AI13642,PyTorch
AI13642,AWS
AI13642,Hadoop
AI13642,TensorFlow
AI13643,Hadoop
AI13643,Python
AI13643,NLP
AI13643,Docker
AI13643,Git
AI13644,Computer Vision
AI13644,Linux
AI13644,Scala
AI13644,MLOps
AI13644,Deep Learning
AI13645,Spark
AI13645,Docker
AI13645,Hadoop
AI13645,NLP
AI13645,Java
AI13646,R
AI13646,TensorFlow
AI13646,GCP
AI13646,Computer Vision
AI13646,Java
AI13647,Scala
AI13647,SQL
AI13647,MLOps
AI13647,Java
AI13648,Kubernetes
AI13648,Linux
AI13648,MLOps
AI13648,Python
AI13648,TensorFlow
AI13649,Tableau
AI13649,PyTorch
AI13649,Scala
AI13650,Spark
AI13650,Deep Learning
AI13650,Azure
AI13651,R
AI13651,Git
AI13651,Computer Vision
AI13651,SQL
AI13651,MLOps
AI13652,Python
AI13652,Spark
AI13652,Mathematics
AI13652,Java
AI13652,Statistics
AI13653,Tableau
AI13653,Mathematics
AI13653,Python
AI13653,Deep Learning
AI13654,GCP
AI13654,PyTorch
AI13654,Hadoop
AI13655,SQL
AI13655,Mathematics
AI13655,Python
AI13656,Deep Learning
AI13656,Tableau
AI13656,Linux
AI13656,SQL
AI13657,Mathematics
AI13657,Docker
AI13657,Git
AI13658,Computer Vision
AI13658,PyTorch
AI13658,GCP
AI13658,Git
AI13659,Statistics
AI13659,AWS
AI13659,Linux
AI13659,Spark
AI13660,SQL
AI13660,TensorFlow
AI13660,Linux
AI13661,Java
AI13661,Spark
AI13661,Scala
AI13661,Linux
AI13661,NLP
AI13662,Computer Vision
AI13662,Git
AI13662,TensorFlow
AI13662,MLOps
AI13663,Spark
AI13663,Hadoop
AI13663,Kubernetes
AI13664,Spark
AI13664,Python
AI13664,R
AI13665,Python
AI13665,SQL
AI13665,NLP
AI13666,Linux
AI13666,GCP
AI13666,Data Visualization
AI13667,Statistics
AI13667,Mathematics
AI13667,Kubernetes
AI13668,Java
AI13668,Kubernetes
AI13668,Linux
AI13669,Python
AI13669,SQL
AI13669,Mathematics
AI13669,R
AI13670,Docker
AI13670,Azure
AI13670,Tableau
AI13670,MLOps
AI13671,R
AI13671,Kubernetes
AI13671,MLOps
AI13671,Computer Vision
AI13671,Statistics
AI13672,AWS
AI13672,NLP
AI13672,Data Visualization
AI13672,Azure
AI13673,R
AI13673,SQL
AI13673,Computer Vision
AI13674,Mathematics
AI13674,Git
AI13674,GCP
AI13674,R
AI13674,Data Visualization
AI13675,NLP
AI13675,GCP
AI13675,Python
AI13676,Tableau
AI13676,NLP
AI13676,Kubernetes
AI13676,Java
AI13676,PyTorch
AI13677,Python
AI13677,TensorFlow
AI13677,Deep Learning
AI13677,Azure
AI13678,Azure
AI13678,AWS
AI13678,Tableau
AI13678,GCP
AI13678,Mathematics
AI13679,Kubernetes
AI13679,Docker
AI13679,Computer Vision
AI13679,NLP
AI13679,PyTorch
AI13680,Tableau
AI13680,Data Visualization
AI13680,SQL
AI13681,Azure
AI13681,Linux
AI13681,Tableau
AI13682,PyTorch
AI13682,SQL
AI13682,AWS
AI13682,Deep Learning
AI13682,Linux
AI13683,Git
AI13683,AWS
AI13683,Linux
AI13683,Kubernetes
AI13683,GCP
AI13684,TensorFlow
AI13684,SQL
AI13684,Linux
AI13684,R
AI13684,NLP
AI13685,Kubernetes
AI13685,AWS
AI13685,Linux
AI13686,Git
AI13686,Hadoop
AI13686,Data Visualization
AI13687,Python
AI13687,Deep Learning
AI13687,Hadoop
AI13687,MLOps
AI13688,SQL
AI13688,Git
AI13688,Kubernetes
AI13688,GCP
AI13688,Hadoop
AI13689,Data Visualization
AI13689,Java
AI13689,R
AI13689,Tableau
AI13690,AWS
AI13690,Hadoop
AI13690,Java
AI13690,Statistics
AI13690,Tableau
AI13691,Python
AI13691,NLP
AI13691,TensorFlow
AI13692,AWS
AI13692,MLOps
AI13692,Python
AI13692,NLP
AI13693,Deep Learning
AI13693,Python
AI13693,Linux
AI13693,NLP
AI13694,Azure
AI13694,MLOps
AI13694,Scala
AI13694,Data Visualization
AI13695,GCP
AI13695,Spark
AI13695,SQL
AI13696,SQL
AI13696,Git
AI13696,Python
AI13696,Computer Vision
AI13697,TensorFlow
AI13697,Python
AI13697,Hadoop
AI13697,GCP
AI13697,SQL
AI13698,Python
AI13698,Deep Learning
AI13698,Tableau
AI13699,Hadoop
AI13699,Python
AI13699,Java
AI13699,Mathematics
AI13700,Spark
AI13700,SQL
AI13700,PyTorch
AI13701,Python
AI13701,AWS
AI13701,Computer Vision
AI13701,TensorFlow
AI13701,Spark
AI13702,SQL
AI13702,NLP
AI13702,R
AI13702,Mathematics
AI13703,TensorFlow
AI13703,Deep Learning
AI13703,Python
AI13704,Mathematics
AI13704,Java
AI13704,Deep Learning
AI13704,SQL
AI13704,PyTorch
AI13705,Hadoop
AI13705,PyTorch
AI13705,Computer Vision
AI13705,Data Visualization
AI13706,Hadoop
AI13706,Scala
AI13706,Kubernetes
AI13707,SQL
AI13707,Spark
AI13707,Tableau
AI13707,NLP
AI13708,Linux
AI13708,Hadoop
AI13708,SQL
AI13708,Tableau
AI13709,Python
AI13709,Tableau
AI13709,SQL
AI13709,Mathematics
AI13710,Hadoop
AI13710,Python
AI13710,R
AI13710,Git
AI13710,Kubernetes
AI13711,Kubernetes
AI13711,Java
AI13711,PyTorch
AI13711,Data Visualization
AI13712,Kubernetes
AI13712,Mathematics
AI13712,Git
AI13712,Azure
AI13713,Git
AI13713,Docker
AI13713,Tableau
AI13713,R
AI13713,Deep Learning
AI13714,Python
AI13714,Statistics
AI13714,Git
AI13714,Scala
AI13715,Mathematics
AI13715,R
AI13715,Spark
AI13715,PyTorch
AI13716,Python
AI13716,AWS
AI13716,Azure
AI13716,Statistics
AI13716,Linux
AI13717,Kubernetes
AI13717,Statistics
AI13717,Data Visualization
AI13717,Scala
AI13718,Kubernetes
AI13718,Java
AI13718,Computer Vision
AI13718,R
AI13719,Hadoop
AI13719,PyTorch
AI13719,Docker
AI13720,Mathematics
AI13720,PyTorch
AI13720,Git
AI13720,Linux
AI13720,Statistics
AI13721,Git
AI13721,Computer Vision
AI13721,GCP
AI13721,NLP
AI13721,Data Visualization
AI13722,GCP
AI13722,PyTorch
AI13722,Deep Learning
AI13723,Scala
AI13723,TensorFlow
AI13723,PyTorch
AI13723,Azure
AI13723,Spark
AI13724,Python
AI13724,GCP
AI13724,Spark
AI13724,Computer Vision
AI13724,R
AI13725,Python
AI13725,TensorFlow
AI13725,Kubernetes
AI13726,Tableau
AI13726,Git
AI13726,TensorFlow
AI13727,Docker
AI13727,Data Visualization
AI13727,Kubernetes
AI13727,Scala
AI13727,GCP
AI13728,GCP
AI13728,Scala
AI13728,MLOps
AI13728,PyTorch
AI13728,Docker
AI13729,GCP
AI13729,NLP
AI13729,Azure
AI13729,Git
AI13730,Deep Learning
AI13730,Spark
AI13730,Statistics
AI13730,AWS
AI13730,Mathematics
AI13731,SQL
AI13731,PyTorch
AI13731,Tableau
AI13731,MLOps
AI13732,Git
AI13732,R
AI13732,Tableau
AI13732,MLOps
AI13733,Statistics
AI13733,Linux
AI13733,AWS
AI13733,SQL
AI13734,SQL
AI13734,Deep Learning
AI13734,Linux
AI13734,Computer Vision
AI13735,Tableau
AI13735,Java
AI13735,R
AI13735,Data Visualization
AI13736,R
AI13736,Mathematics
AI13736,Docker
AI13737,Python
AI13737,Kubernetes
AI13737,AWS
AI13738,Hadoop
AI13738,Kubernetes
AI13738,PyTorch
AI13738,GCP
AI13738,AWS
AI13739,Computer Vision
AI13739,AWS
AI13739,Kubernetes
AI13739,Data Visualization
AI13740,Python
AI13740,Computer Vision
AI13740,MLOps
AI13740,Kubernetes
AI13741,AWS
AI13741,Scala
AI13741,Data Visualization
AI13741,MLOps
AI13742,Python
AI13742,TensorFlow
AI13742,PyTorch
AI13743,Kubernetes
AI13743,Tableau
AI13743,Linux
AI13743,Statistics
AI13744,Python
AI13744,Linux
AI13744,Data Visualization
AI13744,SQL
AI13745,Scala
AI13745,Tableau
AI13745,Git
AI13745,PyTorch
AI13745,AWS
AI13746,NLP
AI13746,Azure
AI13746,Scala
AI13747,NLP
AI13747,Statistics
AI13747,Python
AI13747,Spark
AI13747,MLOps
AI13748,SQL
AI13748,Azure
AI13748,TensorFlow
AI13748,Deep Learning
AI13748,Docker
AI13749,Kubernetes
AI13749,MLOps
AI13749,PyTorch
AI13749,Spark
AI13750,Statistics
AI13750,GCP
AI13750,Scala
AI13751,PyTorch
AI13751,R
AI13751,TensorFlow
AI13751,Computer Vision
AI13752,Data Visualization
AI13752,Python
AI13752,Hadoop
AI13752,TensorFlow
AI13753,Python
AI13753,Spark
AI13753,Kubernetes
AI13753,GCP
AI13754,Docker
AI13754,PyTorch
AI13754,NLP
AI13754,Tableau
AI13755,Linux
AI13755,NLP
AI13755,Java
AI13755,Python
AI13755,Spark
AI13756,Mathematics
AI13756,Kubernetes
AI13756,SQL
AI13757,Java
AI13757,Deep Learning
AI13757,MLOps
AI13758,Java
AI13758,Python
AI13758,MLOps
AI13758,Docker
AI13759,Tableau
AI13759,AWS
AI13759,Kubernetes
AI13759,PyTorch
AI13760,Linux
AI13760,Deep Learning
AI13760,Spark
AI13760,Statistics
AI13761,Data Visualization
AI13761,Python
AI13761,Mathematics
AI13761,Computer Vision
AI13762,Scala
AI13762,Git
AI13762,Data Visualization
AI13762,Deep Learning
AI13763,Data Visualization
AI13763,TensorFlow
AI13763,SQL
AI13763,Deep Learning
AI13764,Linux
AI13764,Java
AI13764,SQL
AI13764,Hadoop
AI13765,Python
AI13765,MLOps
AI13765,NLP
AI13765,TensorFlow
AI13765,Hadoop
AI13766,MLOps
AI13766,SQL
AI13766,PyTorch
AI13766,Kubernetes
AI13766,TensorFlow
AI13767,SQL
AI13767,R
AI13767,Statistics
AI13767,Spark
AI13767,Linux
AI13768,SQL
AI13768,Kubernetes
AI13768,Spark
AI13768,AWS
AI13768,Mathematics
AI13769,Python
AI13769,Java
AI13769,Data Visualization
AI13769,TensorFlow
AI13769,Computer Vision
AI13770,GCP
AI13770,NLP
AI13770,Computer Vision
AI13770,Azure
AI13771,Java
AI13771,NLP
AI13771,Scala
AI13772,Python
AI13772,TensorFlow
AI13772,NLP
AI13772,Computer Vision
AI13773,Scala
AI13773,Java
AI13773,Spark
AI13773,Linux
AI13774,Data Visualization
AI13774,Tableau
AI13774,Python
AI13774,Mathematics
AI13775,SQL
AI13775,Kubernetes
AI13775,PyTorch
AI13776,Spark
AI13776,Python
AI13776,Kubernetes
AI13776,Docker
AI13777,Python
AI13777,Docker
AI13777,Spark
AI13777,Computer Vision
AI13777,TensorFlow
AI13778,Spark
AI13778,PyTorch
AI13778,MLOps
AI13778,Git
AI13778,Statistics
AI13779,Data Visualization
AI13779,Kubernetes
AI13779,Tableau
AI13779,Java
AI13779,AWS
AI13780,R
AI13780,GCP
AI13780,Tableau
AI13780,Linux
AI13781,PyTorch
AI13781,NLP
AI13781,Kubernetes
AI13782,GCP
AI13782,Azure
AI13782,Computer Vision
AI13782,SQL
AI13782,Spark
AI13783,AWS
AI13783,Mathematics
AI13783,Data Visualization
AI13783,Scala
AI13783,SQL
AI13784,Docker
AI13784,Git
AI13784,Python
AI13785,Docker
AI13785,Kubernetes
AI13785,Tableau
AI13785,GCP
AI13785,Deep Learning
AI13786,SQL
AI13786,Deep Learning
AI13786,Computer Vision
AI13786,R
AI13787,Computer Vision
AI13787,NLP
AI13787,PyTorch
AI13787,Linux
AI13787,Azure
AI13788,Hadoop
AI13788,AWS
AI13788,NLP
AI13788,Statistics
AI13788,TensorFlow
AI13789,MLOps
AI13789,Kubernetes
AI13789,Tableau
AI13789,Deep Learning
AI13790,PyTorch
AI13790,MLOps
AI13790,GCP
AI13790,Spark
AI13791,R
AI13791,Azure
AI13791,Tableau
AI13791,Statistics
AI13792,PyTorch
AI13792,Kubernetes
AI13792,Spark
AI13792,Deep Learning
AI13792,Mathematics
AI13793,TensorFlow
AI13793,Data Visualization
AI13793,Java
AI13793,MLOps
AI13793,Hadoop
AI13794,Deep Learning
AI13794,Azure
AI13794,Kubernetes
AI13795,AWS
AI13795,Deep Learning
AI13795,Linux
AI13795,Python
AI13796,R
AI13796,PyTorch
AI13796,GCP
AI13796,Azure
AI13797,TensorFlow
AI13797,Git
AI13797,Data Visualization
AI13797,Deep Learning
AI13797,Mathematics
AI13798,Scala
AI13798,Azure
AI13798,Mathematics
AI13798,Statistics
AI13799,SQL
AI13799,Git
AI13799,Linux
AI13800,Docker
AI13800,Kubernetes
AI13800,Azure
AI13801,MLOps
AI13801,Git
AI13801,PyTorch
AI13801,Kubernetes
AI13801,TensorFlow
AI13802,Python
AI13802,Mathematics
AI13802,PyTorch
AI13802,Computer Vision
AI13803,GCP
AI13803,Scala
AI13803,Git
AI13803,SQL
AI13804,Tableau
AI13804,PyTorch
AI13804,Linux
AI13804,NLP
AI13805,Docker
AI13805,Spark
AI13805,Computer Vision
AI13806,PyTorch
AI13806,Computer Vision
AI13806,AWS
AI13806,Git
AI13806,MLOps
AI13807,GCP
AI13807,Deep Learning
AI13807,SQL
AI13807,NLP
AI13808,Deep Learning
AI13808,R
AI13808,Linux
AI13809,Linux
AI13809,NLP
AI13809,TensorFlow
AI13809,Mathematics
AI13809,Tableau
AI13810,Git
AI13810,Linux
AI13810,Docker
AI13810,Python
AI13810,Azure
AI13811,R
AI13811,Statistics
AI13811,PyTorch
AI13811,Kubernetes
AI13811,Deep Learning
AI13812,Mathematics
AI13812,Scala
AI13812,AWS
AI13813,Kubernetes
AI13813,Git
AI13813,Linux
AI13813,GCP
AI13813,Scala
AI13814,Java
AI13814,Hadoop
AI13814,NLP
AI13814,PyTorch
AI13815,Mathematics
AI13815,Computer Vision
AI13815,SQL
AI13816,Hadoop
AI13816,AWS
AI13816,Azure
AI13817,AWS
AI13817,Linux
AI13817,Python
AI13817,TensorFlow
AI13817,Deep Learning
AI13818,MLOps
AI13818,Deep Learning
AI13818,SQL
AI13818,AWS
AI13819,Computer Vision
AI13819,Python
AI13819,TensorFlow
AI13819,Tableau
AI13820,Java
AI13820,Mathematics
AI13820,Kubernetes
AI13820,Statistics
AI13821,Python
AI13821,Deep Learning
AI13821,Computer Vision
AI13821,R
AI13822,Spark
AI13822,PyTorch
AI13822,Hadoop
AI13822,Deep Learning
AI13823,PyTorch
AI13823,Statistics
AI13823,Kubernetes
AI13824,TensorFlow
AI13824,Python
AI13824,Deep Learning
AI13824,R
AI13824,Mathematics
AI13825,Python
AI13825,TensorFlow
AI13825,Hadoop
AI13825,Deep Learning
AI13826,GCP
AI13826,TensorFlow
AI13826,MLOps
AI13827,R
AI13827,Python
AI13827,Scala
AI13827,Git
AI13828,Hadoop
AI13828,SQL
AI13828,PyTorch
AI13828,Tableau
AI13829,R
AI13829,TensorFlow
AI13829,SQL
AI13830,Linux
AI13830,NLP
AI13830,AWS
AI13831,TensorFlow
AI13831,R
AI13831,Python
AI13831,Mathematics
AI13832,Azure
AI13832,SQL
AI13832,Deep Learning
AI13832,Python
AI13832,NLP
AI13833,Git
AI13833,Docker
AI13833,Computer Vision
AI13833,Python
AI13833,TensorFlow
AI13834,GCP
AI13834,Linux
AI13834,Java
AI13834,Git
AI13835,AWS
AI13835,Python
AI13835,Scala
AI13835,Hadoop
AI13836,Computer Vision
AI13836,Python
AI13836,TensorFlow
AI13837,R
AI13837,Hadoop
AI13837,Computer Vision
AI13838,R
AI13838,SQL
AI13838,Azure
AI13838,Git
AI13838,Computer Vision
AI13839,AWS
AI13839,R
AI13839,Mathematics
AI13840,TensorFlow
AI13840,PyTorch
AI13840,SQL
AI13840,Python
AI13841,Python
AI13841,R
AI13841,TensorFlow
AI13841,Kubernetes
AI13842,Git
AI13842,Data Visualization
AI13842,Python
AI13843,Computer Vision
AI13843,Docker
AI13843,TensorFlow
AI13844,Java
AI13844,Azure
AI13844,Computer Vision
AI13844,PyTorch
AI13845,PyTorch
AI13845,MLOps
AI13845,Docker
AI13845,Scala
AI13845,Deep Learning
AI13846,R
AI13846,Kubernetes
AI13846,Tableau
AI13846,Statistics
AI13846,GCP
AI13847,PyTorch
AI13847,SQL
AI13847,MLOps
AI13847,Statistics
AI13848,Spark
AI13848,Git
AI13848,Linux
AI13848,Deep Learning
AI13848,Kubernetes
AI13849,Linux
AI13849,Deep Learning
AI13849,Kubernetes
AI13849,Data Visualization
AI13850,Scala
AI13850,Kubernetes
AI13850,Tableau
AI13850,Linux
AI13851,TensorFlow
AI13851,Python
AI13851,Mathematics
AI13851,AWS
AI13851,Java
AI13852,Deep Learning
AI13852,Git
AI13852,Tableau
AI13853,Data Visualization
AI13853,Tableau
AI13853,Scala
AI13854,Deep Learning
AI13854,Docker
AI13854,Python
AI13854,SQL
AI13855,Python
AI13855,Computer Vision
AI13855,Kubernetes
AI13856,Azure
AI13856,Java
AI13856,MLOps
AI13856,SQL
AI13856,Computer Vision
AI13857,Spark
AI13857,Hadoop
AI13857,Data Visualization
AI13858,Computer Vision
AI13858,Python
AI13858,Linux
AI13858,NLP
AI13859,Kubernetes
AI13859,R
AI13859,NLP
AI13860,Python
AI13860,AWS
AI13860,Java
AI13860,Kubernetes
AI13860,Data Visualization
AI13861,Kubernetes
AI13861,Computer Vision
AI13861,R
AI13861,PyTorch
AI13861,Azure
AI13862,Java
AI13862,Tableau
AI13862,TensorFlow
AI13862,SQL
AI13862,Linux
AI13863,Statistics
AI13863,GCP
AI13863,Spark
AI13863,MLOps
AI13863,Mathematics
AI13864,Hadoop
AI13864,Python
AI13864,TensorFlow
AI13864,Azure
AI13864,Linux
AI13865,Hadoop
AI13865,Docker
AI13865,Kubernetes
AI13866,Spark
AI13866,Linux
AI13866,R
AI13867,Python
AI13867,Azure
AI13867,Tableau
AI13867,Hadoop
AI13867,Scala
AI13868,AWS
AI13868,Azure
AI13868,TensorFlow
AI13869,Python
AI13869,Tableau
AI13869,Mathematics
AI13870,Deep Learning
AI13870,Hadoop
AI13870,Data Visualization
AI13870,Java
AI13870,Python
AI13871,Data Visualization
AI13871,GCP
AI13871,Tableau
AI13871,MLOps
AI13872,Azure
AI13872,SQL
AI13872,Docker
AI13872,Statistics
AI13872,MLOps
AI13873,Java
AI13873,Mathematics
AI13873,Spark
AI13874,TensorFlow
AI13874,PyTorch
AI13874,Data Visualization
AI13875,Data Visualization
AI13875,PyTorch
AI13875,SQL
AI13875,GCP
AI13876,SQL
AI13876,Git
AI13876,Kubernetes
AI13876,GCP
AI13877,AWS
AI13877,Scala
AI13877,NLP
AI13877,PyTorch
AI13878,Kubernetes
AI13878,Scala
AI13878,Docker
AI13878,Computer Vision
AI13879,Azure
AI13879,Deep Learning
AI13879,Git
AI13879,Java
AI13880,SQL
AI13880,Linux
AI13880,Data Visualization
AI13881,Azure
AI13881,Docker
AI13881,TensorFlow
AI13881,R
AI13882,Hadoop
AI13882,Docker
AI13882,Kubernetes
AI13883,Scala
AI13883,TensorFlow
AI13883,Tableau
AI13883,MLOps
AI13883,Azure
AI13884,Data Visualization
AI13884,Java
AI13884,Python
AI13885,Docker
AI13885,Kubernetes
AI13885,Azure
AI13885,Python
AI13885,MLOps
AI13886,Python
AI13886,Docker
AI13886,AWS
AI13886,Hadoop
AI13887,Git
AI13887,Computer Vision
AI13887,Python
AI13887,Deep Learning
AI13888,Data Visualization
AI13888,SQL
AI13888,Computer Vision
AI13889,Python
AI13889,Java
AI13889,TensorFlow
AI13890,Java
AI13890,Linux
AI13890,Git
AI13890,Data Visualization
AI13891,GCP
AI13891,Mathematics
AI13891,R
AI13892,NLP
AI13892,Data Visualization
AI13892,PyTorch
AI13892,MLOps
AI13892,TensorFlow
AI13893,SQL
AI13893,Git
AI13893,Spark
AI13893,Deep Learning
AI13894,Linux
AI13894,Git
AI13894,MLOps
AI13894,Azure
AI13894,PyTorch
AI13895,Linux
AI13895,Python
AI13895,SQL
AI13895,GCP
AI13896,Git
AI13896,Scala
AI13896,Tableau
AI13897,PyTorch
AI13897,AWS
AI13897,Data Visualization
AI13898,Hadoop
AI13898,Java
AI13898,Mathematics
AI13898,TensorFlow
AI13899,Azure
AI13899,Kubernetes
AI13899,NLP
AI13900,Git
AI13900,Python
AI13900,AWS
AI13901,Python
AI13901,NLP
AI13901,SQL
AI13902,GCP
AI13902,Git
AI13902,Mathematics
AI13902,PyTorch
AI13902,Data Visualization
AI13903,Docker
AI13903,Statistics
AI13903,Python
AI13903,Mathematics
AI13904,Spark
AI13904,Scala
AI13904,PyTorch
AI13905,Tableau
AI13905,Linux
AI13905,Azure
AI13906,SQL
AI13906,Hadoop
AI13906,Scala
AI13906,PyTorch
AI13906,Linux
AI13907,Python
AI13907,Kubernetes
AI13907,Computer Vision
AI13907,Statistics
AI13907,Git
AI13908,Computer Vision
AI13908,MLOps
AI13908,Docker
AI13908,Java
AI13909,GCP
AI13909,Computer Vision
AI13909,Scala
AI13909,Mathematics
AI13909,Data Visualization
AI13910,NLP
AI13910,TensorFlow
AI13910,Git
AI13910,Computer Vision
AI13910,Hadoop
AI13911,SQL
AI13911,Java
AI13911,Mathematics
AI13911,Deep Learning
AI13912,Statistics
AI13912,SQL
AI13912,Hadoop
AI13912,GCP
AI13912,Spark
AI13913,Mathematics
AI13913,Linux
AI13913,Kubernetes
AI13913,Computer Vision
AI13913,Deep Learning
AI13914,R
AI13914,Deep Learning
AI13914,TensorFlow
AI13915,Hadoop
AI13915,Computer Vision
AI13915,Spark
AI13915,Deep Learning
AI13916,SQL
AI13916,Git
AI13916,TensorFlow
AI13917,Scala
AI13917,Hadoop
AI13917,Java
AI13917,AWS
AI13917,R
AI13918,Deep Learning
AI13918,Kubernetes
AI13918,MLOps
AI13918,AWS
AI13919,Python
AI13919,Deep Learning
AI13919,Data Visualization
AI13919,Hadoop
AI13920,NLP
AI13920,SQL
AI13920,Git
AI13920,Scala
AI13920,Azure
AI13921,Tableau
AI13921,Linux
AI13921,AWS
AI13921,Spark
AI13922,NLP
AI13922,Python
AI13922,Mathematics
AI13922,SQL
AI13923,Python
AI13923,Deep Learning
AI13923,TensorFlow
AI13923,Linux
AI13923,AWS
AI13924,Linux
AI13924,Scala
AI13924,Tableau
AI13924,NLP
AI13925,SQL
AI13925,GCP
AI13925,Data Visualization
AI13926,Statistics
AI13926,SQL
AI13926,Computer Vision
AI13927,SQL
AI13927,Scala
AI13927,Deep Learning
AI13927,PyTorch
AI13927,Hadoop
AI13928,Hadoop
AI13928,Python
AI13928,Scala
AI13929,Data Visualization
AI13929,SQL
AI13929,Mathematics
AI13929,Hadoop
AI13929,Git
AI13930,Deep Learning
AI13930,SQL
AI13930,Python
AI13931,Kubernetes
AI13931,Data Visualization
AI13931,PyTorch
AI13931,AWS
AI13932,Deep Learning
AI13932,SQL
AI13932,MLOps
AI13933,Git
AI13933,Linux
AI13933,NLP
AI13933,Hadoop
AI13933,Computer Vision
AI13934,Statistics
AI13934,SQL
AI13934,Data Visualization
AI13935,Docker
AI13935,Computer Vision
AI13935,SQL
AI13935,Python
AI13935,GCP
AI13936,PyTorch
AI13936,AWS
AI13936,Computer Vision
AI13937,Mathematics
AI13937,Python
AI13937,PyTorch
AI13938,Computer Vision
AI13938,Tableau
AI13938,Python
AI13938,TensorFlow
AI13939,Scala
AI13939,Computer Vision
AI13939,Linux
AI13940,Mathematics
AI13940,NLP
AI13940,Scala
AI13941,MLOps
AI13941,R
AI13941,Data Visualization
AI13942,Statistics
AI13942,Computer Vision
AI13942,MLOps
AI13942,Python
AI13943,Kubernetes
AI13943,Hadoop
AI13943,AWS
AI13944,Spark
AI13944,PyTorch
AI13944,TensorFlow
AI13945,Deep Learning
AI13945,Computer Vision
AI13945,AWS
AI13946,AWS
AI13946,Hadoop
AI13946,Computer Vision
AI13946,Kubernetes
AI13947,TensorFlow
AI13947,GCP
AI13947,Data Visualization
AI13947,NLP
AI13947,Python
AI13948,TensorFlow
AI13948,GCP
AI13948,Spark
AI13949,PyTorch
AI13949,TensorFlow
AI13949,Hadoop
AI13949,Computer Vision
AI13950,Python
AI13950,NLP
AI13950,TensorFlow
AI13950,Deep Learning
AI13950,PyTorch
AI13951,Python
AI13951,TensorFlow
AI13951,Tableau
AI13951,PyTorch
AI13952,PyTorch
AI13952,SQL
AI13952,R
AI13952,Scala
AI13952,Computer Vision
AI13953,Python
AI13953,Hadoop
AI13953,Scala
AI13953,Azure
AI13953,NLP
AI13954,AWS
AI13954,SQL
AI13954,Azure
AI13954,PyTorch
AI13954,NLP
AI13955,NLP
AI13955,SQL
AI13955,R
AI13955,Kubernetes
AI13955,MLOps
AI13956,R
AI13956,Linux
AI13956,Kubernetes
AI13957,Deep Learning
AI13957,Python
AI13957,Computer Vision
AI13957,TensorFlow
AI13958,NLP
AI13958,Linux
AI13958,Spark
AI13958,Mathematics
AI13958,Git
AI13959,TensorFlow
AI13959,Python
AI13959,Java
AI13959,PyTorch
AI13959,Computer Vision
AI13960,Python
AI13960,Data Visualization
AI13960,TensorFlow
AI13961,GCP
AI13961,Azure
AI13961,AWS
AI13961,Tableau
AI13962,Python
AI13962,Tableau
AI13962,Hadoop
AI13963,Spark
AI13963,Linux
AI13963,PyTorch
AI13964,MLOps
AI13964,R
AI13964,GCP
AI13964,Deep Learning
AI13964,Hadoop
AI13965,Scala
AI13965,Deep Learning
AI13965,NLP
AI13965,SQL
AI13966,Computer Vision
AI13966,Python
AI13966,Java
AI13966,GCP
AI13967,Spark
AI13967,Kubernetes
AI13967,AWS
AI13967,R
AI13967,NLP
AI13968,Azure
AI13968,MLOps
AI13968,Spark
AI13969,SQL
AI13969,Deep Learning
AI13969,Git
AI13969,PyTorch
AI13970,Python
AI13970,Java
AI13970,Kubernetes
AI13971,Mathematics
AI13971,Kubernetes
AI13971,Statistics
AI13971,Git
AI13972,SQL
AI13972,Statistics
AI13972,TensorFlow
AI13973,Statistics
AI13973,R
AI13973,TensorFlow
AI13974,Git
AI13974,Java
AI13974,Deep Learning
AI13974,Hadoop
AI13975,Tableau
AI13975,GCP
AI13975,Statistics
AI13975,Computer Vision
AI13975,SQL
AI13976,Java
AI13976,Linux
AI13976,AWS
AI13977,PyTorch
AI13977,Linux
AI13977,Statistics
AI13977,AWS
AI13977,TensorFlow
AI13978,AWS
AI13978,Deep Learning
AI13978,Spark
AI13979,Linux
AI13979,Git
AI13979,Deep Learning
AI13979,Java
AI13979,Mathematics
AI13980,Spark
AI13980,R
AI13980,Deep Learning
AI13980,Kubernetes
AI13981,Mathematics
AI13981,Python
AI13981,NLP
AI13981,Scala
AI13981,TensorFlow
AI13982,TensorFlow
AI13982,MLOps
AI13982,Deep Learning
AI13982,Java
AI13983,Deep Learning
AI13983,TensorFlow
AI13983,Python
AI13984,PyTorch
AI13984,Computer Vision
AI13984,Scala
AI13984,Deep Learning
AI13984,Linux
AI13985,Python
AI13985,PyTorch
AI13985,Spark
AI13985,Docker
AI13986,Python
AI13986,SQL
AI13986,Java
AI13987,Tableau
AI13987,Hadoop
AI13987,Linux
AI13987,Computer Vision
AI13988,Azure
AI13988,Tableau
AI13988,Python
AI13989,SQL
AI13989,Java
AI13989,Hadoop
AI13989,Azure
AI13990,PyTorch
AI13990,MLOps
AI13990,TensorFlow
AI13990,Git
AI13991,SQL
AI13991,PyTorch
AI13991,GCP
AI13991,Data Visualization
AI13991,Spark
AI13992,Azure
AI13992,Hadoop
AI13992,Tableau
AI13993,Mathematics
AI13993,NLP
AI13993,TensorFlow
AI13993,Spark
AI13994,TensorFlow
AI13994,SQL
AI13994,AWS
AI13994,Deep Learning
AI13994,Linux
AI13995,MLOps
AI13995,AWS
AI13995,Scala
AI13995,TensorFlow
AI13995,SQL
AI13996,R
AI13996,Statistics
AI13996,Computer Vision
AI13997,PyTorch
AI13997,Git
AI13997,Spark
AI13998,Statistics
AI13998,PyTorch
AI13998,MLOps
AI13998,Tableau
AI13998,GCP
AI13999,R
AI13999,SQL
AI13999,GCP
AI14000,Kubernetes
AI14000,Hadoop
AI14000,SQL
AI14000,GCP
AI14000,Tableau
AI14001,Kubernetes
AI14001,GCP
AI14001,SQL
AI14001,Python
AI14002,PyTorch
AI14002,Linux
AI14002,Azure
AI14002,Deep Learning
AI14003,PyTorch
AI14003,Hadoop
AI14003,Kubernetes
AI14004,Spark
AI14004,Git
AI14004,R
AI14004,Hadoop
AI14005,Azure
AI14005,TensorFlow
AI14005,Python
AI14006,Tableau
AI14006,Java
AI14006,Data Visualization
AI14006,Statistics
AI14006,Deep Learning
AI14007,R
AI14007,SQL
AI14007,Statistics
AI14007,Deep Learning
AI14008,Mathematics
AI14008,PyTorch
AI14008,Hadoop
AI14008,Scala
AI14009,PyTorch
AI14009,Docker
AI14009,Spark
AI14010,R
AI14010,Scala
AI14010,Computer Vision
AI14010,Statistics
AI14011,Linux
AI14011,Scala
AI14011,Tableau
AI14012,Java
AI14012,R
AI14012,SQL
AI14012,Deep Learning
AI14013,TensorFlow
AI14013,R
AI14013,GCP
AI14014,Python
AI14014,Deep Learning
AI14014,Data Visualization
AI14015,Azure
AI14015,SQL
AI14015,Deep Learning
AI14015,MLOps
AI14015,PyTorch
AI14016,NLP
AI14016,Tableau
AI14016,Linux
AI14016,Azure
AI14017,Linux
AI14017,AWS
AI14017,Statistics
AI14017,MLOps
AI14017,SQL
AI14018,Linux
AI14018,Python
AI14018,Kubernetes
AI14018,TensorFlow
AI14018,Docker
AI14019,Azure
AI14019,Git
AI14019,R
AI14020,Linux
AI14020,Python
AI14020,Tableau
AI14020,Git
AI14020,NLP
AI14021,Kubernetes
AI14021,Scala
AI14021,AWS
AI14021,Computer Vision
AI14021,Java
AI14022,Mathematics
AI14022,Git
AI14022,Scala
AI14022,R
AI14023,R
AI14023,Kubernetes
AI14023,Data Visualization
AI14023,Java
AI14024,Statistics
AI14024,Spark
AI14024,Python
AI14024,AWS
AI14024,Computer Vision
AI14025,AWS
AI14025,SQL
AI14025,PyTorch
AI14025,Statistics
AI14026,Java
AI14026,Spark
AI14026,MLOps
AI14026,Docker
AI14026,Python
AI14027,R
AI14027,Git
AI14027,NLP
AI14028,Spark
AI14028,Python
AI14028,TensorFlow
AI14028,Data Visualization
AI14029,GCP
AI14029,Tableau
AI14029,TensorFlow
AI14029,Docker
AI14030,Docker
AI14030,Kubernetes
AI14030,GCP
AI14031,Scala
AI14031,Computer Vision
AI14031,Kubernetes
AI14031,Docker
AI14031,R
AI14032,R
AI14032,Python
AI14032,Linux
AI14033,Kubernetes
AI14033,SQL
AI14033,Data Visualization
AI14033,NLP
AI14034,SQL
AI14034,Scala
AI14034,Java
AI14034,Hadoop
AI14034,PyTorch
AI14035,PyTorch
AI14035,Kubernetes
AI14035,NLP
AI14035,Python
AI14035,Java
AI14036,Python
AI14036,Mathematics
AI14036,Tableau
AI14036,Git
AI14036,Docker
AI14037,Kubernetes
AI14037,Python
AI14037,SQL
AI14038,Scala
AI14038,Tableau
AI14038,Spark
AI14038,R
AI14039,Spark
AI14039,Data Visualization
AI14039,NLP
AI14039,Linux
AI14039,Deep Learning
AI14040,Kubernetes
AI14040,Computer Vision
AI14040,NLP
AI14040,Tableau
AI14040,SQL
AI14041,Tableau
AI14041,Spark
AI14041,Python
AI14041,Git
AI14041,Deep Learning
AI14042,Scala
AI14042,Deep Learning
AI14042,AWS
AI14042,Azure
AI14042,NLP
AI14043,TensorFlow
AI14043,Statistics
AI14043,Python
AI14043,Git
AI14043,Mathematics
AI14044,R
AI14044,Deep Learning
AI14044,MLOps
AI14044,Linux
AI14044,Azure
AI14045,SQL
AI14045,Data Visualization
AI14045,AWS
AI14045,Statistics
AI14045,MLOps
AI14046,Java
AI14046,TensorFlow
AI14046,Deep Learning
AI14047,Java
AI14047,TensorFlow
AI14047,Git
AI14047,R
AI14047,Mathematics
AI14048,Spark
AI14048,Azure
AI14048,Data Visualization
AI14048,Java
AI14049,R
AI14049,Linux
AI14049,AWS
AI14050,MLOps
AI14050,TensorFlow
AI14050,Git
AI14051,MLOps
AI14051,SQL
AI14051,Git
AI14051,Spark
AI14051,PyTorch
AI14052,Kubernetes
AI14052,Computer Vision
AI14052,R
AI14052,GCP
AI14053,NLP
AI14053,Kubernetes
AI14053,Deep Learning
AI14053,PyTorch
AI14053,AWS
AI14054,Azure
AI14054,Python
AI14054,GCP
AI14054,Git
AI14055,Spark
AI14055,R
AI14055,Tableau
AI14055,Mathematics
AI14055,Statistics
AI14056,TensorFlow
AI14056,R
AI14056,MLOps
AI14057,Statistics
AI14057,Python
AI14057,Computer Vision
AI14058,Git
AI14058,SQL
AI14058,Spark
AI14058,Python
AI14058,PyTorch
AI14059,PyTorch
AI14059,Java
AI14059,GCP
AI14059,Azure
AI14060,Scala
AI14060,Java
AI14060,Deep Learning
AI14060,Linux
AI14061,Kubernetes
AI14061,Docker
AI14061,Hadoop
AI14061,PyTorch
AI14061,Deep Learning
AI14062,Python
AI14062,Azure
AI14062,Spark
AI14062,Kubernetes
AI14063,Docker
AI14063,Kubernetes
AI14063,R
AI14064,Git
AI14064,Linux
AI14064,Data Visualization
AI14064,Hadoop
AI14065,Python
AI14065,Kubernetes
AI14065,Scala
AI14065,Java
AI14065,Git
AI14066,SQL
AI14066,PyTorch
AI14066,Kubernetes
AI14066,MLOps
AI14066,TensorFlow
AI14067,Java
AI14067,Azure
AI14067,Deep Learning
AI14067,Git
AI14067,Computer Vision
AI14068,AWS
AI14068,SQL
AI14068,R
AI14068,Linux
AI14068,MLOps
AI14069,R
AI14069,Git
AI14069,SQL
AI14069,PyTorch
AI14070,Scala
AI14070,PyTorch
AI14070,AWS
AI14070,TensorFlow
AI14071,SQL
AI14071,TensorFlow
AI14071,Tableau
AI14071,Git
AI14072,Scala
AI14072,PyTorch
AI14072,TensorFlow
AI14073,Kubernetes
AI14073,Tableau
AI14073,Azure
AI14073,TensorFlow
AI14073,Hadoop
AI14074,Scala
AI14074,Java
AI14074,Deep Learning
AI14074,Mathematics
AI14074,Hadoop
AI14075,Data Visualization
AI14075,Statistics
AI14075,GCP
AI14076,Hadoop
AI14076,Tableau
AI14076,Git
AI14076,Statistics
AI14077,Statistics
AI14077,Data Visualization
AI14077,Deep Learning
AI14078,GCP
AI14078,Deep Learning
AI14078,Scala
AI14079,Java
AI14079,GCP
AI14079,Computer Vision
AI14079,NLP
AI14079,Statistics
AI14080,SQL
AI14080,Linux
AI14080,Mathematics
AI14080,Git
AI14081,Scala
AI14081,PyTorch
AI14081,TensorFlow
AI14081,Statistics
AI14081,Mathematics
AI14082,Kubernetes
AI14082,Hadoop
AI14082,Deep Learning
AI14083,Java
AI14083,Computer Vision
AI14083,Hadoop
AI14083,Python
AI14084,SQL
AI14084,Spark
AI14084,Tableau
AI14084,MLOps
AI14085,Statistics
AI14085,NLP
AI14085,Tableau
AI14085,Computer Vision
AI14085,Mathematics
AI14086,GCP
AI14086,Docker
AI14086,Git
AI14086,Java
AI14086,Scala
AI14087,Java
AI14087,Python
AI14087,Statistics
AI14088,NLP
AI14088,Python
AI14088,Computer Vision
AI14088,Azure
AI14088,Git
AI14089,Python
AI14089,Computer Vision
AI14089,GCP
AI14089,Mathematics
AI14090,SQL
AI14090,Data Visualization
AI14090,Linux
AI14090,Hadoop
AI14090,Kubernetes
AI14091,Git
AI14091,Python
AI14091,NLP
AI14091,Java
AI14091,Hadoop
AI14092,PyTorch
AI14092,SQL
AI14092,Deep Learning
AI14092,AWS
AI14093,Hadoop
AI14093,MLOps
AI14093,NLP
AI14093,Python
AI14094,Deep Learning
AI14094,PyTorch
AI14094,Git
AI14094,Linux
AI14094,Azure
AI14095,Git
AI14095,Spark
AI14095,TensorFlow
AI14096,TensorFlow
AI14096,Java
AI14096,Mathematics
AI14096,Computer Vision
AI14096,NLP
AI14097,Azure
AI14097,Git
AI14097,Tableau
AI14097,Kubernetes
AI14098,Python
AI14098,TensorFlow
AI14098,Computer Vision
AI14098,Spark
AI14098,Linux
AI14099,AWS
AI14099,Java
AI14099,Mathematics
AI14099,Deep Learning
AI14099,R
AI14100,PyTorch
AI14100,Linux
AI14100,Azure
AI14100,AWS
AI14100,Kubernetes
AI14101,Docker
AI14101,Kubernetes
AI14101,NLP
AI14101,Scala
AI14102,Kubernetes
AI14102,NLP
AI14102,SQL
AI14102,Hadoop
AI14103,GCP
AI14103,NLP
AI14103,MLOps
AI14103,Tableau
AI14103,Linux
AI14104,Computer Vision
AI14104,Deep Learning
AI14104,Spark
AI14104,NLP
AI14105,Hadoop
AI14105,Python
AI14105,Scala
AI14105,TensorFlow
AI14105,Azure
AI14106,R
AI14106,AWS
AI14106,SQL
AI14106,Docker
AI14107,PyTorch
AI14107,TensorFlow
AI14107,Python
AI14108,Kubernetes
AI14108,AWS
AI14108,Mathematics
AI14109,Kubernetes
AI14109,GCP
AI14109,NLP
AI14109,Data Visualization
AI14109,Scala
AI14110,SQL
AI14110,Scala
AI14110,Kubernetes
AI14111,MLOps
AI14111,Python
AI14111,TensorFlow
AI14111,SQL
AI14111,Azure
AI14112,Kubernetes
AI14112,R
AI14112,PyTorch
AI14112,Git
AI14112,Linux
AI14113,Kubernetes
AI14113,R
AI14113,Git
AI14113,Mathematics
AI14113,Spark
AI14114,Linux
AI14114,Hadoop
AI14114,Scala
AI14115,R
AI14115,Java
AI14115,Spark
AI14115,Data Visualization
AI14116,Tableau
AI14116,Docker
AI14116,Statistics
AI14116,SQL
AI14116,GCP
AI14117,Scala
AI14117,Java
AI14117,Mathematics
AI14117,Tableau
AI14118,Linux
AI14118,Hadoop
AI14118,Azure
AI14119,Statistics
AI14119,Git
AI14119,Kubernetes
AI14119,MLOps
AI14119,Deep Learning
AI14120,R
AI14120,Hadoop
AI14120,Spark
AI14120,Docker
AI14121,GCP
AI14121,Azure
AI14121,Python
AI14122,Statistics
AI14122,Azure
AI14122,SQL
AI14123,Hadoop
AI14123,Kubernetes
AI14123,Tableau
AI14123,Java
AI14124,Scala
AI14124,PyTorch
AI14124,Statistics
AI14125,Linux
AI14125,NLP
AI14125,Tableau
AI14125,TensorFlow
AI14126,Mathematics
AI14126,SQL
AI14126,Tableau
AI14126,PyTorch
AI14127,Git
AI14127,Deep Learning
AI14127,NLP
AI14128,Python
AI14128,Deep Learning
AI14128,Kubernetes
AI14128,Linux
AI14128,GCP
AI14129,Python
AI14129,GCP
AI14129,Tableau
AI14129,Scala
AI14130,R
AI14130,Hadoop
AI14130,Kubernetes
AI14130,Python
AI14131,Linux
AI14131,TensorFlow
AI14131,MLOps
AI14131,GCP
AI14132,Tableau
AI14132,TensorFlow
AI14132,PyTorch
AI14132,Mathematics
AI14132,R
AI14133,PyTorch
AI14133,SQL
AI14133,Kubernetes
AI14134,R
AI14134,PyTorch
AI14134,Data Visualization
AI14134,Linux
AI14134,Deep Learning
AI14135,PyTorch
AI14135,TensorFlow
AI14135,Tableau
AI14135,NLP
AI14135,Statistics
AI14136,Docker
AI14136,Kubernetes
AI14136,MLOps
AI14136,Computer Vision
AI14136,Tableau
AI14137,Java
AI14137,SQL
AI14137,Statistics
AI14138,Scala
AI14138,SQL
AI14138,Hadoop
AI14138,MLOps
AI14138,Kubernetes
AI14139,Spark
AI14139,NLP
AI14139,Scala
AI14140,Hadoop
AI14140,Docker
AI14140,R
AI14140,Statistics
AI14140,Linux
AI14141,Computer Vision
AI14141,Statistics
AI14141,Mathematics
AI14142,Kubernetes
AI14142,TensorFlow
AI14142,GCP
AI14142,Spark
AI14142,SQL
AI14143,Kubernetes
AI14143,Hadoop
AI14143,Tableau
AI14143,NLP
AI14144,Deep Learning
AI14144,Linux
AI14144,Tableau
AI14144,PyTorch
AI14144,Java
AI14145,Git
AI14145,Hadoop
AI14145,GCP
AI14145,Java
AI14145,Data Visualization
AI14146,Deep Learning
AI14146,Azure
AI14146,Hadoop
AI14147,Hadoop
AI14147,Spark
AI14147,GCP
AI14147,Linux
AI14148,Kubernetes
AI14148,Python
AI14148,Spark
AI14148,Azure
AI14148,TensorFlow
AI14149,SQL
AI14149,Docker
AI14149,TensorFlow
AI14150,Python
AI14150,Scala
AI14150,Git
AI14151,Docker
AI14151,Kubernetes
AI14151,Data Visualization
AI14151,Spark
AI14152,Linux
AI14152,Java
AI14152,Kubernetes
AI14153,Python
AI14153,Computer Vision
AI14153,NLP
AI14154,Mathematics
AI14154,Git
AI14154,TensorFlow
AI14154,R
AI14155,Python
AI14155,SQL
AI14155,PyTorch
AI14155,R
AI14155,AWS
AI14156,Docker
AI14156,Tableau
AI14156,Python
AI14157,AWS
AI14157,Linux
AI14157,Data Visualization
AI14157,NLP
AI14157,Deep Learning
AI14158,Git
AI14158,TensorFlow
AI14158,Hadoop
AI14159,NLP
AI14159,Hadoop
AI14159,SQL
AI14160,SQL
AI14160,Azure
AI14160,Statistics
AI14160,Python
AI14161,Git
AI14161,PyTorch
AI14161,Azure
AI14161,Hadoop
AI14162,Python
AI14162,Git
AI14162,Computer Vision
AI14162,Linux
AI14162,Kubernetes
AI14163,Java
AI14163,Hadoop
AI14163,Scala
AI14163,MLOps
AI14164,Docker
AI14164,Kubernetes
AI14164,Hadoop
AI14164,Azure
AI14165,Scala
AI14165,Git
AI14165,MLOps
AI14165,Azure
AI14166,Scala
AI14166,Python
AI14166,TensorFlow
AI14166,Spark
AI14167,AWS
AI14167,Kubernetes
AI14167,SQL
AI14167,Scala
AI14167,Docker
AI14168,Python
AI14168,Computer Vision
AI14168,Scala
AI14169,Docker
AI14169,GCP
AI14169,Scala
AI14169,PyTorch
AI14169,R
AI14170,Linux
AI14170,PyTorch
AI14170,Git
AI14170,Kubernetes
AI14171,SQL
AI14171,Java
AI14171,Statistics
AI14171,Linux
AI14171,GCP
AI14172,Kubernetes
AI14172,Data Visualization
AI14172,Hadoop
AI14172,PyTorch
AI14172,Deep Learning
AI14173,Deep Learning
AI14173,SQL
AI14173,Tableau
AI14173,Statistics
AI14173,Java
AI14174,R
AI14174,Hadoop
AI14174,GCP
AI14174,Deep Learning
AI14175,Python
AI14175,Azure
AI14175,MLOps
AI14175,Hadoop
AI14176,Spark
AI14176,Docker
AI14176,Statistics
AI14176,Deep Learning
AI14177,Java
AI14177,Tableau
AI14177,SQL
AI14178,Java
AI14178,PyTorch
AI14178,Hadoop
AI14179,Git
AI14179,Deep Learning
AI14179,Data Visualization
AI14179,Azure
AI14179,Java
AI14180,Java
AI14180,Linux
AI14180,NLP
AI14180,Kubernetes
AI14181,Python
AI14181,Azure
AI14181,Git
AI14181,Computer Vision
AI14182,Python
AI14182,Hadoop
AI14182,Statistics
AI14182,Mathematics
AI14183,Java
AI14183,Linux
AI14183,Deep Learning
AI14183,Data Visualization
AI14184,Statistics
AI14184,Python
AI14184,MLOps
AI14185,TensorFlow
AI14185,Git
AI14185,GCP
AI14186,Git
AI14186,Computer Vision
AI14186,Python
AI14187,Docker
AI14187,R
AI14187,Kubernetes
AI14188,Statistics
AI14188,Docker
AI14188,Computer Vision
AI14189,Spark
AI14189,AWS
AI14189,Scala
AI14190,GCP
AI14190,Statistics
AI14190,NLP
AI14191,Scala
AI14191,Kubernetes
AI14191,Java
AI14192,TensorFlow
AI14192,Deep Learning
AI14192,Azure
AI14192,Git
AI14192,AWS
AI14193,Kubernetes
AI14193,Scala
AI14193,Linux
AI14193,R
AI14193,Azure
AI14194,Git
AI14194,Scala
AI14194,SQL
AI14195,Mathematics
AI14195,SQL
AI14195,Python
AI14195,Deep Learning
AI14196,Spark
AI14196,Kubernetes
AI14196,Linux
AI14197,Java
AI14197,Statistics
AI14197,R
AI14197,Tableau
AI14197,Computer Vision
AI14198,Java
AI14198,Docker
AI14198,Git
AI14199,AWS
AI14199,Azure
AI14199,Git
AI14200,Data Visualization
AI14200,Linux
AI14200,Git
AI14201,Spark
AI14201,GCP
AI14201,Data Visualization
AI14201,Azure
AI14202,TensorFlow
AI14202,NLP
AI14202,Mathematics
AI14202,Tableau
AI14203,NLP
AI14203,Hadoop
AI14203,Tableau
AI14204,Hadoop
AI14204,Python
AI14204,R
AI14204,NLP
AI14204,TensorFlow
AI14205,Git
AI14205,Python
AI14205,Computer Vision
AI14205,Mathematics
AI14205,TensorFlow
AI14206,Linux
AI14206,Statistics
AI14206,MLOps
AI14206,Java
AI14206,NLP
AI14207,Tableau
AI14207,Kubernetes
AI14207,Git
AI14207,Linux
AI14207,Scala
AI14208,TensorFlow
AI14208,Python
AI14208,AWS
AI14208,Deep Learning
AI14209,GCP
AI14209,Git
AI14209,Tableau
AI14209,SQL
AI14210,TensorFlow
AI14210,Mathematics
AI14210,Data Visualization
AI14210,NLP
AI14210,Python
AI14211,NLP
AI14211,TensorFlow
AI14211,MLOps
AI14211,GCP
AI14212,PyTorch
AI14212,Linux
AI14212,TensorFlow
AI14212,Java
AI14212,Azure
AI14213,Statistics
AI14213,Python
AI14213,Git
AI14213,TensorFlow
AI14214,Data Visualization
AI14214,Deep Learning
AI14214,Linux
AI14215,Linux
AI14215,SQL
AI14215,AWS
AI14215,Deep Learning
AI14215,PyTorch
AI14216,NLP
AI14216,Scala
AI14216,SQL
AI14216,PyTorch
AI14216,Java
AI14217,Python
AI14217,Statistics
AI14217,NLP
AI14217,Hadoop
AI14217,R
AI14218,TensorFlow
AI14218,Computer Vision
AI14218,Linux
AI14218,GCP
AI14219,Mathematics
AI14219,Kubernetes
AI14219,SQL
AI14219,PyTorch
AI14220,Scala
AI14220,Docker
AI14220,Python
AI14220,GCP
AI14221,PyTorch
AI14221,Tableau
AI14221,Java
AI14222,Python
AI14222,Azure
AI14222,GCP
AI14223,Python
AI14223,Kubernetes
AI14223,Data Visualization
AI14223,Statistics
AI14224,TensorFlow
AI14224,Python
AI14224,Deep Learning
AI14224,GCP
AI14225,TensorFlow
AI14225,Hadoop
AI14225,SQL
AI14225,AWS
AI14225,Spark
AI14226,Java
AI14226,Scala
AI14226,Linux
AI14226,Data Visualization
AI14226,GCP
AI14227,MLOps
AI14227,R
AI14227,Git
AI14228,Tableau
AI14228,Spark
AI14228,Statistics
AI14229,Statistics
AI14229,NLP
AI14229,Python
AI14229,TensorFlow
AI14229,Git
AI14230,Spark
AI14230,Kubernetes
AI14230,Scala
AI14230,Linux
AI14231,MLOps
AI14231,Python
AI14231,Mathematics
AI14232,PyTorch
AI14232,TensorFlow
AI14232,GCP
AI14233,Spark
AI14233,Mathematics
AI14233,Java
AI14233,Scala
AI14233,SQL
AI14234,Docker
AI14234,Hadoop
AI14234,Data Visualization
AI14234,Kubernetes
AI14234,Scala
AI14235,Deep Learning
AI14235,Java
AI14235,SQL
AI14236,TensorFlow
AI14236,Docker
AI14236,Scala
AI14236,Git
AI14237,Scala
AI14237,Java
AI14237,Data Visualization
AI14237,Computer Vision
AI14238,Spark
AI14238,GCP
AI14238,Docker
AI14238,TensorFlow
AI14239,Python
AI14239,Computer Vision
AI14239,GCP
AI14240,Python
AI14240,Mathematics
AI14240,MLOps
AI14240,Tableau
AI14241,Tableau
AI14241,SQL
AI14241,Linux
AI14242,R
AI14242,Hadoop
AI14242,Data Visualization
AI14243,Kubernetes
AI14243,Computer Vision
AI14243,Python
AI14243,Azure
AI14243,TensorFlow
AI14244,TensorFlow
AI14244,GCP
AI14244,Python
AI14244,Data Visualization
AI14245,Java
AI14245,TensorFlow
AI14245,Linux
AI14245,Azure
AI14246,R
AI14246,Statistics
AI14246,SQL
AI14247,MLOps
AI14247,Scala
AI14247,Statistics
AI14247,Spark
AI14247,Tableau
AI14248,Spark
AI14248,Kubernetes
AI14248,NLP
AI14248,SQL
AI14249,SQL
AI14249,Python
AI14249,Git
AI14249,Computer Vision
AI14250,Python
AI14250,Linux
AI14250,TensorFlow
AI14251,Python
AI14251,R
AI14251,NLP
AI14251,Mathematics
AI14251,Azure
AI14252,PyTorch
AI14252,Data Visualization
AI14252,Tableau
AI14253,R
AI14253,Computer Vision
AI14253,Java
AI14254,Tableau
AI14254,SQL
AI14254,Scala
AI14254,Hadoop
AI14254,Docker
AI14255,Statistics
AI14255,Data Visualization
AI14255,R
AI14255,Git
AI14255,PyTorch
AI14256,SQL
AI14256,NLP
AI14256,Deep Learning
AI14257,TensorFlow
AI14257,Git
AI14257,Data Visualization
AI14257,Mathematics
AI14258,Python
AI14258,Kubernetes
AI14258,Hadoop
AI14258,Deep Learning
AI14259,Hadoop
AI14259,Java
AI14259,NLP
AI14260,TensorFlow
AI14260,Scala
AI14260,Azure
AI14260,Python
AI14261,Kubernetes
AI14261,TensorFlow
AI14261,Azure
AI14261,Computer Vision
AI14262,Tableau
AI14262,PyTorch
AI14262,Mathematics
AI14262,Azure
AI14262,TensorFlow
AI14263,Python
AI14263,TensorFlow
AI14263,MLOps
AI14263,Hadoop
AI14264,R
AI14264,SQL
AI14264,MLOps
AI14264,PyTorch
AI14264,Computer Vision
AI14265,SQL
AI14265,Git
AI14265,PyTorch
AI14265,Computer Vision
AI14266,Scala
AI14266,Spark
AI14266,Statistics
AI14266,Hadoop
AI14266,AWS
AI14267,Python
AI14267,Java
AI14267,Hadoop
AI14267,Deep Learning
AI14267,Linux
AI14268,SQL
AI14268,PyTorch
AI14268,Java
AI14269,Python
AI14269,Java
AI14269,GCP
AI14269,Deep Learning
AI14269,Kubernetes
AI14270,Kubernetes
AI14270,MLOps
AI14270,Statistics
AI14270,AWS
AI14270,Spark
AI14271,Java
AI14271,R
AI14271,Statistics
AI14272,GCP
AI14272,Scala
AI14272,MLOps
AI14272,Hadoop
AI14272,Spark
AI14273,R
AI14273,Git
AI14273,AWS
AI14274,Linux
AI14274,Scala
AI14274,Statistics
AI14275,Tableau
AI14275,R
AI14275,Computer Vision
AI14276,Hadoop
AI14276,Data Visualization
AI14276,Mathematics
AI14276,Deep Learning
AI14277,SQL
AI14277,MLOps
AI14277,Azure
AI14277,Deep Learning
AI14278,SQL
AI14278,Azure
AI14278,Statistics
AI14278,Linux
AI14278,Kubernetes
AI14279,Hadoop
AI14279,TensorFlow
AI14279,Java
AI14279,Git
AI14280,Tableau
AI14280,Spark
AI14280,Computer Vision
AI14281,GCP
AI14281,Python
AI14281,TensorFlow
AI14281,Kubernetes
AI14281,Computer Vision
AI14282,Scala
AI14282,SQL
AI14282,PyTorch
AI14282,Deep Learning
AI14283,Statistics
AI14283,Python
AI14283,Spark
AI14283,NLP
AI14283,MLOps
AI14284,MLOps
AI14284,NLP
AI14284,AWS
AI14285,TensorFlow
AI14285,PyTorch
AI14285,Mathematics
AI14286,Linux
AI14286,R
AI14286,Kubernetes
AI14286,Data Visualization
AI14286,PyTorch
AI14287,Linux
AI14287,Java
AI14287,Deep Learning
AI14287,PyTorch
AI14287,Docker
AI14288,Spark
AI14288,Python
AI14288,SQL
AI14289,Scala
AI14289,Statistics
AI14289,Python
AI14289,PyTorch
AI14289,Linux
AI14290,Git
AI14290,SQL
AI14290,GCP
AI14290,Computer Vision
AI14290,Statistics
AI14291,Statistics
AI14291,Kubernetes
AI14291,Spark
AI14291,PyTorch
AI14291,SQL
AI14292,Scala
AI14292,SQL
AI14292,PyTorch
AI14292,Spark
AI14292,Linux
AI14293,Azure
AI14293,NLP
AI14293,Git
AI14293,Linux
AI14294,Git
AI14294,SQL
AI14294,PyTorch
AI14294,Java
AI14295,Hadoop
AI14295,Data Visualization
AI14295,Python
AI14295,Java
AI14295,Docker
AI14296,Python
AI14296,Kubernetes
AI14296,TensorFlow
AI14296,PyTorch
AI14296,Docker
AI14297,SQL
AI14297,Hadoop
AI14297,MLOps
AI14297,Spark
AI14297,Tableau
AI14298,SQL
AI14298,Linux
AI14298,Kubernetes
AI14298,GCP
AI14299,Tableau
AI14299,TensorFlow
AI14299,Scala
AI14299,Docker
AI14300,Java
AI14300,Azure
AI14300,SQL
AI14300,AWS
AI14300,Deep Learning
AI14301,Data Visualization
AI14301,Scala
AI14301,Tableau
AI14301,Mathematics
AI14301,Hadoop
AI14302,Tableau
AI14302,Hadoop
AI14302,Scala
AI14303,AWS
AI14303,Docker
AI14303,Statistics
AI14303,GCP
AI14304,Data Visualization
AI14304,SQL
AI14304,GCP
AI14304,MLOps
AI14304,Tableau
AI14305,Statistics
AI14305,Python
AI14305,TensorFlow
AI14305,Tableau
AI14305,Data Visualization
AI14306,Python
AI14306,GCP
AI14306,Mathematics
AI14306,AWS
AI14307,Git
AI14307,Docker
AI14307,Linux
AI14307,GCP
AI14308,Deep Learning
AI14308,Data Visualization
AI14308,Linux
AI14309,Spark
AI14309,SQL
AI14309,Scala
AI14310,Git
AI14310,Python
AI14310,Java
AI14311,Java
AI14311,Scala
AI14311,Data Visualization
AI14312,Python
AI14312,MLOps
AI14312,TensorFlow
AI14312,NLP
AI14312,Java
AI14313,Mathematics
AI14313,Git
AI14313,Python
AI14314,SQL
AI14314,GCP
AI14314,Data Visualization
AI14314,NLP
AI14314,Kubernetes
AI14315,R
AI14315,Computer Vision
AI14315,Kubernetes
AI14316,Spark
AI14316,AWS
AI14316,MLOps
AI14316,Data Visualization
AI14316,Statistics
AI14317,Tableau
AI14317,R
AI14317,SQL
AI14317,Java
AI14318,PyTorch
AI14318,Azure
AI14318,Git
AI14318,GCP
AI14319,Computer Vision
AI14319,Tableau
AI14319,Data Visualization
AI14320,Deep Learning
AI14320,R
AI14320,Kubernetes
AI14321,Java
AI14321,Tableau
AI14321,Hadoop
AI14322,R
AI14322,Computer Vision
AI14322,Azure
AI14323,Python
AI14323,Java
AI14323,Deep Learning
AI14323,Scala
AI14324,Kubernetes
AI14324,Scala
AI14324,Docker
AI14324,Spark
AI14324,Java
AI14325,Computer Vision
AI14325,Linux
AI14325,NLP
AI14325,Scala
AI14325,GCP
AI14326,Linux
AI14326,Scala
AI14326,Python
AI14326,Statistics
AI14327,Spark
AI14327,Scala
AI14327,Git
AI14328,Java
AI14328,Computer Vision
AI14328,Hadoop
AI14328,Deep Learning
AI14328,Statistics
AI14329,R
AI14329,Statistics
AI14329,PyTorch
AI14329,Deep Learning
AI14330,Linux
AI14330,MLOps
AI14330,Tableau
AI14330,Docker
AI14330,Computer Vision
AI14331,Java
AI14331,Deep Learning
AI14331,Kubernetes
AI14331,TensorFlow
AI14331,Mathematics
AI14332,Data Visualization
AI14332,Python
AI14332,Hadoop
AI14332,TensorFlow
AI14333,Statistics
AI14333,Docker
AI14333,Computer Vision
AI14333,Git
AI14333,Kubernetes
AI14334,TensorFlow
AI14334,R
AI14334,Computer Vision
AI14334,Java
AI14334,Data Visualization
AI14335,AWS
AI14335,Docker
AI14335,GCP
AI14335,PyTorch
AI14335,Tableau
AI14336,PyTorch
AI14336,Data Visualization
AI14336,SQL
AI14337,NLP
AI14337,GCP
AI14337,Linux
AI14338,SQL
AI14338,Java
AI14338,Hadoop
AI14338,NLP
AI14339,Git
AI14339,Docker
AI14339,Hadoop
AI14339,Kubernetes
AI14339,GCP
AI14340,Scala
AI14340,Tableau
AI14340,Git
AI14341,Linux
AI14341,R
AI14341,Data Visualization
AI14342,Spark
AI14342,Git
AI14342,Scala
AI14343,Spark
AI14343,Scala
AI14343,Hadoop
AI14343,Git
AI14344,Java
AI14344,MLOps
AI14344,GCP
AI14344,R
AI14345,Kubernetes
AI14345,Hadoop
AI14345,Computer Vision
AI14345,GCP
AI14345,Git
AI14346,MLOps
AI14346,R
AI14346,Python
AI14346,Tableau
AI14346,Deep Learning
AI14347,Kubernetes
AI14347,Python
AI14347,MLOps
AI14347,TensorFlow
AI14347,R
AI14348,Python
AI14348,Scala
AI14348,NLP
AI14349,Hadoop
AI14349,Kubernetes
AI14349,Git
AI14350,Git
AI14350,Java
AI14350,PyTorch
AI14350,Kubernetes
AI14350,Tableau
AI14351,Scala
AI14351,Linux
AI14351,MLOps
AI14351,Tableau
AI14352,Java
AI14352,Tableau
AI14352,Docker
AI14352,Data Visualization
AI14353,Git
AI14353,Statistics
AI14353,Python
AI14353,SQL
AI14353,Computer Vision
AI14354,Scala
AI14354,Linux
AI14354,SQL
AI14355,Data Visualization
AI14355,Tableau
AI14355,NLP
AI14355,SQL
AI14356,Data Visualization
AI14356,Git
AI14356,Java
AI14357,Linux
AI14357,GCP
AI14357,Docker
AI14358,R
AI14358,Kubernetes
AI14358,NLP
AI14358,GCP
AI14358,SQL
AI14359,Git
AI14359,Computer Vision
AI14359,GCP
AI14359,Java
AI14360,Statistics
AI14360,PyTorch
AI14360,MLOps
AI14361,TensorFlow
AI14361,Git
AI14361,Java
AI14361,PyTorch
AI14361,Deep Learning
AI14362,Hadoop
AI14362,Docker
AI14362,R
AI14363,TensorFlow
AI14363,Git
AI14363,Spark
AI14363,Linux
AI14363,Computer Vision
AI14364,Scala
AI14364,Spark
AI14364,Python
AI14364,Azure
AI14364,GCP
AI14365,Scala
AI14365,TensorFlow
AI14365,Tableau
AI14365,Data Visualization
AI14366,Spark
AI14366,Python
AI14366,Data Visualization
AI14367,Spark
AI14367,Python
AI14367,Docker
AI14367,Git
AI14367,Hadoop
AI14368,TensorFlow
AI14368,Python
AI14368,R
AI14368,Git
AI14368,Mathematics
AI14369,Statistics
AI14369,GCP
AI14369,Deep Learning
AI14369,SQL
AI14369,NLP
AI14370,Tableau
AI14370,Hadoop
AI14370,Java
AI14370,R
AI14371,AWS
AI14371,Statistics
AI14371,Computer Vision
AI14371,Deep Learning
AI14371,PyTorch
AI14372,Python
AI14372,Java
AI14372,Mathematics
AI14373,Computer Vision
AI14373,TensorFlow
AI14373,Azure
AI14374,SQL
AI14374,Docker
AI14374,NLP
AI14374,Spark
AI14374,PyTorch
AI14375,GCP
AI14375,Python
AI14375,Mathematics
AI14375,AWS
AI14376,MLOps
AI14376,Azure
AI14376,Java
AI14376,Spark
AI14377,Python
AI14377,NLP
AI14377,Tableau
AI14378,Git
AI14378,Tableau
AI14378,Data Visualization
AI14378,SQL
AI14379,SQL
AI14379,Linux
AI14379,Java
AI14380,Mathematics
AI14380,SQL
AI14380,PyTorch
AI14381,Kubernetes
AI14381,SQL
AI14381,Data Visualization
AI14381,Hadoop
AI14381,MLOps
AI14382,Computer Vision
AI14382,Data Visualization
AI14382,Spark
AI14382,Scala
AI14383,Computer Vision
AI14383,Java
AI14383,Spark
AI14383,PyTorch
AI14383,Mathematics
AI14384,Mathematics
AI14384,NLP
AI14384,Python
AI14384,Hadoop
AI14384,Scala
AI14385,Scala
AI14385,Java
AI14385,NLP
AI14386,GCP
AI14386,Docker
AI14386,Deep Learning
AI14386,Python
AI14386,AWS
AI14387,Computer Vision
AI14387,SQL
AI14387,Kubernetes
AI14387,PyTorch
AI14387,Spark
AI14388,Python
AI14388,TensorFlow
AI14388,Docker
AI14388,PyTorch
AI14389,Kubernetes
AI14389,SQL
AI14389,NLP
AI14389,Tableau
AI14389,Computer Vision
AI14390,Docker
AI14390,GCP
AI14390,Java
AI14390,Tableau
AI14391,Kubernetes
AI14391,MLOps
AI14391,TensorFlow
AI14391,Azure
AI14391,Python
AI14392,Linux
AI14392,Deep Learning
AI14392,Kubernetes
AI14392,PyTorch
AI14392,Azure
AI14393,Python
AI14393,R
AI14393,AWS
AI14393,Mathematics
AI14393,Hadoop
AI14394,AWS
AI14394,TensorFlow
AI14394,Statistics
AI14395,GCP
AI14395,Data Visualization
AI14395,AWS
AI14396,Data Visualization
AI14396,Linux
AI14396,Computer Vision
AI14397,GCP
AI14397,Git
AI14397,Docker
AI14398,Data Visualization
AI14398,SQL
AI14398,AWS
AI14398,Kubernetes
AI14398,MLOps
AI14399,Deep Learning
AI14399,PyTorch
AI14399,Mathematics
AI14399,Data Visualization
AI14400,Git
AI14400,Linux
AI14400,Python
AI14401,Statistics
AI14401,R
AI14401,SQL
AI14402,Docker
AI14402,Scala
AI14402,Computer Vision
AI14402,Python
AI14402,SQL
AI14403,SQL
AI14403,GCP
AI14403,Data Visualization
AI14403,Hadoop
AI14404,Python
AI14404,Kubernetes
AI14404,Docker
AI14405,Java
AI14405,Computer Vision
AI14405,GCP
AI14406,Git
AI14406,GCP
AI14406,Python
AI14407,Hadoop
AI14407,NLP
AI14407,Linux
AI14407,Java
AI14408,PyTorch
AI14408,Mathematics
AI14408,Tableau
AI14408,R
AI14409,Tableau
AI14409,PyTorch
AI14409,TensorFlow
AI14410,Kubernetes
AI14410,AWS
AI14410,SQL
AI14411,AWS
AI14411,Scala
AI14411,Python
AI14412,GCP
AI14412,Azure
AI14412,Data Visualization
AI14412,MLOps
AI14413,Linux
AI14413,R
AI14413,Azure
AI14413,Scala
AI14414,Azure
AI14414,SQL
AI14414,Linux
AI14414,Scala
AI14414,Java
AI14415,AWS
AI14415,Tableau
AI14415,Computer Vision
AI14415,Git
AI14415,Python
AI14416,Scala
AI14416,Linux
AI14416,Spark
AI14416,Git
AI14416,Java
AI14417,Linux
AI14417,Java
AI14417,Data Visualization
AI14418,Git
AI14418,TensorFlow
AI14418,Tableau
AI14419,Statistics
AI14419,Git
AI14419,Linux
AI14420,Python
AI14420,TensorFlow
AI14420,Linux
AI14420,Tableau
AI14420,GCP
AI14421,Python
AI14421,TensorFlow
AI14421,Data Visualization
AI14422,Python
AI14422,Deep Learning
AI14422,Computer Vision
AI14422,Hadoop
AI14422,Java
AI14423,Linux
AI14423,NLP
AI14423,Kubernetes
AI14423,Python
AI14423,Docker
AI14424,PyTorch
AI14424,Azure
AI14424,GCP
AI14425,Statistics
AI14425,Python
AI14425,MLOps
AI14425,Java
AI14426,AWS
AI14426,Docker
AI14426,Python
AI14426,Azure
AI14427,Hadoop
AI14427,Python
AI14427,Computer Vision
AI14427,TensorFlow
AI14427,Linux
AI14428,Scala
AI14428,Data Visualization
AI14428,Git
AI14428,Statistics
AI14429,Hadoop
AI14429,Python
AI14429,Mathematics
AI14430,Tableau
AI14430,GCP
AI14430,SQL
AI14430,MLOps
AI14431,Java
AI14431,NLP
AI14431,Kubernetes
AI14432,MLOps
AI14432,Deep Learning
AI14432,Tableau
AI14432,Kubernetes
AI14433,Tableau
AI14433,Python
AI14433,GCP
AI14434,MLOps
AI14434,TensorFlow
AI14434,NLP
AI14434,Computer Vision
AI14434,Python
AI14435,Linux
AI14435,R
AI14435,Python
AI14436,Python
AI14436,GCP
AI14436,PyTorch
AI14436,TensorFlow
AI14437,Scala
AI14437,Java
AI14437,Hadoop
AI14437,Docker
AI14437,Statistics
AI14438,AWS
AI14438,R
AI14438,Deep Learning
AI14438,Spark
AI14438,Statistics
AI14439,TensorFlow
AI14439,Scala
AI14439,Hadoop
AI14440,Hadoop
AI14440,TensorFlow
AI14440,Kubernetes
AI14440,Deep Learning
AI14440,Scala
AI14441,Docker
AI14441,Deep Learning
AI14441,Data Visualization
AI14441,AWS
AI14442,Azure
AI14442,AWS
AI14442,Git
AI14443,R
AI14443,SQL
AI14443,Statistics
AI14443,Azure
AI14444,GCP
AI14444,Azure
AI14444,SQL
AI14444,Kubernetes
AI14445,Python
AI14445,GCP
AI14445,TensorFlow
AI14445,Mathematics
AI14445,Docker
AI14446,MLOps
AI14446,Python
AI14446,Scala
AI14447,Scala
AI14447,Java
AI14447,Computer Vision
AI14447,Tableau
AI14447,Mathematics
AI14448,NLP
AI14448,SQL
AI14448,Hadoop
AI14448,Statistics
AI14448,Computer Vision
AI14449,Data Visualization
AI14449,Docker
AI14449,Linux
AI14450,Hadoop
AI14450,Computer Vision
AI14450,Spark
AI14451,Python
AI14451,Scala
AI14451,Spark
AI14452,Hadoop
AI14452,Kubernetes
AI14452,Linux
AI14452,Mathematics
AI14453,Python
AI14453,NLP
AI14453,Docker
AI14453,TensorFlow
AI14453,Azure
AI14454,Statistics
AI14454,Python
AI14454,Data Visualization
AI14455,Azure
AI14455,Python
AI14455,MLOps
AI14455,Git
AI14455,Deep Learning
AI14456,Tableau
AI14456,Hadoop
AI14456,PyTorch
AI14457,Data Visualization
AI14457,Kubernetes
AI14457,Deep Learning
AI14457,NLP
AI14457,Tableau
AI14458,Mathematics
AI14458,Python
AI14458,TensorFlow
AI14458,Statistics
AI14458,Scala
AI14459,Deep Learning
AI14459,Kubernetes
AI14459,Computer Vision
AI14459,Tableau
AI14459,PyTorch
AI14460,TensorFlow
AI14460,Scala
AI14460,Kubernetes
AI14460,Spark
AI14460,AWS
AI14461,Docker
AI14461,NLP
AI14461,Git
AI14462,Java
AI14462,Data Visualization
AI14462,GCP
AI14462,Git
AI14462,SQL
AI14463,Linux
AI14463,MLOps
AI14463,Hadoop
AI14464,Docker
AI14464,Kubernetes
AI14464,Git
AI14464,Linux
AI14464,PyTorch
AI14465,NLP
AI14465,Hadoop
AI14465,MLOps
AI14465,Statistics
AI14466,Git
AI14466,Data Visualization
AI14466,Deep Learning
AI14466,Kubernetes
AI14466,NLP
AI14467,TensorFlow
AI14467,SQL
AI14467,Git
AI14467,Scala
AI14467,R
AI14468,Scala
AI14468,Java
AI14468,Mathematics
AI14468,Azure
AI14468,Linux
AI14469,NLP
AI14469,Python
AI14469,Hadoop
AI14469,TensorFlow
AI14469,Mathematics
AI14470,R
AI14470,Scala
AI14470,Azure
AI14470,SQL
AI14471,SQL
AI14471,Docker
AI14471,Tableau
AI14471,GCP
AI14471,Hadoop
AI14472,Kubernetes
AI14472,Data Visualization
AI14472,Spark
AI14473,Tableau
AI14473,Linux
AI14473,Python
AI14474,TensorFlow
AI14474,Data Visualization
AI14474,PyTorch
AI14475,AWS
AI14475,R
AI14475,MLOps
AI14476,Java
AI14476,Kubernetes
AI14476,Linux
AI14476,GCP
AI14476,Statistics
AI14477,NLP
AI14477,Scala
AI14477,MLOps
AI14478,R
AI14478,SQL
AI14478,Mathematics
AI14478,AWS
AI14478,Computer Vision
AI14479,R
AI14479,Python
AI14479,AWS
AI14479,TensorFlow
AI14480,Scala
AI14480,GCP
AI14480,Deep Learning
AI14481,SQL
AI14481,Docker
AI14481,Azure
AI14481,AWS
AI14482,Linux
AI14482,SQL
AI14482,Deep Learning
AI14482,Git
AI14483,Python
AI14483,Azure
AI14483,Hadoop
AI14484,GCP
AI14484,NLP
AI14484,Kubernetes
AI14484,Linux
AI14484,PyTorch
AI14485,Kubernetes
AI14485,Azure
AI14485,SQL
AI14485,AWS
AI14485,PyTorch
AI14486,Java
AI14486,R
AI14486,Data Visualization
AI14486,Kubernetes
AI14486,Linux
AI14487,TensorFlow
AI14487,GCP
AI14487,Linux
AI14488,Data Visualization
AI14488,Azure
AI14488,MLOps
AI14488,AWS
AI14488,GCP
AI14489,Git
AI14489,PyTorch
AI14489,Data Visualization
AI14489,Deep Learning
AI14489,TensorFlow
AI14490,TensorFlow
AI14490,Computer Vision
AI14490,AWS
AI14490,Python
AI14491,SQL
AI14491,Hadoop
AI14491,Computer Vision
AI14492,Spark
AI14492,SQL
AI14492,Java
AI14492,PyTorch
AI14493,Hadoop
AI14493,NLP
AI14493,Data Visualization
AI14493,Python
AI14494,Scala
AI14494,Azure
AI14494,Statistics
AI14494,Java
AI14495,Docker
AI14495,Kubernetes
AI14495,Scala
AI14495,Java
AI14495,AWS
AI14496,Scala
AI14496,NLP
AI14496,Java
AI14497,TensorFlow
AI14497,Tableau
AI14497,SQL
AI14497,Hadoop
AI14498,Linux
AI14498,R
AI14498,NLP
AI14499,Git
AI14499,Scala
AI14499,Tableau
AI14500,AWS
AI14500,Docker
AI14500,R
AI14500,Tableau
AI14500,SQL
AI14501,Python
AI14501,Git
AI14501,TensorFlow
AI14501,PyTorch
AI14501,Computer Vision
AI14502,SQL
AI14502,Tableau
AI14502,Hadoop
AI14502,MLOps
AI14503,Hadoop
AI14503,SQL
AI14503,R
AI14504,Java
AI14504,R
AI14504,AWS
AI14505,SQL
AI14505,Computer Vision
AI14505,GCP
AI14506,AWS
AI14506,TensorFlow
AI14506,SQL
AI14506,R
AI14507,Linux
AI14507,Hadoop
AI14507,Mathematics
AI14507,Kubernetes
AI14508,PyTorch
AI14508,Kubernetes
AI14508,Deep Learning
AI14509,Scala
AI14509,Statistics
AI14509,Python
AI14509,Kubernetes
AI14510,Spark
AI14510,Scala
AI14510,Linux
AI14510,Mathematics
AI14511,Computer Vision
AI14511,SQL
AI14511,Spark
AI14512,Statistics
AI14512,TensorFlow
AI14512,Python
AI14512,Docker
AI14512,Scala
AI14513,Kubernetes
AI14513,PyTorch
AI14513,Mathematics
AI14513,Statistics
AI14513,R
AI14514,Mathematics
AI14514,PyTorch
AI14514,Tableau
AI14514,Scala
AI14514,Git
AI14515,Tableau
AI14515,SQL
AI14515,Deep Learning
AI14515,PyTorch
AI14516,MLOps
AI14516,Git
AI14516,Tableau
AI14517,Docker
AI14517,PyTorch
AI14517,GCP
AI14517,Deep Learning
AI14518,Deep Learning
AI14518,Hadoop
AI14518,Linux
AI14519,AWS
AI14519,R
AI14519,Computer Vision
AI14520,Python
AI14520,Git
AI14520,Statistics
AI14520,Java
AI14520,MLOps
AI14521,PyTorch
AI14521,AWS
AI14521,Python
AI14521,Spark
AI14521,Data Visualization
AI14522,Java
AI14522,Spark
AI14522,Deep Learning
AI14522,Git
AI14523,Kubernetes
AI14523,Mathematics
AI14523,Data Visualization
AI14523,Linux
AI14524,Kubernetes
AI14524,MLOps
AI14524,Mathematics
AI14524,Git
AI14524,SQL
AI14525,PyTorch
AI14525,Java
AI14525,Azure
AI14526,PyTorch
AI14526,TensorFlow
AI14526,NLP
AI14527,Tableau
AI14527,Linux
AI14527,Python
AI14528,TensorFlow
AI14528,Python
AI14528,SQL
AI14528,Computer Vision
AI14528,Docker
AI14529,R
AI14529,Java
AI14529,Data Visualization
AI14529,SQL
AI14530,Python
AI14530,TensorFlow
AI14530,Spark
AI14530,Computer Vision
AI14531,Spark
AI14531,Hadoop
AI14531,Scala
AI14531,Deep Learning
AI14532,R
AI14532,SQL
AI14532,Azure
AI14532,Mathematics
AI14533,Tableau
AI14533,Scala
AI14533,Deep Learning
AI14534,SQL
AI14534,Git
AI14534,Linux
AI14534,MLOps
AI14534,TensorFlow
AI14535,Scala
AI14535,Kubernetes
AI14535,Docker
AI14535,Java
AI14536,PyTorch
AI14536,Git
AI14536,Statistics
AI14536,Kubernetes
AI14536,MLOps
AI14537,PyTorch
AI14537,R
AI14537,Git
AI14538,Kubernetes
AI14538,MLOps
AI14538,Python
AI14538,Linux
AI14538,Tableau
AI14539,AWS
AI14539,Python
AI14539,Computer Vision
AI14539,Statistics
AI14540,R
AI14540,Hadoop
AI14540,TensorFlow
AI14541,Kubernetes
AI14541,PyTorch
AI14541,TensorFlow
AI14542,Data Visualization
AI14542,Python
AI14542,TensorFlow
AI14542,Azure
AI14542,AWS
AI14543,Mathematics
AI14543,Spark
AI14543,PyTorch
AI14543,TensorFlow
AI14544,Kubernetes
AI14544,Spark
AI14544,Docker
AI14545,Spark
AI14545,Hadoop
AI14545,Python
AI14546,Mathematics
AI14546,Kubernetes
AI14546,R
AI14546,Python
AI14547,Java
AI14547,PyTorch
AI14547,R
AI14547,Python
AI14548,Kubernetes
AI14548,AWS
AI14548,SQL
AI14549,Deep Learning
AI14549,Hadoop
AI14549,Kubernetes
AI14550,Spark
AI14550,Git
AI14550,SQL
AI14550,Tableau
AI14550,Hadoop
AI14551,TensorFlow
AI14551,MLOps
AI14551,SQL
AI14552,Computer Vision
AI14552,PyTorch
AI14552,Scala
AI14552,GCP
AI14552,Kubernetes
AI14553,Python
AI14553,Tableau
AI14553,TensorFlow
AI14554,Hadoop
AI14554,Git
AI14554,Python
AI14555,PyTorch
AI14555,Kubernetes
AI14555,TensorFlow
AI14556,Spark
AI14556,Python
AI14556,Git
AI14557,Hadoop
AI14557,Tableau
AI14557,Azure
AI14557,Git
AI14557,MLOps
AI14558,R
AI14558,Docker
AI14558,Azure
AI14558,Statistics
AI14558,MLOps
AI14559,Python
AI14559,Statistics
AI14559,Java
AI14560,Python
AI14560,GCP
AI14560,Hadoop
AI14560,TensorFlow
AI14560,Computer Vision
AI14561,PyTorch
AI14561,NLP
AI14561,R
AI14561,Linux
AI14561,GCP
AI14562,TensorFlow
AI14562,Spark
AI14562,Docker
AI14562,AWS
AI14562,Azure
AI14563,MLOps
AI14563,Mathematics
AI14563,Tableau
AI14564,Python
AI14564,Kubernetes
AI14564,Linux
AI14564,Deep Learning
AI14564,Computer Vision
AI14565,Git
AI14565,NLP
AI14565,Statistics
AI14565,Linux
AI14566,Mathematics
AI14566,MLOps
AI14566,Python
AI14566,Git
AI14566,Computer Vision
AI14567,Python
AI14567,Git
AI14567,Scala
AI14567,Mathematics
AI14568,Java
AI14568,GCP
AI14568,R
AI14568,Computer Vision
AI14569,Statistics
AI14569,Tableau
AI14569,SQL
AI14570,Linux
AI14570,Statistics
AI14570,PyTorch
AI14570,Deep Learning
AI14571,Hadoop
AI14571,Docker
AI14571,Statistics
AI14572,Python
AI14572,TensorFlow
AI14572,Kubernetes
AI14573,SQL
AI14573,Python
AI14573,Hadoop
AI14573,Docker
AI14573,Computer Vision
AI14574,Spark
AI14574,PyTorch
AI14574,Git
AI14574,Statistics
AI14574,Linux
AI14575,Hadoop
AI14575,Linux
AI14575,PyTorch
AI14576,Spark
AI14576,Computer Vision
AI14576,Azure
AI14577,Scala
AI14577,Deep Learning
AI14577,PyTorch
AI14577,Kubernetes
AI14578,Kubernetes
AI14578,SQL
AI14578,Tableau
AI14578,Mathematics
AI14579,Tableau
AI14579,Azure
AI14579,Spark
AI14580,Git
AI14580,Linux
AI14580,SQL
AI14581,GCP
AI14581,PyTorch
AI14581,R
AI14581,SQL
AI14582,MLOps
AI14582,Python
AI14582,TensorFlow
AI14582,Statistics
AI14582,AWS
AI14583,SQL
AI14583,GCP
AI14583,AWS
AI14584,Computer Vision
AI14584,PyTorch
AI14584,NLP
AI14585,Git
AI14585,Docker
AI14585,Python
AI14585,Data Visualization
AI14586,AWS
AI14586,NLP
AI14586,GCP
AI14587,Kubernetes
AI14587,PyTorch
AI14587,Tableau
AI14587,MLOps
AI14588,NLP
AI14588,Mathematics
AI14588,PyTorch
AI14588,MLOps
AI14589,NLP
AI14589,PyTorch
AI14589,SQL
AI14589,Scala
AI14589,Docker
AI14590,Data Visualization
AI14590,Statistics
AI14590,Tableau
AI14591,AWS
AI14591,GCP
AI14591,Python
AI14591,Computer Vision
AI14591,NLP
AI14592,TensorFlow
AI14592,Kubernetes
AI14592,Azure
AI14592,Scala
AI14593,Linux
AI14593,Statistics
AI14593,GCP
AI14593,Scala
AI14594,Spark
AI14594,TensorFlow
AI14594,Docker
AI14594,Java
AI14595,Azure
AI14595,Tableau
AI14595,Python
AI14596,R
AI14596,Scala
AI14596,Tableau
AI14596,NLP
AI14596,Java
AI14597,Statistics
AI14597,Java
AI14597,Mathematics
AI14598,Hadoop
AI14598,MLOps
AI14598,R
AI14599,NLP
AI14599,Java
AI14599,Tableau
AI14599,R
AI14599,Hadoop
AI14600,NLP
AI14600,Docker
AI14600,TensorFlow
AI14600,Java
AI14601,Git
AI14601,R
AI14601,Hadoop
AI14601,Linux
AI14602,Java
AI14602,Python
AI14602,NLP
AI14602,TensorFlow
AI14602,Scala
AI14603,Git
AI14603,Linux
AI14603,Tableau
AI14603,Computer Vision
AI14603,Deep Learning
AI14604,AWS
AI14604,TensorFlow
AI14604,Statistics
AI14604,GCP
AI14605,Kubernetes
AI14605,Scala
AI14605,AWS
AI14605,Computer Vision
AI14606,R
AI14606,Hadoop
AI14606,MLOps
AI14607,Git
AI14607,SQL
AI14607,GCP
AI14607,Deep Learning
AI14607,Computer Vision
AI14608,Data Visualization
AI14608,MLOps
AI14608,TensorFlow
AI14608,Spark
AI14609,Data Visualization
AI14609,TensorFlow
AI14609,Git
AI14609,R
AI14610,Python
AI14610,Docker
AI14610,Deep Learning
AI14610,AWS
AI14610,Linux
AI14611,Statistics
AI14611,Mathematics
AI14611,Linux
AI14612,Deep Learning
AI14612,Kubernetes
AI14612,Java
AI14612,R
AI14612,Mathematics
AI14613,Linux
AI14613,Kubernetes
AI14613,MLOps
AI14613,Spark
AI14613,Computer Vision
AI14614,Spark
AI14614,PyTorch
AI14614,Scala
AI14614,Tableau
AI14615,Deep Learning
AI14615,R
AI14615,Tableau
AI14615,Docker
AI14616,R
AI14616,AWS
AI14616,Kubernetes
AI14617,Kubernetes
AI14617,Scala
AI14617,AWS
AI14618,R
AI14618,Linux
AI14618,Java
AI14618,GCP
AI14618,Scala
AI14619,Tableau
AI14619,Kubernetes
AI14619,Docker
AI14620,R
AI14620,SQL
AI14620,GCP
AI14621,TensorFlow
AI14621,Linux
AI14621,Data Visualization
AI14621,MLOps
AI14622,Git
AI14622,Spark
AI14622,Computer Vision
AI14623,Statistics
AI14623,SQL
AI14623,Deep Learning
AI14623,Hadoop
AI14623,Python
AI14624,Kubernetes
AI14624,R
AI14624,Statistics
AI14625,Azure
AI14625,Python
AI14625,Data Visualization
AI14626,Hadoop
AI14626,Java
AI14626,NLP
AI14627,Linux
AI14627,Computer Vision
AI14627,Python
AI14627,Kubernetes
AI14628,R
AI14628,Tableau
AI14628,Kubernetes
AI14629,SQL
AI14629,Deep Learning
AI14629,Linux
AI14630,SQL
AI14630,Linux
AI14630,MLOps
AI14631,Java
AI14631,GCP
AI14631,Scala
AI14632,SQL
AI14632,AWS
AI14632,Git
AI14632,PyTorch
AI14633,Git
AI14633,TensorFlow
AI14633,R
AI14633,Kubernetes
AI14634,SQL
AI14634,Git
AI14634,Linux
AI14635,Kubernetes
AI14635,Spark
AI14635,Statistics
AI14635,Mathematics
AI14636,Hadoop
AI14636,Scala
AI14636,Data Visualization
AI14636,MLOps
AI14637,Hadoop
AI14637,Kubernetes
AI14637,Deep Learning
AI14637,R
AI14637,GCP
AI14638,Azure
AI14638,Statistics
AI14638,Java
AI14638,Scala
AI14639,Statistics
AI14639,TensorFlow
AI14639,Scala
AI14640,NLP
AI14640,Hadoop
AI14640,Data Visualization
AI14640,SQL
AI14641,Tableau
AI14641,Linux
AI14641,Java
AI14641,Azure
AI14641,R
AI14642,Mathematics
AI14642,Azure
AI14642,Kubernetes
AI14642,GCP
AI14642,Java
AI14643,Kubernetes
AI14643,Deep Learning
AI14643,Computer Vision
AI14644,Tableau
AI14644,SQL
AI14644,Deep Learning
AI14645,TensorFlow
AI14645,Hadoop
AI14645,Linux
AI14645,Computer Vision
AI14645,Deep Learning
AI14646,Git
AI14646,Java
AI14646,Spark
AI14647,MLOps
AI14647,Tableau
AI14647,SQL
AI14648,Python
AI14648,AWS
AI14648,Docker
AI14648,TensorFlow
AI14648,Computer Vision
AI14649,R
AI14649,Kubernetes
AI14649,Deep Learning
AI14650,PyTorch
AI14650,Deep Learning
AI14650,Azure
AI14650,Java
AI14651,Python
AI14651,Linux
AI14651,TensorFlow
AI14651,PyTorch
AI14652,Computer Vision
AI14652,Statistics
AI14652,PyTorch
AI14653,AWS
AI14653,Deep Learning
AI14653,Docker
AI14653,Azure
AI14654,Deep Learning
AI14654,GCP
AI14654,AWS
AI14654,PyTorch
AI14655,Mathematics
AI14655,SQL
AI14655,Docker
AI14655,Data Visualization
AI14656,Scala
AI14656,MLOps
AI14656,Computer Vision
AI14656,Tableau
AI14656,TensorFlow
AI14657,Computer Vision
AI14657,GCP
AI14657,Data Visualization
AI14657,SQL
AI14658,GCP
AI14658,PyTorch
AI14658,AWS
AI14658,Docker
AI14659,Scala
AI14659,Linux
AI14659,Mathematics
AI14660,Python
AI14660,TensorFlow
AI14660,Linux
AI14660,Computer Vision
AI14660,AWS
AI14661,Git
AI14661,MLOps
AI14661,Scala
AI14662,SQL
AI14662,R
AI14662,Java
AI14662,Spark
AI14663,Python
AI14663,TensorFlow
AI14663,GCP
AI14663,Computer Vision
AI14663,Kubernetes
AI14664,Scala
AI14664,TensorFlow
AI14664,MLOps
AI14664,Kubernetes
AI14664,Computer Vision
AI14665,Mathematics
AI14665,Spark
AI14665,R
AI14665,Scala
AI14666,Python
AI14666,Java
AI14666,Docker
AI14666,Hadoop
AI14667,Mathematics
AI14667,Python
AI14667,Hadoop
AI14667,Statistics
AI14668,Data Visualization
AI14668,Kubernetes
AI14668,Python
AI14668,GCP
AI14669,Python
AI14669,Kubernetes
AI14669,AWS
AI14670,Deep Learning
AI14670,TensorFlow
AI14670,Hadoop
AI14670,Mathematics
AI14670,Python
AI14671,Linux
AI14671,Scala
AI14671,PyTorch
AI14671,Deep Learning
AI14672,PyTorch
AI14672,Git
AI14672,R
AI14673,PyTorch
AI14673,Python
AI14673,SQL
AI14673,Spark
AI14674,Azure
AI14674,SQL
AI14674,Python
AI14674,Git
AI14675,Tableau
AI14675,SQL
AI14675,GCP
AI14675,Mathematics
AI14675,MLOps
AI14676,SQL
AI14676,Spark
AI14676,Deep Learning
AI14676,TensorFlow
AI14676,GCP
AI14677,MLOps
AI14677,Python
AI14677,NLP
AI14677,PyTorch
AI14677,Java
AI14678,GCP
AI14678,Python
AI14678,Statistics
AI14679,Java
AI14679,Azure
AI14679,Statistics
AI14679,MLOps
AI14679,Git
AI14680,Python
AI14680,TensorFlow
AI14680,Hadoop
AI14680,Azure
AI14680,Data Visualization
AI14681,Data Visualization
AI14681,Scala
AI14681,Python
AI14681,PyTorch
AI14681,GCP
AI14682,Computer Vision
AI14682,SQL
AI14682,Python
AI14682,Mathematics
AI14683,Computer Vision
AI14683,SQL
AI14683,Azure
AI14683,Git
AI14683,PyTorch
AI14684,Kubernetes
AI14684,Python
AI14684,MLOps
AI14685,SQL
AI14685,PyTorch
AI14685,Java
AI14685,Hadoop
AI14686,Scala
AI14686,PyTorch
AI14686,Docker
AI14686,Statistics
AI14686,Linux
AI14687,Data Visualization
AI14687,Statistics
AI14687,NLP
AI14688,Computer Vision
AI14688,Scala
AI14688,Statistics
AI14689,TensorFlow
AI14689,PyTorch
AI14689,GCP
AI14689,Git
AI14689,Spark
AI14690,SQL
AI14690,Mathematics
AI14690,Kubernetes
AI14690,Deep Learning
AI14691,Spark
AI14691,TensorFlow
AI14691,Python
AI14691,Data Visualization
AI14692,Statistics
AI14692,Java
AI14692,Mathematics
AI14692,R
AI14692,Spark
AI14693,Scala
AI14693,Git
AI14693,Tableau
AI14694,Kubernetes
AI14694,PyTorch
AI14694,Python
AI14694,Tableau
AI14695,Python
AI14695,Kubernetes
AI14695,Linux
AI14695,PyTorch
AI14695,TensorFlow
AI14696,TensorFlow
AI14696,Hadoop
AI14696,Data Visualization
AI14697,Python
AI14697,TensorFlow
AI14697,Java
AI14697,Scala
AI14697,Tableau
AI14698,SQL
AI14698,Hadoop
AI14698,Statistics
AI14699,Azure
AI14699,Python
AI14699,Docker
AI14699,NLP
AI14699,Spark
AI14700,R
AI14700,Kubernetes
AI14700,TensorFlow
AI14700,Java
AI14701,Kubernetes
AI14701,Tableau
AI14701,GCP
AI14701,Python
AI14701,Computer Vision
AI14702,Spark
AI14702,Linux
AI14702,Tableau
AI14702,Python
AI14703,AWS
AI14703,Kubernetes
AI14703,R
AI14703,Python
AI14704,Azure
AI14704,Data Visualization
AI14704,SQL
AI14705,TensorFlow
AI14705,MLOps
AI14705,NLP
AI14706,SQL
AI14706,Hadoop
AI14706,Git
AI14706,Computer Vision
AI14707,NLP
AI14707,Tableau
AI14707,Java
AI14707,Kubernetes
AI14708,SQL
AI14708,Tableau
AI14708,Java
AI14708,Deep Learning
AI14709,SQL
AI14709,Tableau
AI14709,Python
AI14709,Linux
AI14709,Git
AI14710,Linux
AI14710,Deep Learning
AI14710,NLP
AI14710,Git
AI14711,NLP
AI14711,Scala
AI14711,Tableau
AI14712,Python
AI14712,NLP
AI14712,Azure
AI14712,Computer Vision
AI14713,TensorFlow
AI14713,Python
AI14713,Java
AI14713,Statistics
AI14713,GCP
AI14714,Docker
AI14714,AWS
AI14714,Tableau
AI14714,Statistics
AI14714,Python
AI14715,Python
AI14715,SQL
AI14715,Hadoop
AI14715,Mathematics
AI14716,SQL
AI14716,Azure
AI14716,Python
AI14716,TensorFlow
AI14717,Kubernetes
AI14717,GCP
AI14717,Statistics
AI14717,Linux
AI14717,Spark
AI14718,GCP
AI14718,Hadoop
AI14718,Python
AI14719,GCP
AI14719,Azure
AI14719,Scala
AI14719,Hadoop
AI14719,Data Visualization
AI14720,MLOps
AI14720,Deep Learning
AI14720,Docker
AI14720,Git
AI14721,Scala
AI14721,Statistics
AI14721,PyTorch
AI14721,Mathematics
AI14721,MLOps
AI14722,Python
AI14722,TensorFlow
AI14722,Tableau
AI14723,Java
AI14723,Linux
AI14723,Scala
AI14724,Hadoop
AI14724,Statistics
AI14724,NLP
AI14724,TensorFlow
AI14725,MLOps
AI14725,Data Visualization
AI14725,R
AI14726,Mathematics
AI14726,AWS
AI14726,R
AI14726,TensorFlow
AI14726,Statistics
AI14727,R
AI14727,MLOps
AI14727,Python
AI14727,TensorFlow
AI14728,Docker
AI14728,Linux
AI14728,NLP
AI14728,R
AI14729,Kubernetes
AI14729,Linux
AI14729,Python
AI14730,AWS
AI14730,Kubernetes
AI14730,Azure
AI14731,Spark
AI14731,GCP
AI14731,Mathematics
AI14731,Scala
AI14732,Deep Learning
AI14732,PyTorch
AI14732,Spark
AI14733,Docker
AI14733,Scala
AI14733,Computer Vision
AI14733,PyTorch
AI14733,Linux
AI14734,GCP
AI14734,Deep Learning
AI14734,Spark
AI14734,NLP
AI14735,Tableau
AI14735,Linux
AI14735,Git
AI14736,R
AI14736,TensorFlow
AI14736,Git
AI14736,Python
AI14737,Spark
AI14737,Linux
AI14737,R
AI14737,Kubernetes
AI14737,NLP
AI14738,SQL
AI14738,Data Visualization
AI14738,Python
AI14738,Scala
AI14739,GCP
AI14739,Mathematics
AI14739,Computer Vision
AI14740,Python
AI14740,TensorFlow
AI14740,R
AI14741,Statistics
AI14741,R
AI14741,TensorFlow
AI14741,MLOps
AI14742,PyTorch
AI14742,Azure
AI14742,Linux
AI14743,Data Visualization
AI14743,Python
AI14743,Spark
AI14743,Scala
AI14743,TensorFlow
AI14744,Python
AI14744,Azure
AI14744,GCP
AI14744,TensorFlow
AI14745,Scala
AI14745,AWS
AI14745,Linux
AI14746,Git
AI14746,Docker
AI14746,Mathematics
AI14746,SQL
AI14747,SQL
AI14747,PyTorch
AI14747,Statistics
AI14747,Tableau
AI14748,Mathematics
AI14748,Data Visualization
AI14748,Scala
AI14749,Python
AI14749,Spark
AI14749,Java
AI14749,Data Visualization
AI14749,TensorFlow
AI14750,Kubernetes
AI14750,Linux
AI14750,TensorFlow
AI14750,SQL
AI14751,Docker
AI14751,PyTorch
AI14751,Mathematics
AI14751,Python
AI14751,SQL
AI14752,Git
AI14752,AWS
AI14752,Spark
AI14752,Computer Vision
AI14753,Git
AI14753,Hadoop
AI14753,Computer Vision
AI14754,Deep Learning
AI14754,Statistics
AI14754,Azure
AI14755,Hadoop
AI14755,Spark
AI14755,R
AI14755,PyTorch
AI14756,AWS
AI14756,Docker
AI14756,Azure
AI14756,Statistics
AI14757,Python
AI14757,Scala
AI14757,Deep Learning
AI14757,MLOps
AI14758,Docker
AI14758,Kubernetes
AI14758,AWS
AI14759,Git
AI14759,Kubernetes
AI14759,NLP
AI14759,Scala
AI14759,Statistics
AI14760,Kubernetes
AI14760,Scala
AI14760,AWS
AI14760,Computer Vision
AI14761,PyTorch
AI14761,TensorFlow
AI14761,Docker
AI14762,Deep Learning
AI14762,AWS
AI14762,Python
AI14763,R
AI14763,Python
AI14763,Computer Vision
AI14763,Spark
AI14763,GCP
AI14764,SQL
AI14764,Azure
AI14764,MLOps
AI14764,NLP
AI14765,Statistics
AI14765,Python
AI14765,Kubernetes
AI14766,Python
AI14766,Scala
AI14766,Docker
AI14767,MLOps
AI14767,GCP
AI14767,R
AI14767,SQL
AI14767,Mathematics
AI14768,Python
AI14768,Docker
AI14768,Data Visualization
AI14768,Azure
AI14769,Statistics
AI14769,GCP
AI14769,Mathematics
AI14770,R
AI14770,TensorFlow
AI14770,Deep Learning
AI14771,SQL
AI14771,NLP
AI14771,TensorFlow
AI14771,PyTorch
AI14771,Data Visualization
AI14772,PyTorch
AI14772,Git
AI14772,R
AI14772,MLOps
AI14772,Java
AI14773,Python
AI14773,Statistics
AI14773,TensorFlow
AI14773,NLP
AI14774,Python
AI14774,Linux
AI14774,Deep Learning
AI14774,NLP
AI14774,Azure
AI14775,Hadoop
AI14775,Python
AI14775,TensorFlow
AI14775,Docker
AI14776,Python
AI14776,Azure
AI14776,NLP
AI14776,Kubernetes
AI14777,Linux
AI14777,SQL
AI14777,R
AI14778,SQL
AI14778,Python
AI14778,Azure
AI14779,Tableau
AI14779,Azure
AI14779,Scala
AI14779,Hadoop
AI14779,Docker
AI14780,Java
AI14780,MLOps
AI14780,Git
AI14780,Spark
AI14780,Mathematics
AI14781,R
AI14781,Deep Learning
AI14781,MLOps
AI14782,Kubernetes
AI14782,Deep Learning
AI14782,Python
AI14782,Statistics
AI14783,Spark
AI14783,PyTorch
AI14783,Scala
AI14784,Data Visualization
AI14784,Spark
AI14784,Git
AI14784,MLOps
AI14784,SQL
AI14785,Kubernetes
AI14785,Docker
AI14785,Java
AI14786,TensorFlow
AI14786,Python
AI14786,PyTorch
AI14786,Statistics
AI14786,R
AI14787,SQL
AI14787,Hadoop
AI14787,Docker
AI14787,GCP
AI14788,SQL
AI14788,AWS
AI14788,Java
AI14788,Mathematics
AI14788,Linux
AI14789,Hadoop
AI14789,SQL
AI14789,MLOps
AI14790,PyTorch
AI14790,Spark
AI14790,Scala
AI14790,Data Visualization
AI14791,PyTorch
AI14791,GCP
AI14791,TensorFlow
AI14791,AWS
AI14791,NLP
AI14792,Hadoop
AI14792,Docker
AI14792,Data Visualization
AI14792,Scala
AI14792,Kubernetes
AI14793,Docker
AI14793,Kubernetes
AI14793,Python
AI14793,Deep Learning
AI14794,Scala
AI14794,R
AI14794,Azure
AI14795,TensorFlow
AI14795,Java
AI14795,Azure
AI14795,AWS
AI14795,SQL
AI14796,PyTorch
AI14796,AWS
AI14796,TensorFlow
AI14796,Linux
AI14797,Java
AI14797,Spark
AI14797,Statistics
AI14798,Deep Learning
AI14798,AWS
AI14798,Linux
AI14798,Statistics
AI14798,SQL
AI14799,R
AI14799,Git
AI14799,Deep Learning
AI14799,Mathematics
AI14800,Python
AI14800,Git
AI14800,Tableau
AI14800,TensorFlow
AI14800,Kubernetes
AI14801,Java
AI14801,R
AI14801,Docker
AI14801,Mathematics
AI14801,MLOps
AI14802,Kubernetes
AI14802,Computer Vision
AI14802,TensorFlow
AI14802,AWS
AI14803,Kubernetes
AI14803,Spark
AI14803,Data Visualization
AI14803,Azure
AI14803,R
AI14804,AWS
AI14804,TensorFlow
AI14804,Hadoop
AI14805,AWS
AI14805,R
AI14805,NLP
AI14805,Hadoop
AI14806,Mathematics
AI14806,SQL
AI14806,Java
AI14806,Python
AI14806,Tableau
AI14807,MLOps
AI14807,Mathematics
AI14807,Git
AI14807,Python
AI14807,Computer Vision
AI14808,Tableau
AI14808,Scala
AI14808,PyTorch
AI14809,Python
AI14809,TensorFlow
AI14809,SQL
AI14810,PyTorch
AI14810,Java
AI14810,Kubernetes
AI14811,TensorFlow
AI14811,Deep Learning
AI14811,Python
AI14812,Azure
AI14812,MLOps
AI14812,Kubernetes
AI14812,Python
AI14813,SQL
AI14813,Tableau
AI14813,GCP
AI14813,Spark
AI14814,Tableau
AI14814,GCP
AI14814,Python
AI14814,Data Visualization
AI14814,Deep Learning
AI14815,Python
AI14815,SQL
AI14815,Azure
AI14815,Linux
AI14815,Spark
AI14816,SQL
AI14816,Statistics
AI14816,NLP
AI14816,Deep Learning
AI14816,PyTorch
AI14817,Azure
AI14817,Scala
AI14817,Mathematics
AI14818,Java
AI14818,SQL
AI14818,PyTorch
AI14818,Computer Vision
AI14819,MLOps
AI14819,SQL
AI14819,Kubernetes
AI14819,Hadoop
AI14820,PyTorch
AI14820,Deep Learning
AI14820,Data Visualization
AI14820,Java
AI14821,Kubernetes
AI14821,Python
AI14821,AWS
AI14822,Tableau
AI14822,Scala
AI14822,PyTorch
AI14823,SQL
AI14823,TensorFlow
AI14823,MLOps
AI14824,Statistics
AI14824,Tableau
AI14824,SQL
AI14825,Python
AI14825,Scala
AI14825,Azure
AI14826,Java
AI14826,GCP
AI14826,Linux
AI14826,TensorFlow
AI14826,Python
AI14827,Mathematics
AI14827,NLP
AI14827,Azure
AI14828,PyTorch
AI14828,Git
AI14828,Kubernetes
AI14828,GCP
AI14828,Deep Learning
AI14829,Linux
AI14829,Docker
AI14829,TensorFlow
AI14830,Scala
AI14830,GCP
AI14830,Statistics
AI14831,Java
AI14831,Hadoop
AI14831,Scala
AI14832,Azure
AI14832,Scala
AI14832,GCP
AI14832,Java
AI14832,Spark
AI14833,Hadoop
AI14833,PyTorch
AI14833,Docker
AI14834,PyTorch
AI14834,Git
AI14834,Java
AI14834,TensorFlow
AI14835,Linux
AI14835,MLOps
AI14835,PyTorch
AI14835,TensorFlow
AI14835,Azure
AI14836,TensorFlow
AI14836,Python
AI14836,R
AI14836,Data Visualization
AI14836,Linux
AI14837,Computer Vision
AI14837,AWS
AI14837,Python
AI14838,Linux
AI14838,TensorFlow
AI14838,Mathematics
AI14838,Python
AI14839,PyTorch
AI14839,Linux
AI14839,MLOps
AI14840,NLP
AI14840,PyTorch
AI14840,Hadoop
AI14840,Python
AI14841,Python
AI14841,MLOps
AI14841,TensorFlow
AI14841,Deep Learning
AI14842,Python
AI14842,TensorFlow
AI14842,Mathematics
AI14842,PyTorch
AI14843,Git
AI14843,Hadoop
AI14843,Linux
AI14844,PyTorch
AI14844,Git
AI14844,Computer Vision
AI14844,R
AI14845,Scala
AI14845,Spark
AI14845,Deep Learning
AI14845,PyTorch
AI14845,Azure
AI14846,Computer Vision
AI14846,Java
AI14846,Mathematics
AI14846,PyTorch
AI14847,Kubernetes
AI14847,GCP
AI14847,Hadoop
AI14847,Scala
AI14847,Mathematics
AI14848,Computer Vision
AI14848,NLP
AI14848,Hadoop
AI14848,Python
AI14849,Docker
AI14849,Git
AI14849,MLOps
AI14849,NLP
AI14850,Deep Learning
AI14850,R
AI14850,Statistics
AI14850,Kubernetes
AI14850,AWS
AI14851,TensorFlow
AI14851,Azure
AI14851,SQL
AI14851,Tableau
AI14852,SQL
AI14852,Python
AI14852,PyTorch
AI14852,TensorFlow
AI14853,Spark
AI14853,Statistics
AI14853,SQL
AI14854,Kubernetes
AI14854,PyTorch
AI14854,Data Visualization
AI14855,SQL
AI14855,TensorFlow
AI14855,Computer Vision
AI14855,Deep Learning
AI14855,Python
AI14856,Scala
AI14856,AWS
AI14856,NLP
AI14856,Statistics
AI14856,R
AI14857,Git
AI14857,Linux
AI14857,Azure
AI14857,Java
AI14857,Scala
AI14858,R
AI14858,Linux
AI14858,AWS
AI14858,PyTorch
AI14858,MLOps
AI14859,Statistics
AI14859,AWS
AI14859,TensorFlow
AI14859,Azure
AI14860,MLOps
AI14860,Linux
AI14860,PyTorch
AI14860,SQL
AI14861,Scala
AI14861,Python
AI14861,Deep Learning
AI14862,Spark
AI14862,Linux
AI14862,R
AI14862,SQL
AI14863,Python
AI14863,Java
AI14863,Tableau
AI14863,Deep Learning
AI14864,MLOps
AI14864,Java
AI14864,AWS
AI14864,Kubernetes
AI14864,Docker
AI14865,Data Visualization
AI14865,Git
AI14865,PyTorch
AI14865,TensorFlow
AI14865,Deep Learning
AI14866,TensorFlow
AI14866,Tableau
AI14866,Python
AI14867,TensorFlow
AI14867,Kubernetes
AI14867,Git
AI14867,Spark
AI14868,Spark
AI14868,Linux
AI14868,Docker
AI14869,Statistics
AI14869,Computer Vision
AI14869,Linux
AI14870,Linux
AI14870,Computer Vision
AI14870,Scala
AI14870,Hadoop
AI14870,Data Visualization
AI14871,Git
AI14871,SQL
AI14871,R
AI14871,Linux
AI14872,Linux
AI14872,Spark
AI14872,Computer Vision
AI14873,Git
AI14873,Spark
AI14873,Linux
AI14874,Python
AI14874,Java
AI14874,Docker
AI14875,Spark
AI14875,Deep Learning
AI14875,Git
AI14876,PyTorch
AI14876,NLP
AI14876,GCP
AI14877,PyTorch
AI14877,R
AI14877,MLOps
AI14877,Java
AI14878,R
AI14878,Azure
AI14878,Scala
AI14879,Spark
AI14879,PyTorch
AI14879,Data Visualization
AI14879,AWS
AI14879,Mathematics
AI14880,Linux
AI14880,TensorFlow
AI14880,PyTorch
AI14880,Mathematics
AI14880,Java
AI14881,Python
AI14881,GCP
AI14881,SQL
AI14881,Docker
AI14882,Python
AI14882,TensorFlow
AI14882,MLOps
AI14883,Linux
AI14883,Python
AI14883,NLP
AI14883,TensorFlow
AI14883,Azure
AI14884,R
AI14884,MLOps
AI14884,Mathematics
AI14884,Data Visualization
AI14884,Scala
AI14885,Tableau
AI14885,Kubernetes
AI14885,Linux
AI14885,Spark
AI14886,Scala
AI14886,Python
AI14886,SQL
AI14886,Linux
AI14887,TensorFlow
AI14887,Java
AI14887,NLP
AI14887,Python
AI14888,GCP
AI14888,Hadoop
AI14888,Azure
AI14888,Python
AI14888,Java
AI14889,PyTorch
AI14889,SQL
AI14889,Kubernetes
AI14890,Deep Learning
AI14890,Python
AI14890,TensorFlow
AI14890,GCP
AI14890,MLOps
AI14891,PyTorch
AI14891,MLOps
AI14891,Linux
AI14891,Java
AI14892,TensorFlow
AI14892,SQL
AI14892,NLP
AI14892,Statistics
AI14893,Java
AI14893,Statistics
AI14893,Tableau
AI14893,Linux
AI14893,Mathematics
AI14894,GCP
AI14894,Java
AI14894,Statistics
AI14895,NLP
AI14895,Java
AI14895,Mathematics
AI14895,Scala
AI14896,Tableau
AI14896,SQL
AI14896,PyTorch
AI14896,Linux
AI14896,NLP
AI14897,Hadoop
AI14897,Deep Learning
AI14897,MLOps
AI14898,Tableau
AI14898,Python
AI14898,TensorFlow
AI14898,Linux
AI14898,PyTorch
AI14899,TensorFlow
AI14899,SQL
AI14899,Computer Vision
AI14899,Azure
AI14900,TensorFlow
AI14900,GCP
AI14900,Python
AI14900,Mathematics
AI14901,MLOps
AI14901,Python
AI14901,Kubernetes
AI14901,Scala
AI14902,Hadoop
AI14902,Linux
AI14902,Deep Learning
AI14902,Scala
AI14902,Kubernetes
AI14903,NLP
AI14903,Java
AI14903,R
AI14903,GCP
AI14904,Scala
AI14904,PyTorch
AI14904,Azure
AI14904,SQL
AI14904,TensorFlow
AI14905,Spark
AI14905,TensorFlow
AI14905,R
AI14905,AWS
AI14905,Azure
AI14906,Hadoop
AI14906,PyTorch
AI14906,Scala
AI14906,Git
AI14907,Java
AI14907,Scala
AI14907,R
AI14908,Linux
AI14908,Kubernetes
AI14908,Tableau
AI14909,Data Visualization
AI14909,SQL
AI14909,Kubernetes
AI14910,Linux
AI14910,Git
AI14910,Statistics
AI14910,Data Visualization
AI14910,NLP
AI14911,Mathematics
AI14911,Docker
AI14911,MLOps
AI14911,Computer Vision
AI14911,Deep Learning
AI14912,Hadoop
AI14912,SQL
AI14912,Mathematics
AI14912,AWS
AI14913,Linux
AI14913,Deep Learning
AI14913,Java
AI14914,Azure
AI14914,PyTorch
AI14914,Python
AI14914,Git
AI14914,Statistics
AI14915,Java
AI14915,PyTorch
AI14915,Computer Vision
AI14916,Docker
AI14916,SQL
AI14916,Statistics
AI14917,SQL
AI14917,Hadoop
AI14917,Docker
AI14917,Statistics
AI14918,TensorFlow
AI14918,GCP
AI14918,AWS
AI14918,MLOps
AI14919,Linux
AI14919,Data Visualization
AI14919,Python
AI14919,TensorFlow
AI14920,TensorFlow
AI14920,Scala
AI14920,Data Visualization
AI14920,GCP
AI14921,TensorFlow
AI14921,Computer Vision
AI14921,Python
AI14921,Kubernetes
AI14922,Statistics
AI14922,Git
AI14922,SQL
AI14923,Linux
AI14923,Spark
AI14923,Python
AI14923,SQL
AI14924,R
AI14924,Deep Learning
AI14924,Kubernetes
AI14925,Azure
AI14925,R
AI14925,Docker
AI14925,Git
AI14925,AWS
AI14926,Hadoop
AI14926,Java
AI14926,TensorFlow
AI14926,GCP
AI14927,AWS
AI14927,SQL
AI14927,Data Visualization
AI14927,Docker
AI14927,Mathematics
AI14928,Java
AI14928,TensorFlow
AI14928,Azure
AI14928,GCP
AI14928,Deep Learning
AI14929,GCP
AI14929,Statistics
AI14929,Java
AI14929,Azure
AI14929,Linux
AI14930,Scala
AI14930,TensorFlow
AI14930,MLOps
AI14931,Java
AI14931,GCP
AI14931,Data Visualization
AI14931,Linux
AI14931,Python
AI14932,R
AI14932,Java
AI14932,Kubernetes
AI14932,Scala
AI14932,Mathematics
AI14933,Python
AI14933,Git
AI14933,Mathematics
AI14933,Azure
AI14933,Computer Vision
AI14934,Tableau
AI14934,Python
AI14934,SQL
AI14934,PyTorch
AI14935,R
AI14935,Statistics
AI14935,Docker
AI14935,Deep Learning
AI14936,AWS
AI14936,Data Visualization
AI14936,Mathematics
AI14937,Hadoop
AI14937,Python
AI14937,Kubernetes
AI14937,Spark
AI14938,Data Visualization
AI14938,PyTorch
AI14938,Scala
AI14939,Spark
AI14939,Azure
AI14939,MLOps
AI14939,Kubernetes
AI14940,GCP
AI14940,SQL
AI14940,PyTorch
AI14940,R
AI14941,GCP
AI14941,SQL
AI14941,NLP
AI14941,Java
AI14941,Statistics
AI14942,Kubernetes
AI14942,GCP
AI14942,Statistics
AI14942,Tableau
AI14943,Tableau
AI14943,GCP
AI14943,Deep Learning
AI14943,Python
AI14944,Hadoop
AI14944,TensorFlow
AI14944,GCP
AI14944,Java
AI14945,AWS
AI14945,NLP
AI14945,PyTorch
AI14945,Mathematics
AI14945,MLOps
AI14946,Python
AI14946,Docker
AI14946,Azure
AI14946,Computer Vision
AI14947,Python
AI14947,Mathematics
AI14947,GCP
AI14947,Scala
AI14948,Azure
AI14948,NLP
AI14948,R
AI14948,Data Visualization
AI14949,R
AI14949,Python
AI14949,Computer Vision
AI14950,AWS
AI14950,SQL
AI14950,Spark
AI14950,Python
AI14950,Git
AI14951,PyTorch
AI14951,Data Visualization
AI14951,SQL
AI14951,TensorFlow
AI14952,GCP
AI14952,Data Visualization
AI14952,AWS
AI14953,Azure
AI14953,Computer Vision
AI14953,R
AI14953,Python
AI14954,Git
AI14954,Python
AI14954,Linux
AI14954,Hadoop
AI14955,Python
AI14955,Tableau
AI14955,Kubernetes
AI14956,Azure
AI14956,Git
AI14956,PyTorch
AI14956,TensorFlow
AI14956,Scala
AI14957,Hadoop
AI14957,SQL
AI14957,Docker
AI14957,Computer Vision
AI14958,NLP
AI14958,Mathematics
AI14958,Data Visualization
AI14959,MLOps
AI14959,Statistics
AI14959,AWS
AI14959,Data Visualization
AI14959,Deep Learning
AI14960,Spark
AI14960,Scala
AI14960,AWS
AI14961,PyTorch
AI14961,Docker
AI14961,SQL
AI14961,Java
AI14961,Deep Learning
AI14962,Computer Vision
AI14962,Scala
AI14962,Mathematics
AI14962,Kubernetes
AI14962,Tableau
AI14963,PyTorch
AI14963,TensorFlow
AI14963,Python
AI14963,SQL
AI14963,Statistics
AI14964,Hadoop
AI14964,Java
AI14964,Deep Learning
AI14965,MLOps
AI14965,Python
AI14965,Mathematics
AI14966,Kubernetes
AI14966,Spark
AI14966,AWS
AI14966,Git
AI14967,SQL
AI14967,PyTorch
AI14967,Scala
AI14967,Mathematics
AI14967,Spark
AI14968,Git
AI14968,NLP
AI14968,AWS
AI14969,Linux
AI14969,NLP
AI14969,SQL
AI14969,GCP
AI14969,R
AI14970,Tableau
AI14970,Spark
AI14970,MLOps
AI14970,Kubernetes
AI14970,Python
AI14971,Python
AI14971,SQL
AI14971,Azure
AI14971,Hadoop
AI14972,R
AI14972,Azure
AI14972,PyTorch
AI14972,Scala
AI14973,Linux
AI14973,AWS
AI14973,PyTorch
AI14973,Deep Learning
AI14973,Tableau
AI14974,SQL
AI14974,Kubernetes
AI14974,TensorFlow
AI14975,Python
AI14975,Git
AI14975,GCP
AI14975,Data Visualization
AI14976,Tableau
AI14976,Computer Vision
AI14976,Hadoop
AI14976,NLP
AI14977,Tableau
AI14977,Java
AI14977,R
AI14977,Spark
AI14978,Python
AI14978,Spark
AI14978,MLOps
AI14978,Computer Vision
AI14978,Deep Learning
AI14979,R
AI14979,Tableau
AI14979,Git
AI14979,Python
AI14979,Java
AI14980,GCP
AI14980,Git
AI14980,Mathematics
AI14981,Docker
AI14981,Git
AI14981,Deep Learning
AI14981,MLOps
AI14981,Statistics
AI14982,NLP
AI14982,Spark
AI14982,Linux
AI14983,Data Visualization
AI14983,Python
AI14983,SQL
AI14983,NLP
AI14984,PyTorch
AI14984,Scala
AI14984,Tableau
AI14984,AWS
AI14984,MLOps
AI14985,Kubernetes
AI14985,SQL
AI14985,Scala
AI14985,Statistics
AI14985,Tableau
AI14986,PyTorch
AI14986,Spark
AI14986,TensorFlow
AI14987,Docker
AI14987,Statistics
AI14987,Mathematics
AI14987,Tableau
AI14988,Data Visualization
AI14988,Mathematics
AI14988,SQL
AI14989,Git
AI14989,Azure
AI14989,Spark
AI14990,Azure
AI14990,Git
AI14990,Python
AI14990,Hadoop
AI14991,MLOps
AI14991,AWS
AI14991,Computer Vision
AI14991,Azure
AI14992,R
AI14992,GCP
AI14992,AWS
AI14992,Tableau
AI14992,TensorFlow
AI14993,Computer Vision
AI14993,Data Visualization
AI14993,R
AI14993,Hadoop
AI14993,Deep Learning
AI14994,Computer Vision
AI14994,Deep Learning
AI14994,AWS
AI14995,Data Visualization
AI14995,Spark
AI14995,Python
AI14996,Java
AI14996,Kubernetes
AI14996,Azure
AI14997,Mathematics
AI14997,Docker
AI14997,SQL
AI14997,Deep Learning
AI14998,Scala
AI14998,Spark
AI14998,NLP
AI14999,Java
AI14999,Computer Vision
AI14999,Python
AI14999,TensorFlow
AI15000,Scala
AI15000,Azure
AI15000,Deep Learning
AI15000,GCP
AI15000,Mathematics
